원천행번호,천적곤충명,학명,천적유형,대상해충,이용작물,투입시기_조건,방사량_비율,방사간격_횟수,환경_작업조건,시험효과,중지_전환조건,정량투입근거여부,정량효과근거여부,적용수준,근거등급,원문_이용방법,원문_시험결과,공식출처명,원본URL,자료상태
2,가루진디벌,Diaeretiella rapae,벌목,"무우테두리진딧물,복숭아혹진딧물","상추,배추","천적을 이용한 무테두리진딧물의 방제에서 가장 중요한 것은 천적의 선택, 방사시기, 방사수 및 작물에 미치는 영향이다 | 따라서 발견된 지점에 천적을 집중적으로 방사하여 초기에 진압하는 방법이 효과적이다 | 따라서 양배추를 비롯한 배추과 작물 재배시 무테두리진딧물 발생초기에 가루진디벌 성충을 1(진디벌):10(진딧물) 비율로 1주일 간격으로 2회 방사하면 무우테두리진딧물을 효과적으로 방제할 수 있다 | 또한 초기 발생밀도에 따라 방사수와 회수는 달라질 수 있으며, 이러한 방제방법은 봄과 가을 양배추 재배시기에 동일하게 적용할 수 있다","무우테두리진딧물에 대한 가루진디벌의 접종밀도에 따른 기생률 비교에서는 가루진디벌레에 대한 무우테두리진딧물의 밀도가 1:5, 1:10에서의 기생률이 80%, 80%로서 1:1과 1:20보다 높았다 | 진딧물에 대한 진디벌의 방사수는 일차적으로 포장에서 진딧물의 방제효과를 좌우하지만 농가에 부담을 줄 수 있는 가루진디벌 구입비를 고려한다면 1:10이 1:5보다는 실제 이용 가능성이 높다","시설 양배추 포장에서 무우테두리진딧물에 대한 가루진디벌의 방제 효과는 1회 방사 후 7일째 방제가는 66.1%, 14일째 76.0%, 21일째 64.6%, 28일째 67.2%였고, 2회 방사 후 7일째 77.7%, 14일째 85.3%, 21일째 76.3%, 28일째 79.7%로서 2회 방사구에서 방제효과가 더 높았다 | 그리고 가루진디벌 2회 방사 후 28일째까지 방제 효과가 지속되었다 | 따라서 양배추를 비롯한 배추과 작물 재배시 무테두리진딧물 발생초기에 가루진디벌 성충을 1(진디벌):10(진딧물) 비율로 1주일 간격으로 2회 방사하면 무우테두리진딧물을 효과적으로 방제할 수 있다","진디벌에 기생된 진딧물은 26℃에서 6.5일이면 잎에 고정되고 진딧물은 부풀어 올라 머미가 된다 | 알∼성충까지의 온도별 발육기간은 15℃에서는 34.2일, 20℃에서는 16.0일, 25℃에서는 11.8일, 30℃에서는 9.7일이 었다 | 온도가 높을수록 알∼성충까지의 발육기간이 조금씩 짧아졌다 | 가루진디벌을 10% 꿀물을 제공 후 온도별 수명은 15℃에서 13.3일, 20℃에서 9.0일, 25℃에서 5.3일, 30℃에서 2.1일이었다","진딧물은 거의 수컷이 없고, 교미 없이 새끼를 낳으며, 알도 낳지 않고 직접 새끼를 낳는 특징을 가지고 있어 어떤 해충보다 번식속도가 빨라 방제가 쉽지 않은 해충이다 | 배추나 양배추에 무테두리진딧물이 발생되기 시작하면 가루진디벌을 발생지점 위주로 소량씩 여러번 방사하는 것보다 다량의 천적을 적은 횟수로 방사하는 것이 효과가 높다 | 무우테두리진딧물에 대한 가루진디벌의 접종밀도에 따른 기생률 비교에서는 가루진디벌레에 대한 무우테두리진딧물의 밀도가 1:5, 1:10에서의 기생률이 80%, 80%로서 1:1과 1:20보다 높았다 | 진딧물에 대한 진디벌의 방사수는 일차적으로 포장에서 진딧물의 방제효과를 좌우하지만 농가에 부담을 줄 수 있는 가루진디벌 구입비를 고려한다면 1:10이 1:5보다는 실제 이용 가능성이 높다 | 시설 양배추 포장에서 무우테두리진딧물에 대한 가루진디벌의 방제 효과는 1회 방사 후 7일째 방제가는 66.1%, 14일째 76.0%, 21일째 64.6%, 28일째 67.2%였고, 2회 방사 후 7일째 77.7%, 14일째 85.3%, 21일째 76.3%, 28일째 79.7%로서 2회 방사구에서 방제효과가 더 높았다 | 그리고 가루진디벌 2회 방사 후 28일째까지 방제 효과가 지속되었다",,있음,있음,공식 현황 원문에 명시된 조건부 현장·시험 근거,공식 원문-조건부,"시설배추, 양배추, 케일, 유채 등 배추과 엽채류에 발생하여 피해를 주는 진딧물은 무테두리진딧물 등 3∼5종 정도이다. 천적을 이용한 무테두리진딧물의 방제에서 가장 중요한 것은 천적의 선택, 방사시기, 방사수 및 작물에 미치는 영향이다. 무테두리진딧물과 같은 같은 진딧물의 천적에는 진디벌, 진디혹파리, 진디좀벌, 무당벌레 및 풀잠자리 등이 있다. 무테두리진딧물 최근에는 흔히 찾아 볼 수 없지만, 최근 무농약, 유기농 시설 엽채류 재배농가가 늘어나면서 점점 발생이 증가하고 있다. 진딧물은 거의 수컷이 없고, 교미 없이 새끼를 낳으며, 알도 낳지 않고 직접 새끼를 낳는 특징을 가지고 있어 어떤 해충보다 번식속도가 빨라 방제가 쉽지 않은 해충이다. 이러한 이유로 진딧물 방제 이용되는 천적 또한 여러 종류가 있다. 특히, 배추과 엽채류에서 예방용으로 가루진디벌이 사용되고, 밀도가 높을 때는 무당벌레나 풀잠자리를 이용한다. 특히 우리나라에서 서식하는 가루진디벌은 무테두리진딧물에 기생력이 매우 높다.배추나 양배추에 무테두리진딧물이 발생되기 시작하면 가루진디벌을 발생지점 위주로 소량씩 여러번 방사하는 것보다 다량의 천적을 적은 횟수로 방사하는 것이 효과가 높다. 진딧물은 처음부터 온실 전체에 골고루 발생되지 않고 일부지점에 발생되어 증식이 이루어진 후 포장 전체로 퍼지게 된다. 따라서 발견된 지점에 천적을 집중적으로 방사하여 초기에 진압하는 방법이 효과적이다.","무우테두리진딧물에 대한 가루진디벌의 접종밀도에 따른 기생률 비교에서는 가루진디벌레에 대한 무우테두리진딧물의 밀도가 1:5, 1:10에서의 기생률이 80%, 80%로서 1:1과 1:20보다 높았다. 진딧물에 대한 진디벌의 방사수는 일차적으로 포장에서 진딧물의 방제효과를 좌우하지만 농가에 부담을 줄 수 있는 가루진디벌 구입비를 고려한다면 1:10이 1:5보다는 실제 이용 가능성이 높다.시설 양배추 포장에서 무우테두리진딧물에 대한 가루진디벌의 방제 효과는 1회 방사 후 7일째 방제가는 66.1%, 14일째 76.0%, 21일째 64.6%, 28일째 67.2%였고, 2회 방사 후 7일째 77.7%, 14일째 85.3%, 21일째 76.3%, 28일째 79.7%로서 2회 방사구에서 방제효과가 더 높았다. 그리고 가루진디벌 2회 방사 후 28일째까지 방제 효과가 지속되었다. 따라서 양배추를 비롯한 배추과 작물 재배시 무테두리진딧물 발생초기에 가루진디벌 성충을 1(진디벌):10(진딧물) 비율로 1주일 간격으로 2회 방사하면 무우테두리진딧물을 효과적으로 방제할 수 있다. 또한 초기 발생밀도에 따라 방사수와 회수는 달라질 수 있으며, 이러한 방제방법은 봄과 가을 양배추 재배시기에 동일하게 적용할 수 있다.",농촌진흥청 국가농작물병해충관리시스템 천적곤충현황,https://www.data.go.kr/data/15123428/fileData.do,원문 보존·명시값만 구조화
3,굴파리좀벌,Diglyphus isaea,벌목,아메리카잎굴파리,"토마토,참외,메론,오이",굴파리좀벌의 이용은 잎굴파리가 잎에 굴을 뚫고 다니기 때문에 쉽게 발견할 수 있다,"방사방법은 주 발생지점 위주로 방사하며, 방사량은 ㎡당 0.2마리 기준으로 3회 정도 방사한다","방사방법은 주 발생지점 위주로 방사하며, 방사량은 ㎡당 0.2마리 기준으로 3회 정도 방사한다","암컷 성충의 수명은 25℃에서 25.1일 정도이고, 산란에 앞서 기주곤충인 잎굴파리 유충에 독액을 주입하여 마취시켜 움직이지 못하게 한 후 유충의 옆에 또는 체표면에 하나의 알을 낳는다 | 주로 어린 잎굴파리 유충은 흡즙하여 영양을 섭취하는데, 25℃에서 일생동안 657마리를 흡즙한다 | 굴파리좀벌의 발육기간은 25℃에서 알 1.3일, 유충 4.5일, 번데기 6.5일로 한 세대가 경과하는데 12.1일이 걸린다",,,있음,없음,공식 현황 원문에 명시된 조건부 현장·시험 근거,공식 원문-조건부,"굴파리좀벌의 이용은 잎굴파리가 잎에 굴을 뚫고 다니기 때문에 쉽게 발견할 수 있다. 잎굴파리의 발생량이 많지 않으면 천적을 방사하지 말고 주기적으로 발생량이 많아지는지를 살펴야 한다. 대체로 처음 발생은 되지만 시간이 지나면서 자생 기생봉에 의해 기생되어 없어지는 경우가 많다. 만약 잎굴파리 발생밀도가 증가하여 피해가 우려될 때는 굴파리좀벌을 방사한다. 방사방법은 주 발생지점 위주로 방사하며, 방사량은 ㎡당 0.2마리 기준으로 3회 정도 방사한다. 그러나 6월부터 10월까지 야외에 서식하는 자생 기생봉들이 많아 이 시기에 발생하는 잎굴파리들은 대부분 자생천적에 의해 자연 기생되는 경우가 많다. 지금까지 고추에서 잎굴파리가 대발생한 경우는 거의 없다.",,농촌진흥청 국가농작물병해충관리시스템 천적곤충현황,https://www.data.go.kr/data/15123428/fileData.do,원문 보존·명시값만 구조화
4,굼벵이병원선충,Heterorhabditis bacteriophora,원충목,"배추좀나방,벼룩잎벌레,벼잎벌레","배추,상추",,"배추, 쌈추, 적겨자에서 좁은가슴잎벌레 유충이 주당 0.3∼1.3마리 발생시 굼벵이병원선충을 330㎡ 당 3.3×107마리 농도를 100ℓ 물과 희석하여 3일 간격으로 3회 살포한다","배추, 쌈추, 적겨자에서 좁은가슴잎벌레 유충이 주당 0.3∼1.3마리 발생시 굼벵이병원선충을 330㎡ 당 3.3×107마리 농도를 100ℓ 물과 희석하여 3일 간격으로 3회 살포한다 | 3회 살포 후 3주 후 좁은가슴잎벌레 유충이 다시 발생하기 때문에 선충을 다시 살포하되 유충수를 예찰하여 1∼3회 살포하며 작기가 끝날 때까지 예찰과 처리를 반복한다 | 좁은가슴잎벌레는 발생하는 곳만 매년 반복하여 발생하기 때문에 작물을 정식하기 전 미리 굼벵이병원선충이나 나방병원선충을 처리하는 것도 좋다","즉 적용하고자 하는 포장에서 발생하고 있는 해충과 발육 단계, 자외선, 습도, 분무 압력 및 필터 여부 등을 염두해 두어야 한다 | 자연 상태에서 굼벵이병원선충은 토양 속에서 서식하던 천적이기 때문에 햇빛의 자외선에 매우 약하다 | 1시간 이상 자외선에 직접 노출될 경우 대부분 죽거나 병원성이 감소하게 된다 | 그러므로 살포하는 시기를 자외선이 약하거나 없는 해질 무렵에 하는 것이 좋다 | 굼벵이병원선충은 살포 후 수분을 따라 이동하며 선충 표면의 물기가 마르면 쉽게 죽는다 | 토양에 살포할 때는 살포하기 전·후 관수를 해주어 토양 수분이 충분하도록 하는 것이 좋다 | 건조 속도를 늦추기 위해 햇빛이 없는 시기에 살포하거나 온실 안에 상대습도를 높게 유지해 주는 것도 좋다 | 이러한 분무기를 사용할 때는 반드시 압력을 낮추어야 한다 | 2.0kgf/㎠ 이하의 압력으로 살포하여야만 안정적으로 선충을 사용할 수 있다 | 2.0∼2.5kgf/㎠ 이상의 압력이 강할 경우, 선충에 좋지 않은 영향을 준다 | 안개 노즐의 경우 구멍이 너무 작기 때문에(0.5mm 이하) 선충이 빠져나가지 못할 수 있다 | 노즐 내부 또는 분무기 내부에 미세한 필터 장치가 있으므로 반드시 필터를 제거해야만 한다 | 굼벵이병원선충의 해충에 대한 병원성이 가장 높은 온도는 22∼28℃이며, 병원성 발현온도는 13∼35℃이다",,,있음,없음,공식 현황 원문에 명시된 조건부 현장·시험 근거,공식 원문-조건부,"굼벵이병원선충의 이용은 나방병원선충과 동일하낟. 즉 적용하고자 하는 포장에서 발생하고 있는 해충과 발육 단계, 자외선, 습도, 분무 압력 및 필터 여부 등을 염두해 두어야 한다. 자연 상태에서 굼벵이병원선충은 토양 속에서 서식하던 천적이기 때문에 햇빛의 자외선에 매우 약하다. 1시간 이상 자외선에 직접 노출될 경우 대부분 죽거나 병원성이 감소하게 된다. 그러므로 살포하는 시기를 자외선이 약하거나 없는 해질 무렵에 하는 것이 좋다. 또한 흐리거나, 비가오는 날에 살포해도 좋다. 굼벵이병원선충은 살포 후 수분을 따라 이동하며 선충 표면의 물기가 마르면 쉽게 죽는다. 토양에 살포할 때는 살포하기 전·후 관수를 해주어 토양 수분이 충분하도록 하는 것이 좋다. 작물체의 잎에 살포할 때는 잎에 골고루 묻을 수 있도록 하며, 쉽게 건조해지지 않게 살포해주는 것이 좋다. 건조 속도를 늦추기 위해 햇빛이 없는 시기에 살포하거나 온실 안에 상대습도를 높게 유지해 주는 것도 좋다. 또한 살포 물량의 평소의 1.5배 정도 많이 살포하는 것도 골고루 살포하는 방법이다. 농가에서 가장 많이 사용하는 분무기는 피스톤식 농용동력 분무기, 무인 방제기 등이 있다. 이러한 분무기를 사용할 때는 반드시 압력을 낮추어야 한다. 2.0kgf/㎠ 이하의 압력으로 살포하여야만 안정적으로 선충을 사용할 수 있다. 2.0∼2.5kgf/㎠ 이상의 압력이 강할 경우, 선충에 좋지 않은 영향을 준다. 안개 노즐의 경우 구멍이 너무 작기 때문에(0.5mm 이하) 선충이 빠져나가지 못할 수 있다. 지름 0.5mm 이상으로 교체해야 한다. 노즐 내부 또는 분무기 내부에 미세한 필터 장치가 있으므로 반드시 필터를 제거해야만 한다. 제거하지 않으면 필터에 선충이 걸린다.","배추, 쌈추, 적겨자에서 좁은가슴잎벌레 유충이 주당 0.3∼1.3마리 발생시 굼벵이병원선충을 330㎡ 당 3.3×107마리 농도를 100ℓ 물과 희석하여 3일 간격으로 3회 살포한다. 3회 살포 후 3주 후 좁은가슴잎벌레 유충이 다시 발생하기 때문에 선충을 다시 살포하되 유충수를 예찰하여 1∼3회 살포하며 작기가 끝날 때까지 예찰과 처리를 반복한다. 선충 처리는 해뜨기 전후와 해질 녁 전후 그리고 날씨가 흐린 날 뿌리는 것이 효과적이다. 좁은가슴잎벌레는 발생하는 곳만 매년 반복하여 발생하기 때문에 작물을 정식하기 전 미리 굼벵이병원선충이나 나방병원선충을 처리하는 것도 좋다.",농촌진흥청 국가농작물병해충관리시스템 천적곤충현황,https://www.data.go.kr/data/15123428/fileData.do,원문 보존·명시값만 구조화
5,긴털이리응애,Amblyseius womersleyi,응애,"차응애,점박이응애","사과,배",,,,"산란중 기간은 15℃에서 35.8일이나 20℃에서는 20.7일로 단축되었으며, 25℃와 30℃에서는 각각 11.8일과 11.1일로 큰 차이가 없다 | 암컷성충의 수명은 15, 20, 25, 30℃에서 각각 70.6, 42.8, 29.0, 26.7일 정도 된다 | 각 온도별 암컷성충의 산란수는 15℃에서 21.7개, 20℃에서 28.1개, 25℃에서 34.2개, 30℃에서는 48.0개로 고온일수록 산란수가 많아졌다(표2).포식성 천적의 대상 해충에 대한 포식능력은 그 천적의 유용성을 측정하는 한가지 척도인데 긴털이리응애의 산란 암컷성충을 대상으로 하였을때 15℃와 20℃에서는 각각 3.0, 4.9개의 난을 포식하였으나 25℃와 30℃에서는 각각 15.7, 19.4개의 차응애 난을 포식하여, 온도에 따른 1일 포식량에 큰 차이가 있으며 고온일수록 포식량이 많아졌다 | 또한 포식량이 가장 많은 30℃에서 각 발육 단계별 포식량을 보면, 전약충, 후약충, 산란후기간에 각각 4.6, 6.3, 6.8개의 난을 포식하였으나, 산란기간 중에는 19.4개로 월등히 많은 포식량을 나타냈다(표3). | 이러한 포식능력에 대한 결과와 각 온도에서의 평균 산란수를 연관시켜 보면 15-30℃의 범위 내에서는 포식량이 많아지면 산란수도 많아져서 거의 같은 증가양상을 보이므로 포식량과 산란수는 아주 높은 관계가 있는 것으로 생각된다 | 긴털이리응애의 발육기간은 표 1에서와 같이 20℃에서 보다 30℃에서 발육기간이 반으로 줄어드는 것을 알 수 있다 | 또한 25℃에서 하루 평균 11개의 점박이응애의 알을 포식한다고 하였다","긴털이리응애는 크기가 칠레이리응애에 비해 작고, 활동성이 떨어지므로 높은 밀도에서는 방제효과가 상대적으로 떨어진다",,없음,있음,공식 현황 원문에 명시된 조건부 현장·시험 근거,공식 원문-조건부,"긴털이리응애는 크기가 칠레이리응애에 비해 작고, 활동성이 떨어지므로 높은 밀도에서는 방제효과가 상대적으로 떨어진다. 잎응애류의 밀도가 낮을 경우에 방사하여 정착을 시키고, 저독성 농약을 선발하여 살포하면서 보호한다면, 노지 과수류의 점박이응애 밀도가 올라가는 것을 막는데 좋은 천적인자가 될 것이다.","산란중 기간은 15℃에서 35.8일이나 20℃에서는 20.7일로 단축되었으며, 25℃와 30℃에서는 각각 11.8일과 11.1일로 큰 차이가 없다. 암컷성충의 수명은 15, 20, 25, 30℃에서 각각 70.6, 42.8, 29.0, 26.7일 정도 된다. 각 온도별 암컷성충의 산란수는 15℃에서 21.7개, 20℃에서 28.1개, 25℃에서 34.2개, 30℃에서는 48.0개로 고온일수록 산란수가 많아졌다(표2).포식성 천적의 대상 해충에 대한 포식능력은 그 천적의 유용성을 측정하는 한가지 척도인데 긴털이리응애의 산란 암컷성충을 대상으로 하였을때 15℃와 20℃에서는 각각 3.0, 4.9개의 난을 포식하였으나 25℃와 30℃에서는 각각 15.7, 19.4개의 차응애 난을 포식하여, 온도에 따른 1일 포식량에 큰 차이가 있으며 고온일수록 포식량이 많아졌다. 또한 포식량이 가장 많은 30℃에서 각 발육 단계별 포식량을 보면, 전약충, 후약충, 산란후기간에 각각 4.6, 6.3, 6.8개의 난을 포식하였으나, 산란기간 중에는 19.4개로 월등히 많은 포식량을 나타냈다(표3). 이러한 포식능력에 대한 결과와 각 온도에서의 평균 산란수를 연관시켜 보면 15-30℃의 범위 내에서는 포식량이 많아지면 산란수도 많아져서 거의 같은 증가양상을 보이므로 포식량과 산란수는 아주 높은 관계가 있는 것으로 생각된다.",농촌진흥청 국가농작물병해충관리시스템 천적곤충현황,https://www.data.go.kr/data/15123428/fileData.do,원문 보존·명시값만 구조화
6,깍지무당벌레,Cryptolaemus montrouzieri,딱정벌레목,"귤가루깍지벌레,가루깍지벌레",감귤,,"일반적으로 시설하우스에서는 깍지벌레 발생 식물 당 5마리 또는 m2당 2∼5마리를 방사하는 것이 적당하다 | 노지작물에서는 ha당 1250∼12500마리, 과수원에서는 ha당 2500∼5000마리 정도를 방사하는 것이 좋다","깍지벌레의 개체군밀도가 낮을 때에는 반복적으로 방사하는 것이 바람직하다 | 겨울철 시설하우스에서 깍지벌레의 밀도가 낮은 수준으로 계속 유지된다면, 반복적으로 방사하는 것을 고려해야 한다","가루깍지벌레는 알, 3단계의 유충, 번데기, 성충의 과정을 거치며, 알에서 성충이 되기까지의 기간은 27℃에서 약 31∼45일이다",,,있음,없음,공식 현황 원문에 명시된 조건부 현장·시험 근거,공식 원문-조건부,"깍지무당벌레는 깍지벌레의 밀도가 높을 때 가장 효과적인 천적이다.깍지벌레의 개체군밀도가 낮을 때에는 반복적으로 방사하는 것이 바람직하다. 일반적으로 시설하우스에서는 깍지벌레 발생 식물 당 5마리 또는 m2당 2∼5마리를 방사하는 것이 적당하다. 노지작물에서는 ha당 1250∼12500마리, 과수원에서는 ha당 2500∼5000마리 정도를 방사하는 것이 좋다. 이른 아침과 늦은 저녁에 방사하고 밝은 색상의 옷에 유인되므로 밝은 색상의 옷을 입는 것을 피하는 것이 좋다. 겨울철 시설하우스에서 깍지벌레의 밀도가 낮은 수준으로 계속 유지된다면, 반복적으로 방사하는 것을 고려해야 한다.",,농촌진흥청 국가농작물병해충관리시스템 천적곤충현황,https://www.data.go.kr/data/15123428/fileData.do,원문 보존·명시값만 구조화
7,꼬마남생이무당벌레,Propylea japonica,딱정벌레목,"싸리수염진딧물,복숭아혹진딧물,감자수염진딧물,목화진딧물","고추,파프리카,오이",그림 1은 시설오이에서 꼬마남생무당벌레 유충의 방사시기와 방사량에 따른 목화진딧물에 대한 방제효과이다 | 이와같이 목화진딧물의 발생초기에 꼬마남생이무당벌레를 방사하면 목화진딧물의 밀도조절과 피해를 상당히 줄일 수 있다 | 그림 2은 시설오이에서 꼬마남생무당벌레 유충의 방사시기와 방사량에 따른 싸리수염진딧물에 대한 방제효과이다,2010년 시설오이에서 목화진딧물을 방제하기 위하여 4월 19일 오이 주당 진딧물이 10마리 내외로 발생하였을 때 꼬마남생이무당벌레 유충을 ㎡ 당 0.4마리 밀도로 7∼10일 간격으로 3회 방사한 결과 작기가 끝날 때까지 오이 주당 목화진딧물 밀도가 15마리 이내로 지속되었다 | 촉성(1월∼2월) 혹은 반촉성 시설오이(2월∼4월)를 정식 한 후 50엽당 싸리수염진딧물이 200∼300마리가 발생하였을 때 꼬마남생이무당벌레를 ㎡ 당 0.2마리 밀도로 12∼14일 간격으로 2회 방사하여 싸리수염진딧물을 방제하였다,2010년 시설오이에서 목화진딧물을 방제하기 위하여 4월 19일 오이 주당 진딧물이 10마리 내외로 발생하였을 때 꼬마남생이무당벌레 유충을 ㎡ 당 0.4마리 밀도로 7∼10일 간격으로 3회 방사한 결과 작기가 끝날 때까지 오이 주당 목화진딧물 밀도가 15마리 이내로 지속되었다 | 촉성(1월∼2월) 혹은 반촉성 시설오이(2월∼4월)를 정식 한 후 50엽당 싸리수염진딧물이 200∼300마리가 발생하였을 때 꼬마남생이무당벌레를 ㎡ 당 0.2마리 밀도로 12∼14일 간격으로 2회 방사하여 싸리수염진딧물을 방제하였다,"다만 하루에 포식하는 양을 보면 꼬마남생이무당벌레 1령, 2령, 3령, 4령, 수컷 성충, 암컷 성충이 25℃에서 목화진딧물을 각각 15.0마리, 20.4마리, 78.3마리, 100.6마리, 117.0마리, 131.3마리를 포식한다 | 꼬마남생이무당벌레 1령, 2령, 3령 유충은 25℃에서 복숭아혹진딧물을 1일에 각각 2.7. | 반면 온도가 높으면 사라지는 무당벌레에 비하여 꼬마남생이무당벌레는 온도가 높아져도 이용할 수 있다 | 알 기간 25℃에서 3.3일, 유충 기간 11일, 번데기 기간 4일이다","진딧물의 발생이 넓은 면적이 분산되어 있는 경우는 꼬마남생이무당벌레가 먹이를 찾아 가는데 시간이 많이 소요되므로 방제 효과가 떨어진다 | 그림 1은 시설오이에서 꼬마남생무당벌레 유충의 방사시기와 방사량에 따른 목화진딧물에 대한 방제효과이다 | 그림 2은 시설오이에서 꼬마남생무당벌레 유충의 방사시기와 방사량에 따른 싸리수염진딧물에 대한 방제효과이다 | 무당벌레가 여름에 밀도가 급격히 감소하지만, 꼬마남생이무당벌레는 봄에서 가을까지 활발하게 활동한다",,있음,있음,공식 현황 원문에 명시된 조건부 현장·시험 근거,공식 원문-조건부,"꼬마남생이무당벌레도 무당벌레나 칠성무당벌레와 같이 약충과 성충 모두 진딧물을 포식하며, 수명이 너무 길어 생존기간 동안 포식량을 조사한 결과는 찾을 수가 없다. 다만 하루에 포식하는 양을 보면 꼬마남생이무당벌레 1령, 2령, 3령, 4령, 수컷 성충, 암컷 성충이 25℃에서 목화진딧물을 각각 15.0마리, 20.4마리, 78.3마리, 100.6마리, 117.0마리, 131.3마리를 포식한다. 꼬마남생이무당벌레 1령, 2령, 3령 유충은 25℃에서 복숭아혹진딧물을 1일에 각각 2.7. 5.1, 6.6, 13.7마리를 포식한다. 이러한 포식력에도 꼬마남생이무당벌레가 진딧물 천적으로 시설재배지에서 잘 이용하지 않는 것은 먹이가 없으면 외부로 이탈하여 정착하는 능력이 떨어지고, 진디벌에 비하여 이동과 기주 탐색력이 낮기 때문이다. 반면 온도가 높으면 사라지는 무당벌레에 비하여 꼬마남생이무당벌레는 온도가 높아져도 이용할 수 있다. 오이에서 꼬마남생이무당벌레 이용은 주로 봄과 가을에 발생하는 목화진딧물을 대상으로 하는데, 목화진딧물이 몇몇 오이의 신초에 발생할 때 예방 및 방제의 목적으로 할 경우 이용한다. 진딧물의 발생이 넓은 면적이 분산되어 있는 경우는 꼬마남생이무당벌레가 먹이를 찾아 가는데 시간이 많이 소요되므로 방제 효과가 떨어진다. 이럴 경우 이동력이 좋은 진디벌을 사용하는 것이 효과적이다. 꼬마남생이무당벌레의 방사는 가능한 성충보다는 유충으로 방사해야 시설 밖으로 이탈하는 것을 줄일 수 있다.","그림 1은 시설오이에서 꼬마남생무당벌레 유충의 방사시기와 방사량에 따른 목화진딧물에 대한 방제효과이다. 2010년 시설오이에서 목화진딧물을 방제하기 위하여 4월 19일 오이 주당 진딧물이 10마리 내외로 발생하였을 때 꼬마남생이무당벌레 유충을 ㎡ 당 0.4마리 밀도로 7∼10일 간격으로 3회 방사한 결과 작기가 끝날 때까지 오이 주당 목화진딧물 밀도가 15마리 이내로 지속되었다. 이와같이 목화진딧물의 발생초기에 꼬마남생이무당벌레를 방사하면 목화진딧물의 밀도조절과 피해를 상당히 줄일 수 있다. 그림 2은 시설오이에서 꼬마남생무당벌레 유충의 방사시기와 방사량에 따른 싸리수염진딧물에 대한 방제효과이다.촉성(1월∼2월) 혹은 반촉성 시설오이(2월∼4월)를 정식 한 후 50엽당 싸리수염진딧물이 200∼300마리가 발생하였을 때 꼬마남생이무당벌레를 ㎡ 당 0.2마리 밀도로 12∼14일 간격으로 2회 방사하여 싸리수염진딧물을 방제하였다. 싸리수염진딧물은 저온성 진딧물로 오이에서는 12월부터 이듬해 5월까지 발생하며 특히, 오이의 하엽에 집중적으로 발생하기 때문에 꼬마남생이무당벌레를 싸리수염진딧물이 발생하는 초기는 물론이고 발생밀도가 많아도 빠른 시간내에 밀도를 낮출 수 있다.",농촌진흥청 국가농작물병해충관리시스템 천적곤충현황,https://www.data.go.kr/data/15123428/fileData.do,원문 보존·명시값만 구조화
8,나방병원선충,Steinernema carpocapsae,원충목,"배추좀나방,작은뿌리파리,담배거세미나방,벼룩잎벌레,벼잎벌레","배추,상추","즉, 담배거세미나방과 파밤나방은 배추좀나방이나 기타 나비나방류보다 더 많은 선충의 살포를 요구하였지만 대체로 모든 나비나방류 방제에 필요한 선충 살포량은 발생초기의 유충 밀도에 따라 330㎡ 1.1×107∼3.3×107 마리 농도로 100ℓ 물과 희석하여 3일간격으로 2∼3회 살포한 후 초기 밀도를 낮추고 2∼3주후 유충 밀도가 다시 증가하면 7일간격으로 반복하여 살포하면 엽채류의 종류와 작기에 관계없이 나비나방류를 효과적으로 방제할 수 있다 | 목화바둑명나방을 방제하기 위해서는 우선 페로몬 트랩을 이용 목화바둑명나방의 성충 발생초기를 예찰하면 친환경 방제효과를 높일 수 있다","즉, 담배거세미나방과 파밤나방은 배추좀나방이나 기타 나비나방류보다 더 많은 선충의 살포를 요구하였지만 대체로 모든 나비나방류 방제에 필요한 선충 살포량은 발생초기의 유충 밀도에 따라 330㎡ 1.1×107∼3.3×107 마리 농도로 100ℓ 물과 희석하여 3일간격으로 2∼3회 살포한 후 초기 밀도를 낮추고 2∼3주후 유충 밀도가 다시 증가하면 7일간격으로 반복하여 살포하면 엽채류의 종류와 작기에 관계없이 나비나방류를 효과적으로 방제할 수 있다 | 수박이나 오이에서 목화바둑명나방이 발생하는 초기(50엽당 5마리 이내로 발생)에 나방병원선충을 m2당 3만마리(300평/1.5팩) 밀도로 물과 희석하여 1회 살포한다 | 그리고 나방병원선충 1차 살포 후 지속적인 예찰을 통하여 50엽 당 목화바둑명나방 유충이 10마리 내외의 밀도가 관찰되면 나방병원선충을 m2당 3만마리 밀도로 7일 간격으로 2회 살포하면 85% 이상의 밀도 억제 효과가 있다 | 나방병원선충을 1회 살포한 후 발생밀도의 변화를 예찰하지 못해 50엽당 20마리 이상이 발생하였을 경우 목화바둑명나방 유충이 10마리 내외 일 때의 곤충병원성 선충 살포농도 보다 2배 농도로 물과 희석하여 7일 간격으로 2회 살포하면 효과적이다","즉, 담배거세미나방과 파밤나방은 배추좀나방이나 기타 나비나방류보다 더 많은 선충의 살포를 요구하였지만 대체로 모든 나비나방류 방제에 필요한 선충 살포량은 발생초기의 유충 밀도에 따라 330㎡ 1.1×107∼3.3×107 마리 농도로 100ℓ 물과 희석하여 3일간격으로 2∼3회 살포한 후 초기 밀도를 낮추고 2∼3주후 유충 밀도가 다시 증가하면 7일간격으로 반복하여 살포하면 엽채류의 종류와 작기에 관계없이 나비나방류를 효과적으로 방제할 수 있다 | 수박이나 오이에서 목화바둑명나방이 발생하는 초기(50엽당 5마리 이내로 발생)에 나방병원선충을 m2당 3만마리(300평/1.5팩) 밀도로 물과 희석하여 1회 살포한다 | 그리고 나방병원선충 1차 살포 후 지속적인 예찰을 통하여 50엽 당 목화바둑명나방 유충이 10마리 내외의 밀도가 관찰되면 나방병원선충을 m2당 3만마리 밀도로 7일 간격으로 2회 살포하면 85% 이상의 밀도 억제 효과가 있다 | 나방병원선충을 1회 살포한 후 발생밀도의 변화를 예찰하지 못해 50엽당 20마리 이상이 발생하였을 경우 목화바둑명나방 유충이 10마리 내외 일 때의 곤충병원성 선충 살포농도 보다 2배 농도로 물과 희석하여 7일 간격으로 2회 살포하면 효과적이다","나방병원선충을 이용할 때는 적용하고자 하는 포장에서 발생하고 있는 해충과 발육 단계, 자외선, 습도, 분무 압력 및 필터 여부 등을 염두해 두어야 한다 | 자연 상태에서 나방병원선충을 비롯한 모든 곤충병원성 선충은 토양 속에서 서식하던 천적이기 때문에 햇빛의 자외선에 매우 약하다 | 1시간 이상 자외선에 직접 노출될 경우 대부분 죽거나 병원성이 감소하게 된다 | 그러므로 살포하는 시기를 자외선이 약하거나 없는 해질 무렵에 하는 것이 좋다 | 나방병원선충은 살포 후 수분을 따라 이동하며 선충 표면의 물기가 마르면 쉽게 죽는다 | 토양에 살포할 때는 살포하기 전·후 관수를 해주어 토양 수분이 충분하도록 하는 것이 좋다 | 건조 속도를 늦추기 위해 햇빛이 없는 시기에 살포하거나 온실 안에 상대습도를 높게 유지해 주는 것도 좋다 | 이러한 분무기를 사용할 때는 반드시 압력을 낮추어야 한다 | 2.0kgf/㎠ 이하의 압력으로 살포하여야만 안정적으로 선충을 사용할 수 있다 | 2.0∼2.5kgf/㎠ 이상의 압력이 강할 경우, 선충에 좋지 않은 영향을 준다 | 안개 노즐의 경우 구멍이 너무 작기 때문에(0.5mm 이하) 선충이 빠져나가지 못할 수 있다 | 노즐 내부 또는 분무기 내부에 미세한 필터 장치가 있으므로 반드시 필터를 제거해야만 한다 | 양액재배지에서 뿌리파리류를 방제하기 위해 점적관수 시설을 이용하여 선충을 보내지 말아야 한다 | 나방병원선충의 해충에 대한 병원성이 가장 높은 온도는 22∼28℃이며, 병원성 발현온도는 13∼35℃이다",목화바둑명나방을 방제하기 위해서는 우선 페로몬 트랩을 이용 목화바둑명나방의 성충 발생초기를 예찰하면 친환경 방제효과를 높일 수 있다 | 그리고 나방병원선충 1차 살포 후 지속적인 예찰을 통하여 50엽 당 목화바둑명나방 유충이 10마리 내외의 밀도가 관찰되면 나방병원선충을 m2당 3만마리 밀도로 7일 간격으로 2회 살포하면 85% 이상의 밀도 억제 효과가 있다,,있음,있음,공식 현황 원문에 명시된 조건부 현장·시험 근거,공식 원문-조건부,"나방병원선충을 이용할 때는 적용하고자 하는 포장에서 발생하고 있는 해충과 발육 단계, 자외선, 습도, 분무 압력 및 필터 여부 등을 염두해 두어야 한다. 자연 상태에서 나방병원선충을 비롯한 모든 곤충병원성 선충은 토양 속에서 서식하던 천적이기 때문에 햇빛의 자외선에 매우 약하다. 1시간 이상 자외선에 직접 노출될 경우 대부분 죽거나 병원성이 감소하게 된다. 그러므로 살포하는 시기를 자외선이 약하거나 없는 해질 무렵에 하는 것이 좋다. 또한 흐리거나, 비가오는 날에 살포해도 좋다. 나방병원선충은 살포 후 수분을 따라 이동하며 선충 표면의 물기가 마르면 쉽게 죽는다. 토양에 살포할 때는 살포하기 전·후 관수를 해주어 토양 수분이 충분하도록 하는 것이 좋다. 작물체의 잎에 살포할 때는 잎에 골고루 묻을 수 있도록 하며, 쉽게 건조해지지 않게 살포해주는 것이 좋다. 건조 속도를 늦추기 위해 햇빛이 없는 시기에 살포하거나 온실 안에 상대습도를 높게 유지해 주는 것도 좋다. 또한 살포 물량의 평소의 1.5배 정도 많이 살포하는 것도 골고루 살포하는 방법이다.농가에서 가장 많이 사용하는 분무기는 피스톤식 농용동력 분무기, 무인 방제기 등이 있다. 이러한 분무기를 사용할 때는 반드시 압력을 낮추어야 한다. 2.0kgf/㎠ 이하의 압력으로 살포하여야만 안정적으로 선충을 사용할 수 있다. 2.0∼2.5kgf/㎠ 이상의 압력이 강할 경우, 선충에 좋지 않은 영향을 준다. 안개 노즐의 경우 구멍이 너무 작기 때문에(0.5mm 이하) 선충이 빠져나가지 못할 수 있다. 지름 0.5mm 이상으로 교체해야 한다. 노즐 내부 또는 분무기 내부에 미세한 필터 장치가 있으므로 반드시 필터를 제거해야만 한다. 제거하지 않으면 필터에 선충이 걸린다. 양액재배지에서 뿌리파리류를 방제하기 위해 점적관수 시설을 이용하여 선충을 보내지 말아야 한다. 점적 구멍이 너무 작고 살포액의 흐름이 느려 먼 곳에서 이동되는 동안 점적호스 바닥으로 가라않을 가능성이 높다.","주요 시설 엽채류인 배추, 양배추, 케일, 적겨자, 잎브로콜리, 근대에서 문제가 되었던 배추좀나방, 흰띠명나방, 도둑나방, 담배거세미나방, 파밤나방, 검은은무늬밤나방 및 배추흰나비는 엽채류의 종류와 작기에 따라 발생시기와 밀도에 차이가 있다. 또한 나비나방류의 종에 따라 곤충병원성 선충의 병원성도 차이가 있다. 즉, 담배거세미나방과 파밤나방은 배추좀나방이나 기타 나비나방류보다 더 많은 선충의 살포를 요구하였지만 대체로 모든 나비나방류 방제에 필요한 선충 살포량은 발생초기의 유충 밀도에 따라 330㎡ 1.1×107∼3.3×107 마리 농도로 100ℓ 물과 희석하여 3일간격으로 2∼3회 살포한 후 초기 밀도를 낮추고 2∼3주후 유충 밀도가 다시 증가하면 7일간격으로 반복하여 살포하면 엽채류의 종류와 작기에 관계없이 나비나방류를 효과적으로 방제할 수 있다.목화바둑명나방을 방제하기 위해서는 우선 페로몬 트랩을 이용 목화바둑명나방의 성충 발생초기를 예찰하면 친환경 방제효과를 높일 수 있다. 페로몬 트랩은 330㎡ 당 2개를 설치하면 적정하다. 수박이나 오이에서 목화바둑명나방이 발생하는 초기(50엽당 5마리 이내로 발생)에 나방병원선충을 m2당 3만마리(300평/1.5팩) 밀도로 물과 희석하여 1회 살포한다. 그리고 나방병원선충 1차 살포 후 지속적인 예찰을 통하여 50엽 당 목화바둑명나방 유충이 10마리 내외의 밀도가 관찰되면 나방병원선충을 m2당 3만마리 밀도로 7일 간격으로 2회 살포하면 85% 이상의 밀도 억제 효과가 있다. 나방병원선충을 1회 살포한 후 발생밀도의 변화를 예찰하지 못해 50엽당 20마리 이상이 발생하였을 경우 목화바둑명나방 유충이 10마리 내외 일 때의 곤충병원성 선충 살포농도 보다 2배 농도로 물과 희석하여 7일 간격으로 2회 살포하면 효과적이다.",농촌진흥청 국가농작물병해충관리시스템 천적곤충현황,https://www.data.go.kr/data/15123428/fileData.do,원문 보존·명시값만 구조화
9,담배장님노린재,Nesidiocoris tenuis,노린재목,"온실가루이,담배가루이","토마토,참외,가지,수박,파프리카","고추에서 담배장님노린재의 피해는 발견할 수 없었으며, 토마토나 참깨에 비하여 고추를 크게 선호하지는 않는 것으로 보인다","담배장님노린재의 뱅커플랜트를 이용하기 위하여 시설고추 포장 4곳에 참깨를 심어 약 50cm 정도 자랐을 때 6월 4일 1곳 당 50마리씩 총 200마리를 방사하였다 | 담배장님노린재는 방사 후 약 2개월부터 고추작물에 보이기 시작하여 10월 15일에는 잎 당 0.12마리로 최고밀도를 보였으며, 발생밀도가 워낙 낮아 조사 시기별로 편차가 심하였다(그림1).",,"담배장님노린재는 가루이 뿐만 아니라 잎응애, 진딧물, 총채벌레, 나방의 유충과 알 등을 포식하는 광식성 천적이다 | 담배장님노린재는 알 - 약충(1~5령) - 성충의 단계를 거치며, 선호하는 온도는 25~28℃이다 | 충의 산란수는 25℃에서 약 80개이며, 수명은 35일 정도로 긴 편이다 | 25℃에서 알 기간은 6.9일, 1령 약충 2.6일, 2령 약충 4.5일, 3령, 4령, 5령 약충이 각각 2.5일로 산란부터 성충되기까지의 기간이 21.5일이다","최근 담배가루이 천적인 황온좀벌, 온실가루이좀벌, 지중해이리응애 등이 정착하지 못하거나 방제효과가 낮은 경우 담배장님노린재를 이용한다",,부분,있음,공식 현황 원문에 명시된 조건부 현장·시험 근거,공식 원문-조건부,"담배장님노린재는 가루이 뿐만 아니라 잎응애, 진딧물, 총채벌레, 나방의 유충과 알 등을 포식하는 광식성 천적이다. 최근 담배가루이 천적인 황온좀벌, 온실가루이좀벌, 지중해이리응애 등이 정착하지 못하거나 방제효과가 낮은 경우 담배장님노린재를 이용한다. 담배장님노린재는 해충을 포식하기도 하지만 식물도 가해하는 곤충으로 이용 시 많은 주의가 필요하다. 특히 참깨의 주요 해충이며, 오동나무빗자루병의 매개충으로도 기재되어 있다. 고추에서는 이용한 사례가 많지 않아 아직 피해를 확인하지 못하였지만, 토마토에서는 포식할 해충이 없고 밀도가 높아지면 토마토 신초 부위나 줄기를 동그랗게 가해(necrotic ring)하여 피해 받은 가지가 쉽게 부러진다. 따라서 담배장님노린재의 밀도가 높아지면 살충제를 저농도로 살포하여 밀도를 줄여야 한다. 담배장님노린재는 밀도가 증가하는 기간이 오래 소요 되며, 가루이가 발생하지 않은 포장에 담배장님노린재를 방사하면 먹이가 없어 정착에 실패할 가능성이 높다. 이러한 단점을 보완하기 위하여 사전에 포장 내에 참깨를 심어 약 50㎝ 이상 성장시킨 후 담배장님노린재를 참깨에 방사하여 증식시킨다. 담배장님노린재는 참깨만 먹고도 생존이 가능하기 때문에 이때 참깨는 담배장님노린재의 뱅커플랜트 역할을 한다.","담배장님노린재의 뱅커플랜트를 이용하기 위하여 시설고추 포장 4곳에 참깨를 심어 약 50cm 정도 자랐을 때 6월 4일 1곳 당 50마리씩 총 200마리를 방사하였다. 담배장님노린재는 방사 후 약 2개월부터 고추작물에 보이기 시작하여 10월 15일에는 잎 당 0.12마리로 최고밀도를 보였으며, 발생밀도가 워낙 낮아 조사 시기별로 편차가 심하였다(그림1). 고추에서 담배장님노린재의 피해는 발견할 수 없었으며, 토마토나 참깨에 비하여 고추를 크게 선호하지는 않는 것으로 보인다. 따라서 담배가루이가 많이 발생되는 포장에는 포식력이 높아 적절히 이용할 수 있겠지만 담배가루이 발생 밀도가 낮은 포장에서는 방사효과를 얻기가 쉽지 않다.",농촌진흥청 국가농작물병해충관리시스템 천적곤충현황,https://www.data.go.kr/data/15123428/fileData.do,원문 보존·명시값만 구조화
10,목화면충좀벌,Aphelinus varipes,벌목,"복숭아혹진딧물,목화진딧물","고추,파프리카","진딧물 발생초기, 200평 기준으로 1,000마리를 방사하는 것이 적당하며 봄, 가을, 겨울의 경우 10일 간격으로 2~3회 방사하고, 여름의 경우 5일 간격으로 2~3회 방사한다","진딧물 발생초기, 200평 기준으로 1,000마리를 방사하는 것이 적당하며 봄, 가을, 겨울의 경우 10일 간격으로 2~3회 방사하고, 여름의 경우 5일 간격으로 2~3회 방사한다","진딧물 발생초기, 200평 기준으로 1,000마리를 방사하는 것이 적당하며 봄, 가을, 겨울의 경우 10일 간격으로 2~3회 방사하고, 여름의 경우 5일 간격으로 2~3회 방사한다 | 진딧물의 밀도가 높을 경우 진디혹파리를 1~2회 방사하고 목화면충좀벌을 동시에 방사한다면 속효적인 진딧물 방제효과를 볼 수 있다","25℃에서 알에서 성충까지 출현하는데 걸리는 시간은 14.7일이며, 알에서 머미까지의 기간은 약 7일, 머미에서 성충까지의 기간은 약 8일이다 | 암컷성충은 일생동안 약 380~410개의 알을 진딧물의 몸체내에 산란하며 수명은 25℃에서 약 30일 이다 | 머미의 사망률은 35℃에서도 10.4%로 낮아 고온적응력이 뛰어나다고 할 수 있다","특히 콜레마니진디벌과 동시 이용 시 진딧물 방제효과가 높다 | 진딧물의 밀도가 높을 경우 진디혹파리를 1~2회 방사하고 목화면충좀벌을 동시에 방사한다면 속효적인 진딧물 방제효과를 볼 수 있다 | 복숭아혹진딧물, 목화진딧물, 들깨진딧물을 선호하며, 무테두리진딧물에는 낮은 기생률을 보인다",,있음,있음,공식 현황 원문에 명시된 조건부 현장·시험 근거,공식 원문-조건부,"목화면충좀벌은 주로 복숭아혹진딧물, 목화진딧물, 들깨진딧물을 선호하며 고온에도 적응력이 뛰어나 시설하우스에서 이용이 가능하다. 특히 콜레마니진디벌과 동시 이용 시 진딧물 방제효과가 높다.진딧물 발생초기, 200평 기준으로 1,000마리를 방사하는 것이 적당하며 봄, 가을, 겨울의 경우 10일 간격으로 2~3회 방사하고, 여름의 경우 5일 간격으로 2~3회 방사한다. 진딧물의 밀도가 높을 경우 진디혹파리를 1~2회 방사하고 목화면충좀벌을 동시에 방사한다면 속효적인 진딧물 방제효과를 볼 수 있다. 목화면충좀벌은 보리두갈래진딧물과 기장테두리진딧물도 선호하여 진딧물이 발생하기 전 뱅커플랜트와 함께 사용도 가능하다.",,농촌진흥청 국가농작물병해충관리시스템 천적곤충현황,https://www.data.go.kr/data/15123428/fileData.do,원문 보존·명시값만 구조화
11,무당벌레,Harmonia axyridis,딱정벌레목,"목화진딧물,복숭아혹진딧물,감자수염진딧물,애못털진딧물,싸리수염진딧물","수박,참외,고추,오이,딸기,파프리카",,,,"이러한 포식력에도 무당벌레가 진딧물 천적으로 시설재배지에서 잘 이용하지 않는 것은 먹이가 없으면 외부로 이탈하여 정착하는 능력이 떨어지고, 진디벌에 비하여 이동과 기주 탐색력이 낮고, 온도가 높으면 사라지는 충의 고유 특성 때문이다","진딧물의 발생이 넓은 면적이 분산되어 있는 경우는 무당벌레가 먹이를 찾아 가는데 시간이 많이 소요되므로 방제 효과가 떨어진다 | 표 1은 시설고추에서 무당벌레와 콜레마니진디벌을 복합적으로 방사한 시기와 방사량이며, 그림 1은 무당벌레와 콜레마니진디벌 방사에 의한 진딧물 방제효과이다 | 분명히 밝혀진 것은 아니지만 여름잠(夏眠)을 자기 위해 이동하는 것으로 알려져 있어 여름에는 밀도가 급격히 감소하여 찾기가 쉽지 않다",,없음,있음,공식 현황 원문에 명시된 조건부 현장·시험 근거,공식 원문-조건부,"무당벌레는 약충과 성충 모두 진딧물을 포식하며, 수명이 너무 길어 생존기간 동안 포식량을 조사한 결과는 찾을 수가 없다. 다만 하루에 포식하는 양을 보면 무당벌레 1령, 3령, 성충이 목화진딧물을 각각 32.7마리, 199.7마리, 257.0마리를 포식하고, 복숭아혹진딧물을 각각 9.4마리, 53마리, 119.9마리를 포식한다. 성충이 2~3개월 이상 생존하면서 진딧물을 먹을 경우 엄청난 포식력이다. 이러한 포식력에도 무당벌레가 진딧물 천적으로 시설재배지에서 잘 이용하지 않는 것은 먹이가 없으면 외부로 이탈하여 정착하는 능력이 떨어지고, 진디벌에 비하여 이동과 기주 탐색력이 낮고, 온도가 높으면 사라지는 충의 고유 특성 때문이다. 고추에서 무당벌레 이용은 주로 봄에 발생하는 진딧물을 대상으로 하는데, 진딧물이 일부지점에 너무 많이 발생하여 빠른 시일 내에 방제를 목적으로 할 경우 이용한다. 진딧물의 발생이 넓은 면적이 분산되어 있는 경우는 무당벌레가 먹이를 찾아 가는데 시간이 많이 소요되므로 방제 효과가 떨어진다. 이럴 경우 이동력이 좋은 진디벌을 사용하는 것이 효과적이다. 무당벌레의 방사는 가능한 성충보다는 유충으로 방사해야 시설 밖으로 이탈하는 것을 줄일 수 있다.","표 1은 시설고추에서 무당벌레와 콜레마니진디벌을 복합적으로 방사한 시기와 방사량이며, 그림 1은 무당벌레와 콜레마니진디벌 방사에 의한 진딧물 방제효과이다.2010년 진딧물 밀도는 4월하순부터 발생을 시작하여 5월 6일 잎 당 0.3마리까지 증가하였으나, 6월 3일에는 모두 사라졌다. 7월부터 조금씩 증가하는 현상을 보였으나, 진디벌의 꾸준한 발생으로 큰 밀도증가는 없었다. 진딧물 머미의 밀도는 5월 12일 잎 당 0.05마리로 증가함에 따라 진딧물의 밀도는 급격히 낮아졌다. 무당벌레의 방사량이 적은 것은 진딧물이 많이 발생한 지점에만 방사하였기 때문이다. 특히 무당벌레와 진디벌을 동시에 방사한 경우 무당벌레가 기생된 진딧물 머미를 포식하는 것을 확인하였으며, 가능한 두 종을 같이 사용하는 것을 피하는 것이 좋다. 그러나 일부 지점에 대량의 진딧물이 발생하여 빠른 기간 내에 방제하는 데에는 효과적으로 사용할 수 있다.",농촌진흥청 국가농작물병해충관리시스템 천적곤충현황,https://www.data.go.kr/data/15123428/fileData.do,원문 보존·명시값만 구조화
12,미끌애꽃노린재,Orius laevigatus,노린재목,"대만총채벌레,꽃노랑총채벌레","가지,오이,고추,파프리카",,"고추 정식 약 2개월 후 고추 꽃이 개화하고 작물의 크기가 50㎝ 이상 자랐을 때 방사가 가능하다 | 방사량은 고추 반촉성재배의 경우 1차 방사량은 ㎡당 1.5~2.3마리(2~3병/660㎡)를 방사하고, 방사 후에는 확대경을 이용하여 매주 고추 꽃을 관찰하여 미끌애꽃노린재가 정착되었는지 확인해야 한다 | 방사 약 4주 후 꽃 10개 당 미끌애꽃노린재 1~2마리 정도 보이면 정착이 되고 있는 상태이며, 애꽃노린재의 밀도가 낮거나 조금 더 밀도를 높이고자 할 때는 1차 방사 약 1개월 후 ㎡당 0.8~1.5마리(1~2병/660㎡)를 추가로 방사 한다 | 고추 정식을 4월경에 하였을 경우 6월에 ㎡당 2.3~3.0마리(3~4병/660㎡)를 동시에 방사하면 정착력과 밀도증가가 빨라진다",,"2010년도 9월에 총채벌레 밀도가 높았던 것은 8월의 시설내 온도가 2009년에 비하여 상대적으로 높아 미끌애꽃노린재가 정착하지 못하여 총채벌레의 밀도 높아진 원인으로 보인다 | 국내 토착종인 으뜸애꽃노린재(Orius strigicollis)는 일장이 짧은 겨울에 휴면을 하기 때문에 겨울철 이용이 어려웠으나, 휴면하지 않는 미끌애꽃노린재를 도입함으로써 겨울철 이용이 가능하였다 | 미끌애꽃노린재의 발육기간은 25℃에서 알 4.1일, 약충 11.4일이 걸리며, 성충의 산란수는 224.5개, 수명은 32.6일이다","애꽃노린재류와 꽃노랑총채벌레 또는 대만총채벌레는 꽃을 좋아하는 성질을 갖고 있기 때문에 천적과 해충의 서식지가 꽃으로 같아 방제효과가 높다 | 1, 2는 미끌애꽃노린재 방사에 의한 총채벌레 방제효과이다",,부분,있음,공식 현황 원문에 명시된 조건부 현장·시험 근거,공식 원문-조건부,"미끌애꽃노린재는 총채벌레 뿐만 아니라 어린 진딧물, 응애류, 갓 부화한 나방의 유충과 알, 꽃가루 등을 포식한다. 애꽃노린재류와 꽃노랑총채벌레 또는 대만총채벌레는 꽃을 좋아하는 성질을 갖고 있기 때문에 천적과 해충의 서식지가 꽃으로 같아 방제효과가 높다. 고추의 꽃이 피어있고 작은 곤충들이 활동하는 조건이면 해충이 발생하기 전이라도 미끌애꽃노린재를 사전에 방사하여 작물에 정착력을 키우고 증식을 시켜야 한다. 고추 정식 약 2개월 후 고추 꽃이 개화하고 작물의 크기가 50㎝ 이상 자랐을 때 방사가 가능하다. 방사방법은 메밀껍질과 섞여있는 미끌애꽃노린재 제품을 약하게 흔들어서 골고루 섞이게 한 후 고추의 잎에 군데군데 부어 놓으면 되는데, 밝은 한낮을 피하여 방사하는 것이 시설 밖으로 이탈하는 량을 줄일 수 있다. 방사량은 고추 반촉성재배의 경우 1차 방사량은 ㎡당 1.5~2.3마리(2~3병/660㎡)를 방사하고, 방사 후에는 확대경을 이용하여 매주 고추 꽃을 관찰하여 미끌애꽃노린재가 정착되었는지 확인해야 한다. 성충으로 방사한 미끌애꽃노린재는 산란 후 수명을 다하면 죽어버리기 때문에 방사 2~3주경에서는 성충이 없고 어린 약충만 보인다. 미끌애꽃노린재 1~3령까지는 노란색을 띠고 있어 총채벌레로 오인할 수가 있기 때문에 등면 3, 4, 5절에 홍색반점이 있으면 애꽃노린재 약충으로 판단한다. 방사 약 4주 후 꽃 10개 당 미끌애꽃노린재 1~2마리 정도 보이면 정착이 되고 있는 상태이며, 애꽃노린재의 밀도가 낮거나 조금 더 밀도를 높이고자 할 때는 1차 방사 약 1개월 후 ㎡당 0.8~1.5마리(1~2병/660㎡)를 추가로 방사 한다. 고추 정식을 4월경에 하였을 경우 6월에 ㎡당 2.3~3.0마리(3~4병/660㎡)를 동시에 방사하면 정착력과 밀도증가가 빨라진다.","표 1은 시설고추에서 미끌애꽃노린재를 방사한 시기와 방사량이며, 그림. 1, 2는 미끌애꽃노린재 방사에 의한 총채벌레 방제효과이다.작기동안 총채벌레(꽃노랑총채벌레 + 대만총채벌레) 발생 최고밀도는 2009년 꽃을 대상으로 조사했을 경우 6월 18일 꽃 당 0.6마리였고, 2010년에는 황색끈끈이 트랩을 통해서 조사했을 경우 9월 3일 트랩당 17.1마리였다. 천적인 미끌애꽃노린재의 최고 밀도는 2009년 7월 1일 꽃 당 1.8마리였고, 2010년 7월 8일 꽃 당 3.0마리였다. 미끌애꽃노린재 1차 방사 시기가 고추 정식 후 2009년은 39일, 2010년은 60일이었으나, 오히려 방사량이 적은 2010년의 밀도가 높은 것으로 나타났다. 이러한 원인은 고추가 어느 정도 성장하고 야외 기온이 높아질 시기에 방사하는 것이 미끌애꽃노린재의 번식속도가 빠르고 작물에 정착하는 비율도 높아지기 때문이 아닌가 생각된다. 2010년도 9월에 총채벌레 밀도가 높았던 것은 8월의 시설내 온도가 2009년에 비하여 상대적으로 높아 미끌애꽃노린재가 정착하지 못하여 총채벌레의 밀도 높아진 원인으로 보인다. 8월 하순의 미끌애꽃노린재의 밀도가 꽃에 거의 보이지 않는다면 추가적인 방사가 필요하다.",농촌진흥청 국가농작물병해충관리시스템 천적곤충현황,https://www.data.go.kr/data/15123428/fileData.do,원문 보존·명시값만 구조화
13,민깨알반날개,Oligota kashmirica benefica,딱정벌레목,"귤응애,점박이응애,차응애",감귤,,"유자에서 귤응애의 잎당밀도가 5마리였을 때 1:50의 비율로 방사할 경우 10일 후에는 0.9마리로 빠르게 밀도를 억제할 수 있었다 | 귤응애 밀도억제 효과민깨알반날개가 제한된 공간내에서 유자에 발생하는 귤응애 밀도억제효과를 조사하고자 4수준으로 방사한 결과(그림 3), 천적 무방사구는 최초 잎당 밀도 4.7마리가 점차 증가하여 15일 후에는 14.6마리까지 이르렀고, 그 후 급격히 밀도가 낮아져 25일 후에는 6.3마리까지 낮아지는 포물선 형태를 이루었다 | 방사비율 1:50 처리구는 방사전보다 초기밀도가 약간 증가하였지만 10일 후에는 잎당밀도 0.9마리로 요방제밀도인 2마리보다도 낮게 억제되었다 | 방사비율 1:100, 1:150, 1:200에서도 대부분 비슷한 경향을 보였으나 밀도가 2마리 이하로 낮아지는데 소요된 기간은 각각 15, 20, 20일 이었다 | 따라서 천적의 방사량이 많을수록 요방제밀도인 2마리 이하로 억제하는데 필요한 소요일수는 감소하였다 | 본 시험에서는 천적을 방사하기전 잎당 밀도가 4.4~5.2마리로 비교적 높은 밀도에서 방사하였기 때문에 밀도를 억제하는데 소요기간이 길었지만, 잎당밀도 2~3마리에 방사한다면 이보다 더 짧은 기간에 밀도를 억제할 수 있을 것이다 | 한편, 천적 방사비율별 엽내 엽록소함량은 모든 처리구의 방사전 엽록소함량은 2.224~2.262mg/gF.W.로 차이가 없었으나, 방사 25일 후에는 방사밀도 1:50, 1:100, 1:150에서는 엽록소 함량이 증가하였으나, 1:200과 무방사구는 오히려 감소하였다","귤응애 밀도억제 효과민깨알반날개가 제한된 공간내에서 유자에 발생하는 귤응애 밀도억제효과를 조사하고자 4수준으로 방사한 결과(그림 3), 천적 무방사구는 최초 잎당 밀도 4.7마리가 점차 증가하여 15일 후에는 14.6마리까지 이르렀고, 그 후 급격히 밀도가 낮아져 25일 후에는 6.3마리까지 낮아지는 포물선 형태를 이루었다 | 한편, 천적 방사비율별 엽내 엽록소함량은 모든 처리구의 방사전 엽록소함량은 2.224~2.262mg/gF.W.로 차이가 없었으나, 방사 25일 후에는 방사밀도 1:50, 1:100, 1:150에서는 엽록소 함량이 증가하였으나, 1:200과 무방사구는 오히려 감소하였다","민깨알반날개의 장점은 첫째, 동일한 온도에서 10개 내외의 점박이응애 알을 포식하는 다른 이리응애류 천적에 비해 민깨알반날개는 귤응애 성충을 21.9마리를 포식하므로 포식능력이 매우 높음을 알 수 있다 | 체색은 광택이 있는 암갈색을 띠고, 각질화된 앞날개가 복부의 절반만 덮고 있으며, 날개가 덮이지 않은 복부부분을 위를 향해 자주 치켜세우는 행동습성을 가지고 있다 | 성충은 25℃에서 암컷은 약 54일, 수컷은 약 59일 생존하여 다른 천적에 비해 수명이 길며, 암컷의 비율은 약 58%이다","유자에서 귤응애의 잎당밀도가 5마리였을 때 1:50의 비율로 방사할 경우 10일 후에는 0.9마리로 빠르게 밀도를 억제할 수 있었다 | 포식성 응애의 경우 먹이밀도가 높은 곳에서는 밀도를 억제할 수 없으나, 민깨알반날개는 먹이밀도가 높은 곳에 산란하는 습성이 있으므로 다른 곳으로 이동하지 않고 개체군 증식이 활발하게 이루어지며 밀도를 억제할 수 있다 | 즉 감귤, 유자, 차, 배나무, 장미 잎과 같이 잎 뒷면에 가는 털이 없거나 매우 작아 매끈한 작물은 유충 및 성충의 포식활동이 활발하기 때문에 효과적인 반면 사과, 딸기와 같이 털이 있는 작물에서는 효과가 적을 것이다 | 즉 응애밀도가 낮을 때에는 포식성 응애를 사용하고, 응애밀도가 높아졌을 때에는 민깨알반날개를 사용하면 밀도가 낮아 다른 곳으로 이동하는 것을 막을 수 있으므로 다른 천적에서 기대하기 어려운 효율적인 밀도 억제효과를 얻을 수 있을 것으로 사료된다 | 귤응애 밀도억제 효과민깨알반날개가 제한된 공간내에서 유자에 발생하는 귤응애 밀도억제효과를 조사하고자 4수준으로 방사한 결과(그림 3), 천적 무방사구는 최초 잎당 밀도 4.7마리가 점차 증가하여 15일 후에는 14.6마리까지 이르렀고, 그 후 급격히 밀도가 낮아져 25일 후에는 6.3마리까지 낮아지는 포물선 형태를 이루었다 | 방사비율 1:50 처리구는 방사전보다 초기밀도가 약간 증가하였지만 10일 후에는 잎당밀도 0.9마리로 요방제밀도인 2마리보다도 낮게 억제되었다 | 따라서 천적의 방사량이 많을수록 요방제밀도인 2마리 이하로 억제하는데 필요한 소요일수는 감소하였다 | 본 시험에서는 천적을 방사하기전 잎당 밀도가 4.4~5.2마리로 비교적 높은 밀도에서 방사하였기 때문에 밀도를 억제하는데 소요기간이 길었지만, 잎당밀도 2~3마리에 방사한다면 이보다 더 짧은 기간에 밀도를 억제할 수 있을 것이다 | 한편, 천적 방사비율별 엽내 엽록소함량은 모든 처리구의 방사전 엽록소함량은 2.224~2.262mg/gF.W.로 차이가 없었으나, 방사 25일 후에는 방사밀도 1:50, 1:100, 1:150에서는 엽록소 함량이 증가하였으나, 1:200과 무방사구는 오히려 감소하였다 | 따라서 천적 방사량이 많으면 귤응애 밀도를 빨리 억제하였기 때문에 유자 잎이 받는 피해량은 그만큼 감소함을 알 수 있다",따라서 천적 방사량이 많으면 귤응애 밀도를 빨리 억제하였기 때문에 유자 잎이 받는 피해량은 그만큼 감소함을 알 수 있다,있음,있음,공식 현황 원문에 명시된 조건부 현장·시험 근거,공식 원문-조건부,"장점과 단점민깨알반날개는 잎응애류를 포식하는 국내 토착천적으로 많은 작물에 활용 잠재성이 있는 천적이며, 생태를 정확히 파악하고 장점과 단점을 이해한다면 효율적으로 활용할 수 있다.민깨알반날개의 장점은 첫째, 동일한 온도에서 10개 내외의 점박이응애 알을 포식하는 다른 이리응애류 천적에 비해 민깨알반날개는 귤응애 성충을 21.9마리를 포식하므로 포식능력이 매우 높음을 알 수 있다. 둘째, 성충이 날 수 있어서 이동능력이 뛰어나다. 포식성 응애류는 날 수 없기 때문에 포장 내 확산이 늦지만, 본 천적은 자유롭게 날 수 있기 때문에 방사가 편리하고 먹이 탐색능력이 뛰어나다. 셋째, 성충수명이 길다. 포식성 응애류의 평균수명이 약 13~20일이지만, 민깨알반날개 암컷 성충은 약 54일로 그만큼 포식활동을 할 수 있는 기간이 길다. 넷째, 포식량이 많기 때문에 낮은 방사비율로 살포할 수 있어 소량만 방사해도 된다. 유자에서 귤응애의 잎당밀도가 5마리였을 때 1:50의 비율로 방사할 경우 10일 후에는 0.9마리로 빠르게 밀도를 억제할 수 있었다. 다섯째, 잎응애 밀도가 높은 곳에 이용할 수 있다. 포식성 응애의 경우 먹이밀도가 높은 곳에서는 밀도를 억제할 수 없으나, 민깨알반날개는 먹이밀도가 높은 곳에 산란하는 습성이 있으므로 다른 곳으로 이동하지 않고 개체군 증식이 활발하게 이루어지며 밀도를 억제할 수 있다. 마지막으로 약제에 대한 내성이 비교적 강해서 선택성 농약과 동시에 사용할 수 있다. 살비제나 살균제에 대하여 높은 생존율을 보이므로 해충종합방제 프로그램에 이용할 수 있다.반면, 민깨알반날개의 단점으로는 첫째, 사육하는 동안 많은 먹이가 필요하다. 한마리의 성충이 될 때까지 사육하는데 필요한 먹이가 77마리 이상으로 먹이공급이 어렵다. 따라서 증식이 용이한 생체먹이를 개발하든지, 인공사료 합성에 의한 사육이 이루어져야 할 것이다. 둘째, 토양 내에서 용화하고 자연상태에서는 우화율이 낮기 때문에(60%) 포장에 방사하였을 때 개체군 증식효율이 낮다. 셋째, 날 수 있다는 것이 장점도 되지만 단점으로 작용할 수도 있다. 즉 먹이응애 밀도가 낮으면 먹이가 풍부한 다른 곳을 찾아 날아가 버린다. 따라서, 이동을 어느 정도 차단할 수 있는 밀폐된 곳에서 이용한다면 더욱 효과적일 것이다.효율적인 이용방법이상의 장단점을 이해하고 생산된 천적을 효과적으로 활용할 수 있는 방법으로는 첫째, 밀폐된 시설작물에 이용하고, 둘째, 활용대상 작물을 잘 선택해야 한다. 즉 감귤, 유자, 차, 배나무, 장미 잎과 같이 잎 뒷면에 가는 털이 없거나 매우 작아 매끈한 작물은 유충 및 성충의 포식활동이 활발하기 때문에 효과적인 반면 사과, 딸기와 같이 털이 있는 작물에서는 효과가 적을 것이다. 셋째, 유기합성농약 살포가 곤란한 작물이나 시기에 이용할 수 있다. 예를 들어 과피를 주로 이용하는 유자의 경우 농약잔류의 우려 때문에 수확 40일 전에는 농약을 사용할 수 없는데 수확을 앞두고 응애가 문제되었을 때 사용할 수 있고, 딸기의 경우 비교적 장기간 수확하는데 수확시기에 발생하는 응애류를 방제하기 위하여 안전한 생물농약으로 사용할 수 있다. 마지막으로 민깨알반날개를 효율적으로 활용하기 위해서는 포식성 응애와 적절하게 조화를 이루어 사용해야 할 것이다. 즉 응애밀도가 낮을 때에는 포식성 응애를 사용하고, 응애밀도가 높아졌을 때에는 민깨알반날개를 사용하면 밀도가 낮아 다른 곳으로 이동하는 것을 막을 수 있으므로 다른 천적에서 기대하기 어려운 효율적인 밀도 억제효과를 얻을 수 있을 것으로 사료된다.귤응애 밀도억제 효과민깨알반날개가 제한된 공간내에서 유자에 발생하는 귤응애 밀도억제효과를 조사하고자 4수준으로 방사한 결과(그림 3), 천적 무방사구는 최초 잎당 밀도 4.7마리가 점차 증가하여 15일 후에는 14.6마리까지 이르렀고, 그 후 급격히 밀도가 낮아져 25일 후에는 6.3마리까지 낮아지는 포물선 형태를 이루었다. 후기에 밀도가 급격히 낮아졌던 이유는 잎당 밀도가 너무 높아 피해가 심하고 먹이량이 부족하여 다른 먹이를 찾아 많은 개체가 탈출하였기 때문이다.방사비율 1:50 처리구는 방사전보다 초기밀도가 약간 증가하였지만 10일 후에는 잎당밀도 0.9마리로 요방제밀도인 2마리보다도 낮게 억제되었다. 방사비율 1:100, 1:150, 1:200에서도 대부분 비슷한 경향을 보였으나 밀도가 2마리 이하로 낮아지는데 소요된 기간은 각각 15, 20, 20일 이었다.따라서 천적의 방사량이 많을수록 요방제밀도인 2마리 이하로 억제하는데 필요한 소요일수는 감소하였다. 본 시험에서는 천적을 방사하기전 잎당 밀도가 4.4~5.2마리로 비교적 높은 밀도에서 방사하였기 때문에 밀도를 억제하는데 소요기간이 길었지만, 잎당밀도 2~3마리에 방사한다면 이보다 더 짧은 기간에 밀도를 억제할 수 있을 것이다. 한편, 천적 방사비율별 엽내 엽록소함량은 모든 처리구의 방사전 엽록소함량은 2.224~2.262mg/gF.W.로 차이가 없었으나, 방사 25일 후에는 방사밀도 1:50, 1:100, 1:150에서는 엽록소 함량이 증가하였으나, 1:200과 무방사구는 오히려 감소하였다. 따라서 천적 방사량이 많으면 귤응애 밀도를 빨리 억제하였기 때문에 유자 잎이 받는 피해량은 그만큼 감소함을 알 수 있다.<전라남도농업기술원 친환경연구소 농업연구사 최덕수>",,농촌진흥청 국가농작물병해충관리시스템 천적곤충현황,https://www.data.go.kr/data/15123428/fileData.do,원문 보존·명시값만 구조화
14,배추나비고치벌,Cotesia glomerata,벌목,배추좀나방,배추,"야외방사를 위해서는 천적의 대량확보가 필수적이며, 꾸준한 포장관찰을 통한 방사시기의 선택도 매우 중요하다","천적을 활용하는 경우 배추좀나방 발생밀도가 주당 1마리 이상이 되기 전에 천적을 야외방사한다 | 강원도 횡성군 안흥면 소재 배추밭에서 수행한 야외방사 시험에서, 배추좀나방 유충이 주당 0.5마리 발생하는 시기에 배추나비고치벌 고치를 3.3㎡(평)당 2마리 수준으로 방사한 결과 60% 내외의 높은 기생률을 나타내었다(그림 1).",단지 6/15일에 진딧물 방제용 친환경자재를 1회 살포한 것이 배추좀나방 밀도 저하에 영향을 주었는지의 여부는 확인할 수 없지만 천적의 기생률은 꾸준히 증가한 것으로 보아 천적의 영향이 더 크게 작용한 것으로 생각된다,,"약제 방제가 필요한 경우 요방제밀도 수준에 맞추어 살포하는 것이 경제적이다 | 배추나비고치벌은 고랭지채소를 재배하는 야외포장에서 흔히 관찰되는 천적으로서, 배추나비고치벌에 의한 배추흰나비 유충 기생률은 평균 15%를 보였고, 기생고치의 70% 이상이 성충으로 우화하였다 | 반면에 배추나비고치벌에 의한 배추좀나방 유충기생률은 야외에서 6% 정도로 낮았으나 실내 기생률은 90.6%로 매우 높았다 | 따라서 실내에서 대량사육하여 야외방사를 지속적으로 한다면 쉽게 정착하여 야외 기생률을 높일 수 있을 것이다 | 강원도 횡성군 안흥면 소재 배추밭에서 수행한 야외방사 시험에서, 배추좀나방 유충이 주당 0.5마리 발생하는 시기에 배추나비고치벌 고치를 3.3㎡(평)당 2마리 수준으로 방사한 결과 60% 내외의 높은 기생률을 나타내었다(그림 1). | 본 시험에서 기생률이 매우 높게 나온 또 다른 이유로는 천적 방사를 배추좀나방의 밀도가 아주 낮을 때 실시하였기 때문으로 생각된다 | 단지 6/15일에 진딧물 방제용 친환경자재를 1회 살포한 것이 배추좀나방 밀도 저하에 영향을 주었는지의 여부는 확인할 수 없지만 천적의 기생률은 꾸준히 증가한 것으로 보아 천적의 영향이 더 크게 작용한 것으로 생각된다 | 또한 고랭지 적응성이 높은 유충 기생봉인 Diadegma semiclausum 같은 천적도 외국에서 도입하여 국내에 보급할 경우 생물적 방제효과는 매우 증대할 것으로 생각된다","배추나비고치벌은 고랭지채소를 재배하는 야외포장에서 흔히 관찰되는 천적으로서, 배추나비고치벌에 의한 배추흰나비 유충 기생률은 평균 15%를 보였고, 기생고치의 70% 이상이 성충으로 우화하였다",있음,있음,공식 현황 원문에 명시된 조건부 현장·시험 근거,공식 원문-조건부,"천적을 활용하는 경우 배추좀나방 발생밀도가 주당 1마리 이상이 되기 전에 천적을 야외방사한다. 야외방사를 위해서는 천적의 대량확보가 필수적이며, 꾸준한 포장관찰을 통한 방사시기의 선택도 매우 중요하다. 일단 천적이 방사된 이후에는 천적에 안전한 저독성 농약의 살포가 뒤따라야 한다. 친환경유기농자재 가운데 천적에 영향이 큰 품목은 가급적 배제해야 한다.약제 방제가 필요한 경우 요방제밀도 수준에 맞추어 살포하는 것이 경제적이다. 배추의 경우 유묘기에 주당 0.2마리, 외엽신장기에 주당 1.0마리 유충이 발생하기 전에 방제해야 한다(Jeon 등, 2005). 다만 해충에 따라 발생시기가 천차만별이므로, 배추좀나방 한 종을 방제하기 위해 방제시기를 정하는 것보다 유사한 해충들의 발생시기를 감안하여 혼용살포하는 것도 좋다.우리나라의 천적활용 면적은 친환경농업육성법에 의거 천적활용 보급사업이 시작되어 2005년부터 국가 시책사업으로 추진되면서 급격히 늘어났다. 2008년에는 농림부 지원 계획 2,000ha와 지방자치단체 지원 500ha 정도로 추정된다. 그러나 해충 방제를 위해 천적에만 의존하는 것은 전체 농생태계를 고려할 때 바람직한 방향은 아니다. 따라서 최근 일부 국공립연구소에서 노지작물 해충 방제에 천적을 포함하여 선택성 높은 생물농약이나 성페로몬 트랩 등을 병용하는 현장연구에 집중하는 것은 바람직한 추세이다.","배추나비고치벌은 고랭지채소를 재배하는 야외포장에서 흔히 관찰되는 천적으로서, 배추나비고치벌에 의한 배추흰나비 유충 기생률은 평균 15%를 보였고, 기생고치의 70% 이상이 성충으로 우화하였다. 반면에 배추나비고치벌에 의한 배추좀나방 유충기생률은 야외에서 6% 정도로 낮았으나 실내 기생률은 90.6%로 매우 높았다. 따라서 실내에서 대량사육하여 야외방사를 지속적으로 한다면 쉽게 정착하여 야외 기생률을 높일 수 있을 것이다.강원도 횡성군 안흥면 소재 배추밭에서 수행한 야외방사 시험에서, 배추좀나방 유충이 주당 0.5마리 발생하는 시기에 배추나비고치벌 고치를 3.3㎡(평)당 2마리 수준으로 방사한 결과 60% 내외의 높은 기생률을 나타내었다(그림 1). 이러한 결과는 이 시험포장이 주변과 격리된 700㎡ 정도의 유기농 배추재배 포장으로서 주변으로부터 일체의 살충제 유입도 없었고 방사 천적의 소실도 거의 없는 호조건을 갖춘 때문으로 판단된다. 본 시험에서 기생률이 매우 높게 나온 또 다른 이유로는 천적 방사를 배추좀나방의 밀도가 아주 낮을 때 실시하였기 때문으로 생각된다. 단지 6/15일에 진딧물 방제용 친환경자재를 1회 살포한 것이 배추좀나방 밀도 저하에 영향을 주었는지의 여부는 확인할 수 없지만 천적의 기생률은 꾸준히 증가한 것으로 보아 천적의 영향이 더 크게 작용한 것으로 생각된다.배추나비고치벌은 유충 기생봉으로서 유충 단계를 지난 번데기 단계에는 기생하지 못하므로 번데기 앞으로 기생봉의 탐색이 매우 시급하다. 특히 우리나라에 존재하는 것으로 보고된 Oomyzus sp. 및 Diadromus sp.를 집중적으로 탐색, 개발하여 생물적 방제 프로그램에 도입할 필요가 있다. 또한 고랭지 적응성이 높은 유충 기생봉인 Diadegma semiclausum 같은 천적도 외국에서 도입하여 국내에 보급할 경우 생물적 방제효과는 매우 증대할 것으로 생각된다. 이러한 천적 종류를 대상으로 배추좀나방 천적 방제 체계도를 작성하면 아래 그림 3과 같다. Oomyzus sp. 및 Diadromus sp.는 현재의 서식처를 잘 관리하고 증식후 대량방사 작업을 지속적으로 수행하여 밀도를 높여줄 필요가 있다. Diadegma semiclausum은 유럽 원산이지만 현재 대만을 비롯하여 말레이시아, 태국, 필리핀 등지의 고랭지역에 정착하여 배추좀나방 생물적 방제에 큰 기여를 하고 있는 천적으로서 국내 도입시 고랭지배추 재배지역에서 정착이 가능할 것으로 생각된다.",농촌진흥청 국가농작물병해충관리시스템 천적곤충현황,https://www.data.go.kr/data/15123428/fileData.do,원문 보존·명시값만 구조화
15,사막이리응애,Neoseiulus californicus,응애,"차먼지응애,점박이응애","장미,파프리카,고추,딸기",,,,"사막이리응애는 온습도에 대한 적응범위가 넓어 20~30℃의 온도와 40~80%의 습도에서도 활용이 가능하다 | 따라서 칠레이리응애를 사용하기 어려운 온도가 높고, 습도가 낮은 환경에서 적절히 이용이 가능하다 | 사막이리응애의 발육기간은 25℃에서 알 2.2일, 유충 0.8일, 전약충 1.7일, 후약충 1.2일로 알부터 성충까지 1세대가 5.9일이 걸린다",,,없음,없음,공식 현황 원문에 명시된 조건부 현장·시험 근거,공식 원문-정성,"사막이리응애는 온습도에 대한 적응범위가 넓어 20~30℃의 온도와 40~80%의 습도에서도 활용이 가능하다. 그러나 칠레이리응애보다 포식량은 약 ⅓수준이고, 발육이 느리고 번식력이 낮지만, 고온과 건조에 적응하는 능력과 먹이가 없어도 생존하는 능력이 좋은 장점도 있다. 따라서 칠레이리응애를 사용하기 어려운 온도가 높고, 습도가 낮은 환경에서 적절히 이용이 가능하다.시설고추에서 사막이리응애를 사용한 예는 없지만 고온과 건조한 환경에서 칠레이리응애를 대체하여 사용할 수 있다. 방사량은 포식량이 적기 때문에 칠레이리응애보다 많이 방사해야 하며, 방사 후부터는 잎응애와 사막이리응애의 밀도를 관찰하여 추가방사 여부를 판단한다. 또한 동일한 포장에 사막이리응애와 지중해이리응애가 같이 방사되어 있다면 두 종의 형태가 매우 유사하여 육안으로 구분하기가 매우 어렵다.",,농촌진흥청 국가농작물병해충관리시스템 천적곤충현황,https://www.data.go.kr/data/15123428/fileData.do,원문 보존·명시값만 구조화
16,싸리진디벌,Aphidius gifuensis,벌목,"목화진딧물,복숭아혹진딧물,싸리수염진딧물","고추,상추","시설고추에서 천적을 이용한 복숭아혹진딧물의 방제에서 가장 중요한 것은 천적의 선택, 방사시기, 방사수 및 작물에 미치는 영향이다 | 따라서 발견된 지점에 천적을 집중적으로 방사하여 초기에 진압하는 방법이 효과적이다","우리나라 토착 천적인 싸리진디벌을 이용하여 시설고추에서 복숭아혹진딧물 10마리에 대해 싸리진디벌 1마리 비율, 또는 ㎡당 약 1마리를 10일 간격으로 3회에서 5회 방사방사한 결과 80% 이상의 방제효과가 있었다","우리나라 토착 천적인 싸리진디벌을 이용하여 시설고추에서 복숭아혹진딧물 10마리에 대해 싸리진디벌 1마리 비율, 또는 ㎡당 약 1마리를 10일 간격으로 3회에서 5회 방사방사한 결과 80% 이상의 방제효과가 있었다","진디벌에 기생된 진딧물은 26℃에서 6.5일이면 잎에 고정되고 진딧물은 부풀어 올라 머미가 된다 | 25℃에서 알부터 성충이 되기까지 11.9일, 성충 수명은 17.6일. | 싸리진디벌은 10, 15, 20, 25, 30, 35℃에서 각각 암컷이 2, 48, 48, 35, 35, 10마리 수컷이 18, 78, 78, 72, 18, 4마리로서 성비는 1:9, 1:6, 1:2, 1:2, 1:0.5, 1:0.4로서 수컷이 암컷에 비해 많았다 | 암컷의 비율이 수컷과 유사한 시기는 20∼25℃였다","진딧물은 거의 수컷이 없고, 교미 없이 새끼를 낳으며, 알도 낳지 않고 직접 새끼를 낳는 특징을 가지고 있어 어떤 해충보다 번식속도가 빨라 방제가 쉽지 않은 해충이다 | 고추에 진딧물이 발생되기 시작하면 싸리진디벌을 발생지점 위주로 소량씩 여러번 방사하는 것보다 다량의 천적을 적은 횟수로 방사하는 것이 효과가 높다 | 우리나라 토착 천적인 싸리진디벌을 이용하여 시설고추에서 복숭아혹진딧물 10마리에 대해 싸리진디벌 1마리 비율, 또는 ㎡당 약 1마리를 10일 간격으로 3회에서 5회 방사방사한 결과 80% 이상의 방제효과가 있었다",,있음,있음,공식 현황 원문에 명시된 조건부 현장·시험 근거,공식 원문-조건부,"시설고추에서 천적을 이용한 복숭아혹진딧물의 방제에서 가장 중요한 것은 천적의 선택, 방사시기, 방사수 및 작물에 미치는 영향이다. 복숭아혹진딧물과 같은 진딧물의 천적에는 진디벌, 진디혹파리, 진디좀벌, 무당벌레 및 풀잠자리 등이 있다. 진딧물은 거의 수컷이 없고, 교미 없이 새끼를 낳으며, 알도 낳지 않고 직접 새끼를 낳는 특징을 가지고 있어 어떤 해충보다 번식속도가 빨라 방제가 쉽지 않은 해충이다. 이러한 이유로 진딧물 방제 이용되는 천적 또한 여러 종류가 있다. 예방용으로 진디벌이 사용되고, 밀도가 높을 때는 무당벌레나 풀잠자리를 이용한다. 특히 우리나라에서 서식하는 싸리진디벌은 복숭아혹진딧물에 기생력이 매우 높다.고추에 진딧물이 발생되기 시작하면 싸리진디벌을 발생지점 위주로 소량씩 여러번 방사하는 것보다 다량의 천적을 적은 횟수로 방사하는 것이 효과가 높다. 진딧물은 처음부터 온실 전체에 골고루 발생되지 않고 일부지점에 발생되어 증식이 이루어진 후 포장 전체로 퍼지게 된다. 따라서 발견된 지점에 천적을 집중적으로 방사하여 초기에 진압하는 방법이 효과적이다.","우리나라 토착 천적인 싸리진디벌을 이용하여 시설고추에서 복숭아혹진딧물 10마리에 대해 싸리진디벌 1마리 비율, 또는 ㎡당 약 1마리를 10일 간격으로 3회에서 5회 방사방사한 결과 80% 이상의 방제효과가 있었다. 반촉성재배 시설고추에서 진딧물의 발생은 대체로 봄(4~6월)에 발생하는 경우가 피해가 심하고, 여름에는 고온으로 인해 충의 크기도 작고 증식도 느리다. 가을이 되면 여름동안 번식이 어려웠던 진딧물들이 밀도가 증가하는 경향이 있지만, 고추나무의 키가 크고 잎이 무성하여 진딧물의 수가 급격히 증가하지 않는 한 그 피해는 미미하기 때문에 천적을 투입하지 않아도 된다.",농촌진흥청 국가농작물병해충관리시스템 천적곤충현황,https://www.data.go.kr/data/15123428/fileData.do,원문 보존·명시값만 구조화
17,쌀좀알벌,Trichogramma evanescens,벌목,"배추좀나방,조명나방,담배나방,왕담배나방","배추,고추,파프리카","따라서 쌀좀알벌의 방사시기를 잘 선택해야 하는데, 담배나방이 성충기에 방사해야 산란한 알에 기생할 수 있다 | 담배나방 2회와 3회 발생시기는 뚜렷이 구분되지 않고 중첩되어 있기 때문에 쌀좀알벌 방사시기를 정하기가 어렵지만, 담배나방 성충 발생이 감소하였다가 다시 증가하는 시기를 택하면 된다","방사량은 ㎡당 15~30마리(30~60카드/660㎡)를 약 5일 간격으로 2∼3회 이상 방사해야 한다 | 담배나방은 암컷 1마리가 약 10일 동안 300개 이상의 알을 낳고 쌀좀알벌은 수명이 5일 정도로 매우 짧아 방사간격도 짧고, 연속적인 방사를 해야 하므로 비용과 노동력이 많이 소요되는 것이 알벌류들의 단점이다","담배나방의 1회 발생시기를 알기 위해서는 페로몬 트랩 또는 유아등을 설치하여 담배나방이 잡히면 즉시 쌀좀알벌을 방사해야 한다 | 방사량은 ㎡당 15~30마리(30~60카드/660㎡)를 약 5일 간격으로 2∼3회 이상 방사해야 한다 | 담배나방 2회와 3회 발생시기는 뚜렷이 구분되지 않고 중첩되어 있기 때문에 쌀좀알벌 방사시기를 정하기가 어렵지만, 담배나방 성충 발생이 감소하였다가 다시 증가하는 시기를 택하면 된다 | 담배나방은 암컷 1마리가 약 10일 동안 300개 이상의 알을 낳고 쌀좀알벌은 수명이 5일 정도로 매우 짧아 방사간격도 짧고, 연속적인 방사를 해야 하므로 비용과 노동력이 많이 소요되는 것이 알벌류들의 단점이다","성충의 수명은 26℃에서 4일~6일 정도이고, 나방의 알에 기생하는 수는 약 50여 개이다 | 알부터 성충까지의 발육기간은 27℃에서 약 9~12일이 걸리며 38℃ 이상에서는 발육하지 못한다","쌀좀알벌의 기생범위는 매우 넓으며 알 무더기 또는 낱개로 낳는 조명나방, 배추좀나방, 도둑나방, 담배나방, 멸강나방 등에 기생률이 높다 | 그러나 알을 털로 덮어 놓은 담배거세미나방 등의 경우는 기생률이 매우 낮다",,있음,있음,공식 현황 원문에 명시된 조건부 현장·시험 근거,공식 원문-조건부,"고추에서 가장 문제가 되는 해충은 담배나방과 왕담배나방이다. 이들 해충은 알을 무더기로 낳지 않고 1개씩 고추의 잎, 꽃, 과실, 줄기 등에 떨어뜨려 낳기 때문에 방제 또한 매우 어렵다. 담배나방의 알 기간은 5일 이내로 짧을 뿐만 아니라 쌀좀알벌이 기생할 수 있는 기간도 2일차 이내 알에만 가능하고 3일 이상 된 알에는 기생하지 못한다. 따라서 쌀좀알벌의 방사시기를 잘 선택해야 하는데, 담배나방이 성충기에 방사해야 산란한 알에 기생할 수 있다. 담배나방 성충의 발생시기는 년도에 따라 조금씩 차이가 있지만, 대체로 1회가 5월 하~6월 상순, 2회가 8월 상~중순, 3회가 9월 중순경이다. 담배나방의 1회 발생시기를 알기 위해서는 페로몬 트랩 또는 유아등을 설치하여 담배나방이 잡히면 즉시 쌀좀알벌을 방사해야 한다. 방사량은 ㎡당 15~30마리(30~60카드/660㎡)를 약 5일 간격으로 2∼3회 이상 방사해야 한다. 담배나방 2회와 3회 발생시기는 뚜렷이 구분되지 않고 중첩되어 있기 때문에 쌀좀알벌 방사시기를 정하기가 어렵지만, 담배나방 성충 발생이 감소하였다가 다시 증가하는 시기를 택하면 된다. 담배나방은 암컷 1마리가 약 10일 동안 300개 이상의 알을 낳고 쌀좀알벌은 수명이 5일 정도로 매우 짧아 방사간격도 짧고, 연속적인 방사를 해야 하므로 비용과 노동력이 많이 소요되는 것이 알벌류들의 단점이다.",,농촌진흥청 국가농작물병해충관리시스템 천적곤충현황,https://www.data.go.kr/data/15123428/fileData.do,원문 보존·명시값만 구조화
18,예쁜가는배고치벌,Meteorus pulchricornis,벌목,"담배나방,파밤나방,담배거세미나방","파프리카,고추",,"하지만 실내에서 인공사료와 식물(콩)을 이용하여 담배거세미나방을 사육하고 예쁜가는배고치벌을 투입해보면, 예쁜가는배고치벌의 우화수는 인공사료(22마리)보다 콩(195마리)에서, 성충우화율도 인공사료(7.3%)에서 보다 콩(78.0%)에서 사육했을 때 현저히 높다(표1).예쁜가는배고치벌은 2령과 3령의 담배거세미나방 유충에만 기생한다 | 성충우화율은 콩에서 사육했을 때 2령 유충에서 78.9%, 3령 유충에서 70%로 2령 유충을 더 선호한다(표2).식물을 먹이로 담배거세미나방 유충과 함께 사육했을 때 하는 경우 예쁜가는배고치벌의 사육 효율이 높았으며, 담배거세미나방 유충 50마리에 예쁜가는배고치벌 1마리를 투입하였을 때 증식 효율이 가장 높았다(표3).",,"25℃에서 산란-고치까지의 기간은 약 10.6일, 고치-성충우화까지의 기간은 약 7.6일, 산란-성충우화까지의 총 기간은 약 18.2일 소요된다 | 발육이 정지하기 시작하는 온도는 약 4.5℃이다 | 실내 사육시 50% 꿀물을 먹이로 제공하면 25℃에서 약 56일 생존하며 20℃에서는 124일 생존한다","예쁜가는배고치벌은 아직 상업화되어 판매되지 않고 있으며, 앞으로 포장시험을 통해 담배나방, 담배거세미나방 등에 대한 밀도억제효과를 검증 후 이용할 필요가 있다",,부분,있음,공식 현황 원문에 명시된 조건부 현장·시험 근거,공식 원문-조건부,"예쁜가는배고치벌은 아직 상업화되어 판매되지 않고 있으며, 앞으로 포장시험을 통해 담배나방, 담배거세미나방 등에 대한 밀도억제효과를 검증 후 이용할 필요가 있다.","예쁜가는배고치벌을 대량사육하기 위해서는 기주곤충인 나방류의 유충이 필요하며, 나방류 유충을 사육하기 위한 인공사료가 개발되어 있다. 하지만 실내에서 인공사료와 식물(콩)을 이용하여 담배거세미나방을 사육하고 예쁜가는배고치벌을 투입해보면, 예쁜가는배고치벌의 우화수는 인공사료(22마리)보다 콩(195마리)에서, 성충우화율도 인공사료(7.3%)에서 보다 콩(78.0%)에서 사육했을 때 현저히 높다(표1).예쁜가는배고치벌은 2령과 3령의 담배거세미나방 유충에만 기생한다. 성충우화율은 콩에서 사육했을 때 2령 유충에서 78.9%, 3령 유충에서 70%로 2령 유충을 더 선호한다(표2).식물을 먹이로 담배거세미나방 유충과 함께 사육했을 때 하는 경우 예쁜가는배고치벌의 사육 효율이 높았으며, 담배거세미나방 유충 50마리에 예쁜가는배고치벌 1마리를 투입하였을 때 증식 효율이 가장 높았다(표3).",농촌진흥청 국가농작물병해충관리시스템 천적곤충현황,https://www.data.go.kr/data/15123428/fileData.do,원문 보존·명시값만 구조화
19,온실가루이좀벌,Encarsia formosa,벌목,온실가루이,"파프리카,고추,참외,토마토,수박,오이","가루이가 황색 끈끈이트랩에 발견되면 가루이의 종류를 파악해야 한다 | 예찰에 의해 온실가루이가 발견되면 온실가루이좀벌을 방사해야 한다 | 발생초기에는 발생지점 위주로 ㎡당 3~5마리를 1주일 간격으로 3~4회 방사하고, 온실가루이 발생량이 증가하면 천적의 방사량도 증가해야 한다","발생초기에는 발생지점 위주로 ㎡당 3~5마리를 1주일 간격으로 3~4회 방사하고, 온실가루이 발생량이 증가하면 천적의 방사량도 증가해야 한다","발생초기에는 발생지점 위주로 ㎡당 3~5마리를 1주일 간격으로 3~4회 방사하고, 온실가루이 발생량이 증가하면 천적의 방사량도 증가해야 한다","온실가루좀벌은 낮은 온도와 광조건에서 활동력이 떨어지는데, 18℃ 이상에서만 좀벌은 날수 있으며 18℃ 이하에서는 날지 못하고 걷기만 하기 때문에 이동시간이 많이 걸리게 된다 | 따라서 기생은 할 수 있지만 높은 온도에 비해 현저히 떨어지므로 높은 온도보다는 낮은 온도에서 더 많은 문제점을 나타내는 경우가 많다 | 방사방법은 제품인 머미카드가 직사광선이 들지 않는 그늘진 곳에 걸어야 하고, 가능한 발생지점 위주로 집중적으로 거는 것이 효과적이다 | 온도 18~27℃, 습도 50~80% 정도를 선호한다 | 성충의 수명은 25℃에서 12일이지만 30℃에서는 며칠밖에 살지 못한다 | 좀벌의 발육기간은 23℃에서 기생 10일이 지나면 기생된 온실가루이 약충은 검은색으로 변하며 이때 기주 내에 있는 좀벌은 유충상태이다",,,있음,없음,공식 현황 원문에 명시된 조건부 현장·시험 근거,공식 원문-조건부,"가루이가 황색 끈끈이트랩에 발견되면 가루이의 종류를 파악해야 한다. 잎에 붙어있는 알, 번데기 또는 성충의 형태를 통해서 가루이의 종류를 구분할 수 있으나, 끈끈이트랩에 붙어있는 성충으로는 구분하기가 쉽지 않다. 농민 스스로 구분이 어려우면 전문가의 도움을 받으면 쉽게 동정이 가능하다. 발생한 가루이가 온실가루이면 온실가루이좀벌을 이용할 수 있으나, 담배가루이일 경우 온실가루이좀벌을 방사하면 담배가루이에 거의 산란하지 못한다. 온실가루좀벌은 낮은 온도와 광조건에서 활동력이 떨어지는데, 18℃ 이상에서만 좀벌은 날수 있으며 18℃ 이하에서는 날지 못하고 걷기만 하기 때문에 이동시간이 많이 걸리게 된다. 따라서 기생은 할 수 있지만 높은 온도에 비해 현저히 떨어지므로 높은 온도보다는 낮은 온도에서 더 많은 문제점을 나타내는 경우가 많다. 예찰에 의해 온실가루이가 발견되면 온실가루이좀벌을 방사해야 한다. 성충의 수명이 1주일 이내로 매우 짧아 자주 방사해야 하는 번거로움이 있다. 발생초기에는 발생지점 위주로 ㎡당 3~5마리를 1주일 간격으로 3~4회 방사하고, 온실가루이 발생량이 증가하면 천적의 방사량도 증가해야 한다. 방사방법은 제품인 머미카드가 직사광선이 들지 않는 그늘진 곳에 걸어야 하고, 가능한 발생지점 위주로 집중적으로 거는 것이 효과적이다. 천적방사 2~3주 후에 작물 잎에 있는 온실가루이 번데기를 관찰하여 검정색으로 변했으면 기생된 것이므로 좀벌의 기생밀도를 확인할 수 있다.",,농촌진흥청 국가농작물병해충관리시스템 천적곤충현황,https://www.data.go.kr/data/15123428/fileData.do,원문 보존·명시값만 구조화
20,으뜸애꽃노린재,Orius strigicollis,노린재목,"꽃노랑총채벌레,대만총채벌레","오이,파프리카,고추,가지",,고추 정식 약 2개월 후 고추 꽃이 개화하고 작물의 크기가 50㎝ 이상 자랐을 때 방사가 가능하다,,"으뜸애꽃노린재는 25℃에 비해 30℃에서 꽃노랑총채벌레를 많이 포식하며, 성충으로 발육할수록 포식량이 많아진다(표1).으뜸애꽃노린재와 미끌애꽃노린재의 꽃노랑총채벌레 2령 약충 포식수는 각각 14.3마리, 10.9마리로 으뜸애꽃노린재의 포식력이 높다(표2).○ 번식:산란은 새순 줄기나 엽맥 조직체 속에 산란한다 | ○ 생활사: 알, 약충, 성충의 단계를 거치며, 알부터 성충까지는 약 2주정도 걸린다(25～30℃). | 일장이 짧은 겨울에 휴면을 하기 때문에 겨울철에 이용이 어렵지만, 휴면하지 않는 미끌애꽃노린재는 겨울철에 이용이 가능하다 | 25℃에서 으뜸애꽃노린재 1령은 약 2마리, 으뜸애꽃노린재 2령은 약 7마리, 으뜸애꽃노린재 3령은 약 18.5마리, 암컷 성충은 약 23마리의 꽃노랑총채벌레 2령을 포식한다","천적인 애꽃노린재류와 해충인 꽃노랑총채벌레, 대만총채벌레는 공히 꽃을 좋아하는 행동습성을 가지기 때문에 천적과 해충의 주서식지가 같으므로 애꽃노린재류에 의한 총채벌레의 방제효과는 높다",,부분,있음,공식 현황 원문에 명시된 조건부 현장·시험 근거,공식 원문-조건부,"으뜸애꽃노린재는 총채벌레 뿐만 아니라 어린 진딧물, 응애류, 갓 부화한 나방의 유충과 알, 꽃가루 등을 먹는다. 천적인 애꽃노린재류와 해충인 꽃노랑총채벌레, 대만총채벌레는 공히 꽃을 좋아하는 행동습성을 가지기 때문에 천적과 해충의 주서식지가 같으므로 애꽃노린재류에 의한 총채벌레의 방제효과는 높다. 미끌애꽃노린재의 이용방법과 마찬가지로 고추나 파프리카의 꽃이 피어있고 작은 곤충들이 활동하는 조건이면 해충이 발생하기 전이라도 으뜸애꽃노린재를 미리 방사하여 작물에 정착 및 증식시키는 것이 좋다. 고추 정식 약 2개월 후 고추 꽃이 개화하고 작물의 크기가 50㎝ 이상 자랐을 때 방사가 가능하다. 방사방법은 메밀껍질과 섞여있는 으뜸애꽃노린재 제품을 약하게 흔들어서 골고루 섞이게 한 후 고추의 잎에 군데군데 부어 놓으면 되는데, 밝은 한낮을 피하여 방사하는 것이 시설 밖으로 이탈하는 량을 줄일 수 있다. 방사 후에는 확대경을 이용하여 매주 고추나 파프리카의 꽃을 관찰하여 으뜸애꽃노린재가 정착하였는지 확인해야 한다.","으뜸애꽃노린재는 25℃에 비해 30℃에서 꽃노랑총채벌레를 많이 포식하며, 성충으로 발육할수록 포식량이 많아진다(표1).으뜸애꽃노린재와 미끌애꽃노린재의 꽃노랑총채벌레 2령 약충 포식수는 각각 14.3마리, 10.9마리로 으뜸애꽃노린재의 포식력이 높다(표2).○ 번식:산란은 새순 줄기나 엽맥 조직체 속에 산란한다. 하루평균 5～7개씩 산란을 하여 일생동안 약 60～70여개를 산란한다.○ 생활사: 알, 약충, 성충의 단계를 거치며, 알부터 성충까지는 약 2주정도 걸린다(25～30℃).",농촌진흥청 국가농작물병해충관리시스템 천적곤충현황,https://www.data.go.kr/data/15123428/fileData.do,원문 보존·명시값만 구조화
21,응애혹파리,Feltiella acarisuga,파리목,"귤응애,차응애,점박이응애","파프리카,고추","따라서 발견된 지점에 천적을 집중적으로 방사하여 초기에 진압하는 방법이 효과적이다 | 점박이응애의 발생밀도에 따라 응애혹파리의 번데기 방사밀도와 횟수는 차이가 있지만, 점박이응애 발생초기에 응애혹파리의 번데기를 7∼10일 간격으로 3회 방사하는 것이 효과적이다","응애혹파리의 이용 기술을 개발하기 위하여 점박이응애에 대한 방제효과를 조사한 결과 무방사는 점박이응애 접종 후 40일째 326.4마리였으나, 응애혹파리를 3회 방사한 포트에서는 34.5마리로 밀도 감소효과가 우수하였다 | 시설원예작물 재배지에서 점박이응애가 발생하는 초기에 응애혹파리 번데기를 점박이응애 10마리 당 10개체를 점박이응애가 서기하는 잎에 골고루 방사한다","응애혹파리의 이용 기술을 개발하기 위하여 점박이응애에 대한 방제효과를 조사한 결과 무방사는 점박이응애 접종 후 40일째 326.4마리였으나, 응애혹파리를 3회 방사한 포트에서는 34.5마리로 밀도 감소효과가 우수하였다 | 점박이응애의 발생밀도에 따라 응애혹파리의 번데기 방사밀도와 횟수는 차이가 있지만, 점박이응애 발생초기에 응애혹파리의 번데기를 7∼10일 간격으로 3회 방사하는 것이 효과적이다","응애혹파리는 약 85% 이상의 습도를 선호하지만 칠레이리응애 보다 낮은 습도에도 잘 견디는 습성을 가지고 있다 | 광식성인 풀잠자리나, 포식성노린재 일종인 Macrolophus spp.를 동시에 사용할 경우 그들의 피식자가 되므로 혼용을 삼가야 한다 | 유충기간은 22℃에서 5∼7일이고, 다자란 유충은 크기가 약 2mm 내외로 섭식된 먹이 즉 응애의 종류에 따라 연노랑∼적색의 체색을 나타내며, 종령 유충의 경우 흰색반점이 좌우 주변에 확연하게 드러난다","원예작물에 점박이응애가 발생되기 시작하면 응애혹파리를 발생지점 위주로 소량씩 여러번 방사하는 것보다 다량의 천적을 적은 횟수로 방사하는 것이 효과가 높다 | 응애혹파리의 이용 기술을 개발하기 위하여 점박이응애에 대한 방제효과를 조사한 결과 무방사는 점박이응애 접종 후 40일째 326.4마리였으나, 응애혹파리를 3회 방사한 포트에서는 34.5마리로 밀도 감소효과가 우수하였다",,있음,있음,공식 현황 원문에 명시된 조건부 현장·시험 근거,공식 원문-조건부,"시설원예작물 재배지에서 피해를 주고 있는 점박이응애, 차응애, 귤응애 등을 예방하거나 방제하기 위하여 이용하는 천적이 응애혹파리이다. 응애혹파리는 친환경적으로 작물이 재배되거나 생물학적 방제를 실시하는 작물에서 종종 볼 수 있는 종으로 근래에는 해에 따라 다수 발생한다. 응애혹파리의 유충기생봉인 Aphanogmus 속이 보고되어 있으며 이 기생봉은 유충시기에 기생하여 고치 내에서 생활환을 마친 후 성충기에 탈출하므로 포장 적용상 이를 감안하여야 한다. 응애혹파리는 약 85% 이상의 습도를 선호하지만 칠레이리응애 보다 낮은 습도에도 잘 견디는 습성을 가지고 있다. 또한 진딧물이나 온실가루이가 방출하는 감로가 이들 종의 산란력을 높이기도 한다. 잎 뒷면에 번데기를 형성하는 특성을 가지고 있어 토마토, 파프리카의 경우 과다한 하엽제거를 삼가야 일정한 천적밀도를 유지할 수 있어 방제 성공률을 높인다. 따라서 이에 따른 경종적인 방법을 별도로 행하여야 한다. 광식성인 풀잠자리나, 포식성노린재 일종인 Macrolophus spp.를 동시에 사용할 경우 그들의 피식자가 되므로 혼용을 삼가야 한다. 원예작물에 점박이응애가 발생되기 시작하면 응애혹파리를 발생지점 위주로 소량씩 여러번 방사하는 것보다 다량의 천적을 적은 횟수로 방사하는 것이 효과가 높다. 응애는 처음부터 온실 전체에 골고루 발생되지 않고 일부지점에 발생되어 증식이 이루어진 후 포장 전체로 퍼지게 된다. 따라서 발견된 지점에 천적을 집중적으로 방사하여 초기에 진압하는 방법이 효과적이다.","응애혹파리의 이용 기술을 개발하기 위하여 점박이응애에 대한 방제효과를 조사한 결과 무방사는 점박이응애 접종 후 40일째 326.4마리였으나, 응애혹파리를 3회 방사한 포트에서는 34.5마리로 밀도 감소효과가 우수하였다. 현재 국내에서 응애혹파리의 이용 기술은 연구 초보 단계이며 향후 다양한 작물에 활용하기 위해서는 보다 많은 연구가 수행되어야 될 것으로 본다.시설원예작물 재배지에서 점박이응애가 발생하는 초기에 응애혹파리 번데기를 점박이응애 10마리 당 10개체를 점박이응애가 서기하는 잎에 골고루 방사한다. 점박이응애의 발생밀도에 따라 응애혹파리의 번데기 방사밀도와 횟수는 차이가 있지만, 점박이응애 발생초기에 응애혹파리의 번데기를 7∼10일 간격으로 3회 방사하는 것이 효과적이다.",농촌진흥청 국가농작물병해충관리시스템 천적곤충현황,https://www.data.go.kr/data/15123428/fileData.do,원문 보존·명시값만 구조화
22,지중해이리응애,Amblyseius swirskii,응애,"담배가루이,온실가루이","장미,고추,파프리카,토마토","※ 지중해이리응애에 의한 잎응애 방제효과 지중해이리응애의 형태 및 생활사, 방사시기와 방사량은 가루이류 천적 부분에 기술하였으며, 차응애와 차먼지응애에 대한 지중해이리응애의 효과는 그림 1, 2와 같다","고추에서 지중해이리응애의 방사량은 ㎡당 40~80마리(100~200팩/660㎡)를 약 1개월 간격으로 2회 정도 방사하고, 여름에는 고온으로 인한 스트레스 때문에 밀도가 감소하므로 8월 하순경부터 정착 밀도를 관찰하여 추가 방사를 결정한다 | 그러나 지중해이리응애는 점박이응애 알을 하루에 12개밖에 포식하지 못하지만 칠레이리응애는 31개를 포식하기 때문에 일부 지점에 차응애 또는 점박이응애의 발생이 높을 경우 빠른 방제를 위해서 포식력이 높은 칠레이리응애를 발생지점 위주로 방사해야 한다","고추에서 지중해이리응애의 방사량은 ㎡당 40~80마리(100~200팩/660㎡)를 약 1개월 간격으로 2회 정도 방사하고, 여름에는 고온으로 인한 스트레스 때문에 밀도가 감소하므로 8월 하순경부터 정착 밀도를 관찰하여 추가 방사를 결정한다","이러한 원인들은 당해 연도의 포장 환경, 온도 및 습도 등의 영향에 의해 달라질 수 있다 | 알부터 성충까지의 발육기간은 25℃, 습도 70%의 조건에서 7일 정도 소요되며, 1일 산란수는 2~4개이고, 성충의 수명은 약 26일이다","고추에서 지중해이리응애의 방사량은 ㎡당 40~80마리(100~200팩/660㎡)를 약 1개월 간격으로 2회 정도 방사하고, 여름에는 고온으로 인한 스트레스 때문에 밀도가 감소하므로 8월 하순경부터 정착 밀도를 관찰하여 추가 방사를 결정한다 | 표 1은 시설고추에서 지중해이리응애를 방사한 시기와 방사량이며, 그림 1, 2는 지중해이리응애 방사에 의한 담배가루이 방제효과이다 | 천적인 지중해이리응애는 대체로 5월 하순경부터 밀도가 증가하여 6월 중하순에 가장 높은 밀도를 보인 후, 7~8월 여름에는 고온으로 인해 감소하다가 9월경에 다시 증가하는 현상을 보인다 | 만약 작기 초중반부터 수천마리의 담배가루이가 발생한다면 지중해이리응애만으로는 방제가 불가능하고 추가적으로 담배장님노린재나 황온좀벌 등을 방사해야 한다 | ※ 지중해이리응애에 의한 잎응애 방제효과 지중해이리응애의 형태 및 생활사, 방사시기와 방사량은 가루이류 천적 부분에 기술하였으며, 차응애와 차먼지응애에 대한 지중해이리응애의 효과는 그림 1, 2와 같다",,있음,있음,공식 현황 원문에 명시된 조건부 현장·시험 근거,공식 원문-조건부,"지중해이리응애는 총채벌레 천적인 오이이리응애와 같이 해충이 없어도 고추의 꽃가루와 가루이 배설물인 감로, 각종 곰팡이 등을 먹고 생존이 가능하다. 따라서 가루이류가 발생하기 전이라도 고추나무의 크기가 약 70㎝ 이상 성장하였고 꽃이 피어있는 조건이면 지중해이리응애를 방사하여 작물에 정착 및 증식을 시키는 것이 좋다. 이렇게 증식된 지중해이리응애는 가루이류 뿐만 아니라 잎응애가 발생할 경우 초기에 제어가 가능하여 천적의 효과도 높고 비용도 적게 든다. 고추에서 지중해이리응애의 방사량은 ㎡당 40~80마리(100~200팩/660㎡)를 약 1개월 간격으로 2회 정도 방사하고, 여름에는 고온으로 인한 스트레스 때문에 밀도가 감소하므로 8월 하순경부터 정착 밀도를 관찰하여 추가 방사를 결정한다. 추가방사를 해야 하는 경우는 지중해이리응애의 밀도가 매우 낮아 증식하는데 많은 시간이 소요될 것으로 판단될 때 이다. 참고로 지중해이리응애의 판매제품은 병 타입과 팩 타입으로 나뉘는데, 해충발생 전에 포장에 방사하여 정착을 목적으로 할 경우는 병 타입 보다는 팩 타입이 유리하다. 팩 타입은 주머니 속에서 약 1개월 동안 증식되어 밖으로 나오기 때문이다.","표 1은 시설고추에서 지중해이리응애를 방사한 시기와 방사량이며, 그림 1, 2는 지중해이리응애 방사에 의한 담배가루이 방제효과이다.담배가루이는 7월 중하순경부터 증가하기 시작하여 9월 중순 또는 10월 중순에 최고밀도를 보였다. 천적인 지중해이리응애는 대체로 5월 하순경부터 밀도가 증가하여 6월 중하순에 가장 높은 밀도를 보인 후, 7~8월 여름에는 고온으로 인해 감소하다가 9월경에 다시 증가하는 현상을 보인다. 지중해이리응애의 방사량이 2009년에 비해 2010년에는 약 70% 밖에 방사하지 않았어도 담배가루이 발생밀도는 크게 높지 않았다. 지중해이리응애 밀도는 2009년 6월에는 2010년 6월에 비해 배 이상 높았지만 9월의 밀도는 오히려 적게 방사한 2010년이 더 높았다. 이러한 원인들은 당해 연도의 포장 환경, 온도 및 습도 등의 영향에 의해 달라질 수 있다. 담배가루이의 최대 발생량이 일주일 동안 황색트랩 당 약 200마리가 잡혔는데, 이 밀도는 작물에 전혀 피해가 없는 수준이다. 만약 작기 초중반부터 수천마리의 담배가루이가 발생한다면 지중해이리응애만으로는 방제가 불가능하고 추가적으로 담배장님노린재나 황온좀벌 등을 방사해야 한다.※ 지중해이리응애에 의한 잎응애 방제효과 지중해이리응애의 형태 및 생활사, 방사시기와 방사량은 가루이류 천적 부분에 기술하였으며, 차응애와 차먼지응애에 대한 지중해이리응애의 효과는 그림 1, 2와 같다. 시설고추에서 최대한 천적의 비용을 줄이기 위하여 잎응애의 발생이 심하지 않을 경우 칠레이리응애 대신 지중해이리응애를 이용하였다. 터 잡아먹기 때문이다. 그러나 지중해이리응애는 점박이응애 알을 하루에 12개밖에 포식하지 못하지만 칠레이리응애는 31개를 포식하기 때문에 일부 지점에 차응애 또는 점박이응애의 발생이 높을 경우 빠른 방제를 위해서 포식력이 높은 칠레이리응애를 발생지점 위주로 방사해야 한다.",농촌진흥청 국가농작물병해충관리시스템 천적곤충현황,https://www.data.go.kr/data/15123428/fileData.do,원문 보존·명시값만 구조화
23,진디면충좀벌,Aphelinus asychis,벌목,"복숭아혹진딧물,싸리수염진딧물,목화진딧물,감자수염진딧물","고추,파프리카",아직까지는 이 기생봉에 기생하는 중기생자는 국내에서 발견되지 않았다,,,"제품을 받으면 직사광선이 없을 때 방사하는 것이 좋으며, 보관할 경우 약 10℃의 저온에서 보관하고 48시간 이내에 사용하는 것이 좋다 | 콜레마니진디벌에 비해서는 비교적 고온에서 진딧물에 기생하지만, 30℃이상이 되면 천적의 기생력이 떨어질 수 있다 | 알-머미 기간은 25℃에서 6일, 머미-성충우화 기간은 약 7.6일, 알-성충우화기간은 약 13.5일이 소요되며 암컷의 비율은 약 50%이다 | 30℃에서 진디면충좀벌의 치사율은 약 11%, 고치벌과의 진디벌류(Diaeretiella rapae, Aphidius matricariae)의 치사율은 약 92∼100%여서 진디벌류에 비해 비교적 고온에서도 활동가능한 것을 알 수 있다","진딧물이 다발생한 경우에는 방제효과를 보기 어려우므로 콜레마니진디벌, 어비진디벌, 진디혹파리 등의 천적과 함께 사용하는 것을 고려해야 한다 | 30℃에서 진디면충좀벌의 치사율은 약 11%, 고치벌과의 진디벌류(Diaeretiella rapae, Aphidius matricariae)의 치사율은 약 92∼100%여서 진디벌류에 비해 비교적 고온에서도 활동가능한 것을 알 수 있다",,없음,있음,공식 현황 원문에 명시된 조건부 현장·시험 근거,공식 원문-조건부,"진디면충좀벌은 복숭아혹진딧물, 목화진딧물, 감자수염진딧물, 싸리수염진딧물에 기생하거나 기주섭식하여 진딧물을 치사시킨다. 콜레마니진디벌에 비해 기생력이 낮으므로 콜레마니진디벌이 기생하지 못하는 감자수염진딧물과 싸리수염진딧물의 소발생 시 예방적으로 사용하는 것이 좋다. 이 기생성 천적은 국내 천적회사에서 상품화되어 판매되고 있다. 제품을 받으면 직사광선이 없을 때 방사하는 것이 좋으며, 보관할 경우 약 10℃의 저온에서 보관하고 48시간 이내에 사용하는 것이 좋다. 콜레마니진디벌에 비해서는 비교적 고온에서 진딧물에 기생하지만, 30℃이상이 되면 천적의 기생력이 떨어질 수 있다. 진딧물이 다발생한 경우에는 방제효과를 보기 어려우므로 콜레마니진디벌, 어비진디벌, 진디혹파리 등의 천적과 함께 사용하는 것을 고려해야 한다. 아직까지는 이 기생봉에 기생하는 중기생자는 국내에서 발견되지 않았다.",,농촌진흥청 국가농작물병해충관리시스템 천적곤충현황,https://www.data.go.kr/data/15123428/fileData.do,원문 보존·명시값만 구조화
24,진디벌,Aphidius ervi,벌목,"싸리수염진딧물,감자수염진딧물","상추,파프리카,고추",,,,"어비진디벌은 10℃의 낮은 온도에서도 활동을 잘하지만, 수염진딧물류에 대한 기생률이 약 50~60%로 크게 높지 않은 것이 약점이다 | 어비진디벌의 발육기간은 알에서 성충이 되기까지 14℃에서 26일, 20℃에서 14일, 23.6℃에서 12일이 걸린다 | 성충수명은 20℃에서 약 13일정도로 콜레마니진디벌보다 오래 산다","어비진디벌은 10℃의 낮은 온도에서도 활동을 잘하지만, 수염진딧물류에 대한 기생률이 약 50~60%로 크게 높지 않은 것이 약점이다",,없음,있음,공식 현황 원문에 명시된 조건부 현장·시험 근거,공식 원문-조건부,"어비진디벌은 싸리수염진딧물, 감자수염진딧물, 양딸기수염진딧물, 아카시아진딧물, 보리수염진딧물 등에 기생한다. 콜레마니진디벌은 몸이 작아수염진딧물류와 같이 체장이 크고 다리도 긴 진딧물은 기생벌이 공격하면 방어행동이 강하게 나타나기 때문에 기생하기가 쉽지 않다. 고추에서 어비진디벌의 사용은 싸리수염진딧물 등의 방제에 사용되는데, 고추포장에 진딧물이 발생하면 먼저 어떤 종류의 진딧물인지 파악해야 한다. 주로 복숭아혹진딧물과 목화진딧물이 대부분 발생하지만 만약 싸리수염진딧물이 발생하면 발생지점에 어비진디벌을 방사한다. 어비진디벌은 10℃의 낮은 온도에서도 활동을 잘하지만, 수염진딧물류에 대한 기생률이 약 50~60%로 크게 높지 않은 것이 약점이다.<국립농업과학원 작물보호과 농업연구사 김정환>",,농촌진흥청 국가농작물병해충관리시스템 천적곤충현황,https://www.data.go.kr/data/15123428/fileData.do,원문 보존·명시값만 구조화
25,진디혹파리,Aphidoletes aphidimyza,파리목,"목화진딧물,감자수염진딧물,복숭아혹진딧물,싸리수염진딧물","파프리카,오이,딸기,수박,참외,고추",혹파리 유충은 진딧물을 발견하면 큰 턱을 이용하여 표피 또는 다리의 관절부위를 찔러 독소를 주입하고 진딧물의 혈림프를 빨아 먹는다,,,"진디혹파리는 온실에서 이용할 때 20~26℃가 가장 효과적이다 | 유충기간동안 복숭아혹진딧물 포식량은 25℃에서 15.5마리였으며 진딧물 밀도가 높으면 먹지 않고 죽여 두는 진딧물 수가 많다 | 유충은 80%이상의 높은 습도를 좋아하지만 50%이하로 떨어지면 진딧물을 약 30%이상 더 많이 흡즙하여 생존율을 높인다 | 휴면은 단일과 저온에 의해 유기되며 보통 17℃에서 12~14시간의 광조건에서 휴면하므로 동절기에는 사용하기 어렵다 | 진디혹파리 각 태별 기간은 25℃에서 알 2.4일, 유충 5.3일, 번데기 11.1일, 성충 8.9일(♀), 6.8(♂), 산란전기 2.3일, 산란수 105.3개이다","성충으로 방사할 경우는 밤에 방사해야하며, 진딧물이 발생한 지점위주로 방사하는 것이 방제효과를 높일 수 있다",,없음,있음,공식 현황 원문에 명시된 조건부 현장·시험 근거,공식 원문-조건부,"진디혹파리는 온실에서 이용할 때 20~26℃가 가장 효과적이다. 진디혹파리는 진딧물의 콜로니가 최초로 형성되었을 때 방사해야 한다. 방사방법은 고치형태로 시판되고 있는 진디혹파리 번데기를 그늘지고 습기가 있는 작물의 밑 토양표면에 분배한다. 성충으로 방사할 경우는 밤에 방사해야하며, 진딧물이 발생한 지점위주로 방사하는 것이 방제효과를 높일 수 있다. 진디혹파리는 유충은 토양 속에서 고치를 짓기 때문에 시멘트바닥으로 된 온실에서는 방사주변에 습기가 있는 축축한 모래를 깔아둘 필요가 있다.",,농촌진흥청 국가농작물병해충관리시스템 천적곤충현황,https://www.data.go.kr/data/15123428/fileData.do,원문 보존·명시값만 구조화
26,참딱부리긴노린재,Geocoris pallidipennis,노린재목,담배가루이,"파프리카,고추,참외",,,,"담배가루이의 대표적인 천적인 황온좀벌, 지중해이리응애 등은 35℃이상의 고온에서는 잘 활동하지 못하기 때문에 여름철 비닐하우스 조건에서 사용이 어렵다 | 참딱부리긴노린재 약충은 37.5℃까지 발육이 가능하고, 성충은 40℃에서 발육과 산란이 가능하다 | 우리나라 온실들은 대부분이 7월∼9월경에 35℃ 이상의 고온을 나타내고 있지만, 현재 국내에서 사용되고 있는 거의 모든 천적은 35℃이상에서 정상적인 활동을 하지 못하는 것으로 알려져 있어 천적이용이 매우 어려운 실정이다 | 따라서 우리나라 하절기 높은 온도조건에서도 적응이 가능한 참딱부리긴노린재의 실용화를 평가가 필요하며, 향후 해충별 방제 능력과 작물별 정착가능 여부에 대한 추가적인 포장평가가 필요할 것이다 | 발육이 가능한 최소한의 온도는 알기간에 14.5℃, 알-약충기간에 14.8℃이다 | 사육실에서 사육용기에 줄알락명나방 알과 토마토 또는 참외의 건조잎, 탈지면, 수분을 공급한 탈지면을 넣고 25℃, 습도 70∼80%를 유지하면서 사육할 수 있다(25∼35일 소요). | 실내에서 사육했을 때 25℃에서 알기간 약 13일(부화율 85%), 1령 약충 6일, 2령 약충 5일, 3령 약충 5일, 4령 약충 6일, 5령 약충기간은 8일정도 소요된다 | 37.5℃까지 생존했으며, 40℃에서는 1∼2령까지는 발육하였으나 3령부터는 발육하지 못하였다 | 하지만 40℃에서 참딱부리긴노린재 성충은 산란을 하였고, 담배가루이 알, 유충, 번데기를 포식하였다","담배가루이는 살충제에 의한 저항성 발달이 빠르고 방제가 어려운 해충이므로, 천적을 이용한 생물적 방제가 필요하다",,없음,있음,공식 현황 원문에 명시된 조건부 현장·시험 근거,공식 원문-조건부,"담배가루이는 살충제에 의한 저항성 발달이 빠르고 방제가 어려운 해충이므로, 천적을 이용한 생물적 방제가 필요하다. 담배가루이의 대표적인 천적인 황온좀벌, 지중해이리응애 등은 35℃이상의 고온에서는 잘 활동하지 못하기 때문에 여름철 비닐하우스 조건에서 사용이 어렵다. 참딱부리긴노린재 약충은 37.5℃까지 발육이 가능하고, 성충은 40℃에서 발육과 산란이 가능하다. 우리나라 온실들은 대부분이 7월∼9월경에 35℃ 이상의 고온을 나타내고 있지만, 현재 국내에서 사용되고 있는 거의 모든 천적은 35℃이상에서 정상적인 활동을 하지 못하는 것으로 알려져 있어 천적이용이 매우 어려운 실정이다. 따라서 우리나라 하절기 높은 온도조건에서도 적응이 가능한 참딱부리긴노린재의 실용화를 평가가 필요하며, 향후 해충별 방제 능력과 작물별 정착가능 여부에 대한 추가적인 포장평가가 필요할 것이다.","참딱부리긴노린재는 약충 시기에 담배가루이 알과 유충을 선호하며, 몸의 크기가 큰 성충시기에는 담배가루이 번데기를 선호한다. 발육이 가능한 최소한의 온도는 알기간에 14.5℃, 알-약충기간에 14.8℃이다.",농촌진흥청 국가농작물병해충관리시스템 천적곤충현황,https://www.data.go.kr/data/15123428/fileData.do,원문 보존·명시값만 구조화
27,칠레이리응애,Phytoseiulus persimilis,응애,"차먼지응애,점박이응애","파프리카,고추,딸기,장미",,"잎응애 발생이 일부 지점에만 발생하면 ㎡당 약 3마리(1병/660㎡)를 2주 간격으로 2~3회 발생지점 위주로 방사한다 | 잎응애류가 피해가 날 정도는 아니지만 포장에 많이 퍼져 있다면 ㎡당 약 6~9마리(2~3병/660㎡)를 1주 간격으로 2~3회 잎응애류 발생량이 많은 지점 위주로 방사한다 | 만약 잎응애가 증가하지 않거나 칠레이리응애가 잎응애 30마리당 2마리 정도 보이면 추가방사를 하지 말고, 약 1주일 간격으로 해충과 천적의 발생상황을 살펴야 한다","잎응애 발생이 일부 지점에만 발생하면 ㎡당 약 3마리(1병/660㎡)를 2주 간격으로 2~3회 발생지점 위주로 방사한다 | 잎응애류가 피해가 날 정도는 아니지만 포장에 많이 퍼져 있다면 ㎡당 약 6~9마리(2~3병/660㎡)를 1주 간격으로 2~3회 잎응애류 발생량이 많은 지점 위주로 방사한다 | 만약 잎응애가 증가하지 않거나 칠레이리응애가 잎응애 30마리당 2마리 정도 보이면 추가방사를 하지 말고, 약 1주일 간격으로 해충과 천적의 발생상황을 살펴야 한다","칠레이리응애가 효과를 발휘하는 적합한 환경은 20~25℃의 온도와 70% 이상의 습도조건이 가장 좋다 | 온도 35℃이상에서는 생존하지 못하고, 습도 40% 이하에서는 알이 거의 부화되지 않아 증식이 어렵다 | 실제 알 부화율을 보면 27℃에서 습도 80%에서는 부화율이 90% 이상이나, 21℃에서는 습도 40%에서는 8% 정도 밖에 부화되지 않는다 | 칠레이리응애의 방사량은 잎응애류의 발생시기 또는 발생량에 따라 달라지는데 온도가 높은 시기에 발생하면 잎응애류의 증식이 빨라지기 때문에 천적의 방사량도 많아진다 | 발육기간은 25℃에서 알 2.3일, 유충 0.7일, 전약충 1.1일, 후약충 1.3일로 알에서 성충이 되기까지 5.4일이 걸린다 | 한세대 기간이 20℃에서 점박이응애는 9일인데 비해 칠레이리응애는 7일 정도로 짧아 증식속도가 매우 빠르다 | 칠레이리응애 성충의 점박이응애 포식량은 25℃에서 가장 많은 포식량을 보이는데, 30℃이상에서는 먹는 양이 감소하고 35℃에서는 먹지 못한다 | 칠레이리응애가 점박이응애를 하루 포식하는 수는 25℃에서 알 30.5개, 약충 8.3마리, 성충 2.8마리를 먹는다","그러나 잎응애류의 발생량이 많고 발생범위도 넓을 경우, 칠레이리응애를 잎응애류의 발생이 많은 지점 위주로 집중적으로 방사하는 것이 효과가 높다",,있음,있음,공식 현황 원문에 명시된 조건부 현장·시험 근거,공식 원문-조건부,"칠레이리응애가 효과를 발휘하는 적합한 환경은 20~25℃의 온도와 70% 이상의 습도조건이 가장 좋다. 온도 35℃이상에서는 생존하지 못하고, 습도 40% 이하에서는 알이 거의 부화되지 않아 증식이 어렵다. 실제 알 부화율을 보면 27℃에서 습도 80%에서는 부화율이 90% 이상이나, 21℃에서는 습도 40%에서는 8% 정도 밖에 부화되지 않는다. 칠레이리응애는 먹이가 없으면 동족간 포식(cannibalism)으로 모두 사라진다. 시설고추에서 칠레이리응애 이용은 점박이응애 또는 차응애 등의 발생이 일부 지점 몇 군데에 국한하고 발생량도 많지 않을 경우, 가루이 천적인 지중해이리응애를 사전에 방사하여 작물에 정착시켰다면 칠레이리응애를 사용하지 않아도 된다. 꽃가루 등을 먹고 생존이 가능한 지중해이리응애는 고추 잎에서 돌아다니며 잎응애류의 알, 유충 등을 포식하기 때문에 소량 발생한 잎응애류는 증식하지 못하고 사라진다. 그러나 잎응애류의 발생량이 많고 발생범위도 넓을 경우, 칠레이리응애를 잎응애류의 발생이 많은 지점 위주로 집중적으로 방사하는 것이 효과가 높다. 칠레이리응애의 방사량은 잎응애류의 발생시기 또는 발생량에 따라 달라지는데 온도가 높은 시기에 발생하면 잎응애류의 증식이 빨라지기 때문에 천적의 방사량도 많아진다. 잎응애 발생이 일부 지점에만 발생하면 ㎡당 약 3마리(1병/660㎡)를 2주 간격으로 2~3회 발생지점 위주로 방사한다. 잎응애류가 피해가 날 정도는 아니지만 포장에 많이 퍼져 있다면 ㎡당 약 6~9마리(2~3병/660㎡)를 1주 간격으로 2~3회 잎응애류 발생량이 많은 지점 위주로 방사한다. 천적을 방사한 후에는 수시로 관찰하여 해충과 천적의 밀도를 조사해야 한다. 만약 잎응애가 증가하지 않거나 칠레이리응애가 잎응애 30마리당 2마리 정도 보이면 추가방사를 하지 말고, 약 1주일 간격으로 해충과 천적의 발생상황을 살펴야 한다. 만약 잎응애 밀도는 증가되는데 칠레이리응애는 증가하지 않는다면 즉시 칠레이응애의 추가 방사가 필요하다",,농촌진흥청 국가농작물병해충관리시스템 천적곤충현황,https://www.data.go.kr/data/15123428/fileData.do,원문 보존·명시값만 구조화
28,칠성풀잠자리붙이,Chrysopa pallens,풀잠자리목,"감자수염진딧물,목화진딧물,싸리수염진딧물,복숭아혹진딧물","파프리카,참외,딸기,고추,수박,오이",,,,"칠성풀잠자리붙이는 성충과 유충기에 모두 진딧물을 포식하는데, 3령 유충기에 목화진딧물 약충과 성충의 포식량은 27℃에서 각각 1,341.4마리와 541.0마리를 먹는다 | 성충의 수명은 27℃에서 77.7일이며, 산란수는 1,136개이다",,,없음,없음,공식 현황 원문에 명시된 조건부 현장·시험 근거,공식 원문-정성,"칠성풀잠자리붙이는 성충과 유충기에 모두 진딧물을 포식하는데, 3령 유충기에 목화진딧물 약충과 성충의 포식량은 27℃에서 각각 1,341.4마리와 541.0마리를 먹는다. 그러나 칠성풀잠자리붙이 성충은 불빛에 잘 끌리는 특성을 갖고 있으며, 가장 많이 유인되는 시간은 밤 10시~11시 사이이다. 포장 주변에 가로등 같은 불빛이 있으면 정착하지 못하고 외부로 이탈하기 때문에 이런 경우 이용을 고려해야 한다. 고추에서 진딧물 방제 천적으로 콜레마니진디벌 이용이 가장 우선이며, 풀잠자리, 무당벌레, 혹파리 등은 콜레마니진디벌의 이용에 불리한 황경이나, 수염진딧물류 발생 또는 진디벌을 공격하는 중복기생벌이 발생하였을 때 사용한다.",,농촌진흥청 국가농작물병해충관리시스템 천적곤충현황,https://www.data.go.kr/data/15123428/fileData.do,원문 보존·명시값만 구조화
29,콜레마니진디벌,Aphidius colemani,벌목,"목화진딧물,복숭아혹진딧물","파프리카,오이,딸기,고추,참외,수박","그러나 진딧물의 첫 발생 지점을 발견하기가 쉽지가 않다 | 따라서 발견된 지점에 천적을 집중적으로 방사하여 초기에 진압하는 방법이 효과적이다 | 콜레마니진디벌의 방사시기와 방사량은 4~5월에 진딧물이 보이면 ㎡당 1∼2마리를 진딧물 발생지점 위주로 1~3회 방사하는데, 진딧물의 발생량에 따라 천적의 사용량은 가감된다 | 아래 사진과 같은 중복기생벌이 발견되면 콜레마니진디벌의 효율성이 떨어지므로 진디혹파리 등을 이용하는 것이 좋다 | 시험포장에 발생한 진딧물의 종류는 복숭아혹진딧물과 목화진딧물이었으며, 발생시기는 4월 16일에 잎 당 0.13마리가 최초 발견되었고, 4월 29일 잎 당 0.22마리까지 증가하였다 | 간혹 2마리 이상의 진디벌 유충이 한 마리의 기주 체내에서 발견되기도 하지만, 그 숫자는 극히 적다","진디벌 유지식물 투입방법은 2가지가 있는데, 하나는 작물 정식 약 1~2주 전에 보리를 660㎡당 2~3군데 땅을 파고 보리를 파종하여 성장시킨 후 기장테두리진딧물과 진디벌을 접종하는 방법이 있고, 다른 하나는 시판되는 진디벌 뱅커플랜트를 구입하여 땅에 이식하는 방법이다 | 콜레마니진디벌의 방사시기와 방사량은 4~5월에 진딧물이 보이면 ㎡당 1∼2마리를 진딧물 발생지점 위주로 1~3회 방사하는데, 진딧물의 발생량에 따라 천적의 사용량은 가감된다","콜레마니진디벌의 방사시기와 방사량은 4~5월에 진딧물이 보이면 ㎡당 1∼2마리를 진딧물 발생지점 위주로 1~3회 방사하는데, 진딧물의 발생량에 따라 천적의 사용량은 가감된다","온도가 높은 여름철에는 콜레마니진디벌의 활력이 약할 뿐만 아니라, 진디벌을 기생하는 중복기생벌(Asaphes lucens)이 발생하기 쉽다 | 진디벌에 기생된 진딧물은 26℃에서 6.5일이면 잎에 고정되고 진딧물은 부풀어 올라 머미가 된다 | 25℃에서 알부터 성충이 되기까지 10.0일, 성충 수명은 4.4일. | 산란율은 25℃에서 우화 1일째 43.3%, 2일째 34.1%, 3일째 14.9%, 4일째 7.7%로 우화 후 3일 이내에 90%이상 산란한다","고추에 진딧물이 발생되기 시작하면 콜레마니진디벌을 발생지점 위주로 소량씩 여러번 방사하는 것보다 다량의 천적을 적은 횟수로 방사하는 것이 효과가 높다 | 만약 진딧물이 대발생하여 천적사용시기를 놓쳤거나, 천적으로의 방제가 어려운 진딧물이 발생하였을 경우는 천적에 비교적 안전한 약제인 체스 수화제 (피메트로진)를 살포하여 진딧물의 밀도를 줄인 후 콜레마니진디벌을 방사한다 | 시설 고추에서 콜레마니진디벌을 방사한 시기와 방사량이며, 그림 1은 콜레마니진디벌 방사에 의한 진딧물 방제효과이다",,있음,있음,공식 현황 원문에 명시된 조건부 현장·시험 근거,공식 원문-조건부,"진딧물에 기생하여 진딧물을 치사시키는 기생성 천적으로서 상업적으로 가장 많이 이용되고 있다. 콜레마니진디벌의 이용을 위해서는 진딧물의 발생지점을 빨리 예찰하고, 발생된 진딧물의 종류를 파악하여 그에 적합한 천적을 투입해야 한다. 그러나 진딧물의 첫 발생 지점을 발견하기가 쉽지가 않다. 그렇다고 수명이 짧은 콜레마니진디벌을 지속적으로 방사하기에는 비용이 너무 많이 소요된다. 이러한 어려운 점을 해결하기 위한 방법이 진디벌 유지식물(banker plant)을 이용하는 것이다. 진디벌 유지식물은 보리에 기장테두리진딧물 또는 보리두갈래진딧물을 일정량 증식시키고, 거기에 콜레마니진디벌을 접종하여 콜레마니진디벌이 연속적으로 발생할 수 있는 장소를 제공하는 것이다. 포장에 투입한 진디벌 유지식물에서 발생되는 콜레마니진디벌은 약 50m 이상 이동하며 작물에 발생되는 진딧물을 기생하게 된다.진디벌 유지식물 투입방법은 2가지가 있는데, 하나는 작물 정식 약 1~2주 전에 보리를 660㎡당 2~3군데 땅을 파고 보리를 파종하여 성장시킨 후 기장테두리진딧물과 진디벌을 접종하는 방법이 있고, 다른 하나는 시판되는 진디벌 뱅커플랜트를 구입하여 땅에 이식하는 방법이다. 대체로 전자의 경우가 물관리가 편하고 보리 이식에 따른 스트레스를 받지 않아 튼튼하게 자란다. 기장테두리진딧물과 콜레마니진디벌이 함께 공존하는 천적 유지식물을 이용하는 이와 같은 방법은 오이에서 목화진딧물을 효과적으로 방제할 수 있었다는 연구 결과가 많이 보고된 바 있다.고추에 진딧물이 발생되기 시작하면 콜레마니진디벌을 발생지점 위주로 소량씩 여러번 방사하는 것보다 다량의 천적을 적은 횟수로 방사하는 것이 효과가 높다. 진딧물은 처음부터 온실 전체에 골고루 발생되지 않고 일부지점에 발생되어 증식이 이루어진 후 포장 전체로 퍼지게 된다. 따라서 발견된 지점에 천적을 집중적으로 방사하여 초기에 진압하는 방법이 효과적이다. 콜레마니진디벌의 방사시기와 방사량은 4~5월에 진딧물이 보이면 ㎡당 1∼2마리를 진딧물 발생지점 위주로 1~3회 방사하는데, 진딧물의 발생량에 따라 천적의 사용량은 가감된다. 가을에는 진딧물 발생이 많지 않으면 콜레마니진디벌을 방사하지 않아도 된다. 만약 진딧물이 대발생하여 천적사용시기를 놓쳤거나, 천적으로의 방제가 어려운 진딧물이 발생하였을 경우는 천적에 비교적 안전한 약제인 체스 수화제 (피메트로진)를 살포하여 진딧물의 밀도를 줄인 후 콜레마니진디벌을 방사한다.온도가 높은 여름철에는 콜레마니진디벌의 활력이 약할 뿐만 아니라, 진디벌을 기생하는 중복기생벌(Asaphes lucens)이 발생하기 쉽다. 아래 사진과 같은 중복기생벌이 발견되면 콜레마니진디벌의 효율성이 떨어지므로 진디혹파리 등을 이용하는 것이 좋다. 중복기생벌의 확인은 콜레마니진디벌 보다 더듬이가 짧고, 몸은 검은색으로 길이가 작으며 머미에서 성충으로 우화한 원형의 구멍이 매끄럽지 못하다. 중기생봉이 발생하면 진디혹파리 등 다른 천적을 투입하거나 진딧물 밀도가 높을 경우 선택성 살충제의 살포가 필요하다.","시설 고추에서 콜레마니진디벌을 방사한 시기와 방사량이며, 그림 1은 콜레마니진디벌 방사에 의한 진딧물 방제효과이다. 시험포장에 발생한 진딧물의 종류는 복숭아혹진딧물과 목화진딧물이었으며, 발생시기는 4월 16일에 잎 당 0.13마리가 최초 발견되었고, 4월 29일 잎 당 0.22마리까지 증가하였다. 그러나 진딧물이 기생된 머미(콜레마니진디벌 유충)가 5월 6일 잎 당 0.3마리까지 증가함에 따라 진딧물은 5월 14일에는 완전히 방제 되었다. 진딧물은 작기 후반 9월과 10월에 일부 적은 밀도가 발생은 하였으나 문제되지 않았다. 반촉성재배 시설고추에서 진딧물의 발생은 대체로 봄(4~6월)에 발생하는 경우가 피해가 심하고, 여름에는 고온으로 인해 충의 크기도 작고 증식도 느리다. 가을이 되면 여름동안 번식이 어려웠던 진딧물들이 밀도가 증가하는 경향이 있지만, 고추나무의 키가 크고 잎이 무성하여 진딧물의 수가 급격히 증가하지 않는 한 그 피해는 미미하기 때문에 천적을 투입하지 않아도 된다.",농촌진흥청 국가농작물병해충관리시스템 천적곤충현황,https://www.data.go.kr/data/15123428/fileData.do,원문 보존·명시값만 구조화
30,호랑풀잠자리,Micromus angulatus,풀잠자리목,"복숭아혹진딧물,싸리수염진딧물,감자수염진딧물,목화진딧물","딸기,파프리카,고추,오이,참외,수박",,,,,"콜레마니진디벌로 방제가 어려운 싸리수염진딧물, 완두수염진딧물 등이 발생하였을 경우 효과적으로 이용할 수 있을 것이다",,없음,있음,공식 현황 원문에 명시된 조건부 현장·시험 근거,공식 원문-조건부,"호랑풀잠자리는 국내 토착 종으로 성충은 구기가 있어 진딧물을 씹어서 먹지만 유충은 구침을 꽂아 체액을 빨아 먹는다. 최근에 개발한 천적으로 국내에서 농가에 적용한 사례가 많지 않아 정확한 효과에 대하여 말하기는 아직 이르다. 하지만 실험실에서 진딧물을 포식하는 특성을 관찰한 결과 칠성풀잠자리 등 녹색계통의 풀잠자리 보다 정착 증식하는 능력이 뛰어났으며, 포식력도 결코 뒤지지 않는 것으로 판단되었다. 콜레마니진디벌로 방제가 어려운 싸리수염진딧물, 완두수염진딧물 등이 발생하였을 경우 효과적으로 이용할 수 있을 것이다. 추후 구체적인 생물학적 특성과 농가실증을 통하여 진딧물 방제용 천적으로서의 이용가능성을 평가할 것이다.",,농촌진흥청 국가농작물병해충관리시스템 천적곤충현황,https://www.data.go.kr/data/15123428/fileData.do,원문 보존·명시값만 구조화
31,호리꽃등에,Episyrphus balteatus,파리목,"목화진딧물,싸리수염진딧물,감자수염진딧물,복숭아혹진딧물","파프리카,오이,참외,고추,가지",,,,"유충은 15℃이하에서 산란하지 못하며, 번데기에서 성충으로 우화하는데 높은 상대습도가 필요하다 | 유충은 20℃에서 약 2주 생존한다",,,없음,없음,공식 현황 원문에 명시된 조건부 현장·시험 근거,공식 원문-정성,"호리꽃등에 유충은 여러 진딧물을 포식하는 천적이며 예방용 또는 치료용으로 사용할 수 있지만, 콜레마니진디벌, 진디면충좀벌, 무당벌레 등의 천적에 비해 이동성이 낮으므로 주로 진딧물 밀도가 높은 곳에서 치료용으로 사용하는 것이 좋다. 유충은 15℃이하에서 산란하지 못하며, 번데기에서 성충으로 우화하는데 높은 상대습도가 필요하다. 또한 낮동안에는 작물에서 잘 활동하지 않으며 주로 밤에 진딧물을 포식한다. 고추, 파프리카와 같이 잎에 털이 없어 유충의 이동이 쉬운 작물에서 효과적이다. 성충은 알을 생산하기 위해서 꿀과 화분을 먹는다. 국내에서는 아직 진딧물 방제용으로 상품화되어 있지 않다.",,농촌진흥청 국가농작물병해충관리시스템 천적곤충현황,https://www.data.go.kr/data/15123428/fileData.do,원문 보존·명시값만 구조화
32,황온좀벌,Eretmocerus eremicus,벌목,"담배가루이,온실가루이","파프리카,오이,수박,토마토,참외,고추",황온좀벌의 방사시기는 황색 끈끈이트랩에 담배가루이나 온실가루이가 발견되면 즉시 방사해야 한다 | 방사방법은 황온좀벌의 행동반경이 넓지 않기 때문에 가루이가 많이 발견된 지점에 집중적으로 방사하는 것이 효과적이다,,,"황온좀벌은 미국 남서부가 원산으로 온실가루이좀벌에 비해 높은 온도(25∼29℃)에서 활동성이 좋다 | 산란부터 약 20일(25℃)이 지나면 성충으로 우화하며, 성충은 교미를 하고 산란하면 약 60% 정도가 암컷이 되지만 교미를 하지 않고 산란하면 수컷이 된다 | 산란수는 하루에 25℃에서 약 14개이고, 일생동안 약 50~200여 개를 산란한다","좀벌 방사 후 기생률이 70% 이상 될 때까지 주기적으로 방사해야 하는데, 황온좀벌 방사 후 약 3주가 지나야 기생여부를 확인할 수 있다","좀벌 방사 후 기생률이 70% 이상 될 때까지 주기적으로 방사해야 하는데, 황온좀벌 방사 후 약 3주가 지나야 기생여부를 확인할 수 있다",없음,있음,공식 현황 원문에 명시된 조건부 현장·시험 근거,공식 원문-조건부,"황온좀벌의 방사시기는 황색 끈끈이트랩에 담배가루이나 온실가루이가 발견되면 즉시 방사해야 한다. 방사방법은 황온좀벌의 행동반경이 넓지 않기 때문에 가루이가 많이 발견된 지점에 집중적으로 방사하는 것이 효과적이다. 방사위치는 작물의 중하위 부근의 그늘진 곳에 머미 제품을 걸어주면 된다. 좀벌 방사 후 기생률이 70% 이상 될 때까지 주기적으로 방사해야 하는데, 황온좀벌 방사 후 약 3주가 지나야 기생여부를 확인할 수 있다. 온실가루이좀벌과 달리 황온좀벌에 기생된 담배가루이 머미는 검은색으로 변하지 않고 연한 황색을 띠기 때문에 처음에는 구분하기가 매우 어렵다.",,농촌진흥청 국가농작물병해충관리시스템 천적곤충현황,https://www.data.go.kr/data/15123428/fileData.do,원문 보존·명시값만 구조화
