천적곤충명,학명,대상해충,이용작물,시험그룹,관찰시점_일,지표명,공식보고값_퍼센트,직접대조군명시,인과효과율해석허용,원문구간번호,원문문장,근거등급,적용수준,원천행번호,공식출처명,원본URL,해석주의
가루진디벌,Diaeretiella rapae,"무우테두리진딧물,복숭아혹진딧물","상추,배추",그룹 미기재,,기생률,80.0,아니오,아니오,3,"무우테두리진딧물에 대한 가루진디벌의 접종밀도에 따른 기생률 비교에서는 가루진디벌레에 대한 무우테두리진딧물의 밀도가 1:5, 1:10에서의 기생률이 80%, 80%로서 1:1과 1:20보다 높았다",공식 원문-조건부,공식 현황 원문에 명시된 조건부 현장·시험 근거,2,농촌진흥청 국가농작물병해충관리시스템 천적곤충현황,https://www.data.go.kr/data/15123428/fileData.do,직접 대조군이 명시된 동일조건 결과만 인과효과로 해석 가능; 그 외 값은 시험군의 공식 보고 궤적
가루진디벌,Diaeretiella rapae,"무우테두리진딧물,복숭아혹진딧물","상추,배추",그룹 미기재,,기생률,80.0,아니오,아니오,3,"무우테두리진딧물에 대한 가루진디벌의 접종밀도에 따른 기생률 비교에서는 가루진디벌레에 대한 무우테두리진딧물의 밀도가 1:5, 1:10에서의 기생률이 80%, 80%로서 1:1과 1:20보다 높았다",공식 원문-조건부,공식 현황 원문에 명시된 조건부 현장·시험 근거,2,농촌진흥청 국가농작물병해충관리시스템 천적곤충현황,https://www.data.go.kr/data/15123428/fileData.do,직접 대조군이 명시된 동일조건 결과만 인과효과로 해석 가능; 그 외 값은 시험군의 공식 보고 궤적
가루진디벌,Diaeretiella rapae,"무우테두리진딧물,복숭아혹진딧물","상추,배추",2회 방사,7.0,방제가,66.1,아니오,아니오,5,"시설 양배추 포장에서 무우테두리진딧물에 대한 가루진디벌의 방제 효과는 1회 방사 후 7일째 방제가는 66.1%, 14일째 76.0%, 21일째 64.6%, 28일째 67.2%였고, 2회 방사 후 7일째 77.7%, 14일째 85.3%, 21일째 76.3%, 28일째 79.7%로서 2회 방사구에서 방제효과가 더 높았다",공식 원문-조건부,공식 현황 원문에 명시된 조건부 현장·시험 근거,2,농촌진흥청 국가농작물병해충관리시스템 천적곤충현황,https://www.data.go.kr/data/15123428/fileData.do,직접 대조군이 명시된 동일조건 결과만 인과효과로 해석 가능; 그 외 값은 시험군의 공식 보고 궤적
가루진디벌,Diaeretiella rapae,"무우테두리진딧물,복숭아혹진딧물","상추,배추",2회 방사,14.0,방제가,76.0,아니오,아니오,5,"시설 양배추 포장에서 무우테두리진딧물에 대한 가루진디벌의 방제 효과는 1회 방사 후 7일째 방제가는 66.1%, 14일째 76.0%, 21일째 64.6%, 28일째 67.2%였고, 2회 방사 후 7일째 77.7%, 14일째 85.3%, 21일째 76.3%, 28일째 79.7%로서 2회 방사구에서 방제효과가 더 높았다",공식 원문-조건부,공식 현황 원문에 명시된 조건부 현장·시험 근거,2,농촌진흥청 국가농작물병해충관리시스템 천적곤충현황,https://www.data.go.kr/data/15123428/fileData.do,직접 대조군이 명시된 동일조건 결과만 인과효과로 해석 가능; 그 외 값은 시험군의 공식 보고 궤적
가루진디벌,Diaeretiella rapae,"무우테두리진딧물,복숭아혹진딧물","상추,배추",2회 방사,21.0,방제가,64.6,아니오,아니오,5,"시설 양배추 포장에서 무우테두리진딧물에 대한 가루진디벌의 방제 효과는 1회 방사 후 7일째 방제가는 66.1%, 14일째 76.0%, 21일째 64.6%, 28일째 67.2%였고, 2회 방사 후 7일째 77.7%, 14일째 85.3%, 21일째 76.3%, 28일째 79.7%로서 2회 방사구에서 방제효과가 더 높았다",공식 원문-조건부,공식 현황 원문에 명시된 조건부 현장·시험 근거,2,농촌진흥청 국가농작물병해충관리시스템 천적곤충현황,https://www.data.go.kr/data/15123428/fileData.do,직접 대조군이 명시된 동일조건 결과만 인과효과로 해석 가능; 그 외 값은 시험군의 공식 보고 궤적
가루진디벌,Diaeretiella rapae,"무우테두리진딧물,복숭아혹진딧물","상추,배추",2회 방사,28.0,방제가,67.2,아니오,아니오,5,"시설 양배추 포장에서 무우테두리진딧물에 대한 가루진디벌의 방제 효과는 1회 방사 후 7일째 방제가는 66.1%, 14일째 76.0%, 21일째 64.6%, 28일째 67.2%였고, 2회 방사 후 7일째 77.7%, 14일째 85.3%, 21일째 76.3%, 28일째 79.7%로서 2회 방사구에서 방제효과가 더 높았다",공식 원문-조건부,공식 현황 원문에 명시된 조건부 현장·시험 근거,2,농촌진흥청 국가농작물병해충관리시스템 천적곤충현황,https://www.data.go.kr/data/15123428/fileData.do,직접 대조군이 명시된 동일조건 결과만 인과효과로 해석 가능; 그 외 값은 시험군의 공식 보고 궤적
가루진디벌,Diaeretiella rapae,"무우테두리진딧물,복숭아혹진딧물","상추,배추",2회 방사,7.0,방제가,77.7,아니오,아니오,5,"시설 양배추 포장에서 무우테두리진딧물에 대한 가루진디벌의 방제 효과는 1회 방사 후 7일째 방제가는 66.1%, 14일째 76.0%, 21일째 64.6%, 28일째 67.2%였고, 2회 방사 후 7일째 77.7%, 14일째 85.3%, 21일째 76.3%, 28일째 79.7%로서 2회 방사구에서 방제효과가 더 높았다",공식 원문-조건부,공식 현황 원문에 명시된 조건부 현장·시험 근거,2,농촌진흥청 국가농작물병해충관리시스템 천적곤충현황,https://www.data.go.kr/data/15123428/fileData.do,직접 대조군이 명시된 동일조건 결과만 인과효과로 해석 가능; 그 외 값은 시험군의 공식 보고 궤적
가루진디벌,Diaeretiella rapae,"무우테두리진딧물,복숭아혹진딧물","상추,배추",2회 방사,14.0,방제가,85.3,아니오,아니오,5,"시설 양배추 포장에서 무우테두리진딧물에 대한 가루진디벌의 방제 효과는 1회 방사 후 7일째 방제가는 66.1%, 14일째 76.0%, 21일째 64.6%, 28일째 67.2%였고, 2회 방사 후 7일째 77.7%, 14일째 85.3%, 21일째 76.3%, 28일째 79.7%로서 2회 방사구에서 방제효과가 더 높았다",공식 원문-조건부,공식 현황 원문에 명시된 조건부 현장·시험 근거,2,농촌진흥청 국가농작물병해충관리시스템 천적곤충현황,https://www.data.go.kr/data/15123428/fileData.do,직접 대조군이 명시된 동일조건 결과만 인과효과로 해석 가능; 그 외 값은 시험군의 공식 보고 궤적
가루진디벌,Diaeretiella rapae,"무우테두리진딧물,복숭아혹진딧물","상추,배추",2회 방사,21.0,방제가,76.3,아니오,아니오,5,"시설 양배추 포장에서 무우테두리진딧물에 대한 가루진디벌의 방제 효과는 1회 방사 후 7일째 방제가는 66.1%, 14일째 76.0%, 21일째 64.6%, 28일째 67.2%였고, 2회 방사 후 7일째 77.7%, 14일째 85.3%, 21일째 76.3%, 28일째 79.7%로서 2회 방사구에서 방제효과가 더 높았다",공식 원문-조건부,공식 현황 원문에 명시된 조건부 현장·시험 근거,2,농촌진흥청 국가농작물병해충관리시스템 천적곤충현황,https://www.data.go.kr/data/15123428/fileData.do,직접 대조군이 명시된 동일조건 결과만 인과효과로 해석 가능; 그 외 값은 시험군의 공식 보고 궤적
가루진디벌,Diaeretiella rapae,"무우테두리진딧물,복숭아혹진딧물","상추,배추",2회 방사,28.0,방제가,79.7,아니오,아니오,5,"시설 양배추 포장에서 무우테두리진딧물에 대한 가루진디벌의 방제 효과는 1회 방사 후 7일째 방제가는 66.1%, 14일째 76.0%, 21일째 64.6%, 28일째 67.2%였고, 2회 방사 후 7일째 77.7%, 14일째 85.3%, 21일째 76.3%, 28일째 79.7%로서 2회 방사구에서 방제효과가 더 높았다",공식 원문-조건부,공식 현황 원문에 명시된 조건부 현장·시험 근거,2,농촌진흥청 국가농작물병해충관리시스템 천적곤충현황,https://www.data.go.kr/data/15123428/fileData.do,직접 대조군이 명시된 동일조건 결과만 인과효과로 해석 가능; 그 외 값은 시험군의 공식 보고 궤적
나방병원선충,Steinernema carpocapsae,"배추좀나방,작은뿌리파리,담배거세미나방,벼룩잎벌레,벼잎벌레","배추,상추",그룹 미기재,7.0,공식 보고 백분율,85.0,아니오,아니오,2,그리고 나방병원선충 1차 살포 후 지속적인 예찰을 통하여 50엽 당 목화바둑명나방 유충이 10마리 내외의 밀도가 관찰되면 나방병원선충을 m2당 3만마리 밀도로 7일 간격으로 2회 살포하면 85% 이상의 밀도 억제 효과가 있다,공식 원문-조건부,공식 현황 원문에 명시된 조건부 현장·시험 근거,8,농촌진흥청 국가농작물병해충관리시스템 천적곤충현황,https://www.data.go.kr/data/15123428/fileData.do,직접 대조군이 명시된 동일조건 결과만 인과효과로 해석 가능; 그 외 값은 시험군의 공식 보고 궤적
배추나비고치벌,Cotesia glomerata,배추좀나방,배추,그룹 미기재,,기생률,15.0,아니오,아니오,2,"배추나비고치벌은 고랭지채소를 재배하는 야외포장에서 흔히 관찰되는 천적으로서, 배추나비고치벌에 의한 배추흰나비 유충 기생률은 평균 15%를 보였고, 기생고치의 70% 이상이 성충으로 우화하였다",공식 원문-조건부,공식 현황 원문에 명시된 조건부 현장·시험 근거,14,농촌진흥청 국가농작물병해충관리시스템 천적곤충현황,https://www.data.go.kr/data/15123428/fileData.do,직접 대조군이 명시된 동일조건 결과만 인과효과로 해석 가능; 그 외 값은 시험군의 공식 보고 궤적
배추나비고치벌,Cotesia glomerata,배추좀나방,배추,그룹 미기재,,기생률,70.0,아니오,아니오,2,"배추나비고치벌은 고랭지채소를 재배하는 야외포장에서 흔히 관찰되는 천적으로서, 배추나비고치벌에 의한 배추흰나비 유충 기생률은 평균 15%를 보였고, 기생고치의 70% 이상이 성충으로 우화하였다",공식 원문-조건부,공식 현황 원문에 명시된 조건부 현장·시험 근거,14,농촌진흥청 국가농작물병해충관리시스템 천적곤충현황,https://www.data.go.kr/data/15123428/fileData.do,직접 대조군이 명시된 동일조건 결과만 인과효과로 해석 가능; 그 외 값은 시험군의 공식 보고 궤적
배추나비고치벌,Cotesia glomerata,배추좀나방,배추,그룹 미기재,,기생률,6.0,아니오,아니오,3,반면에 배추나비고치벌에 의한 배추좀나방 유충기생률은 야외에서 6% 정도로 낮았으나 실내 기생률은 90.6%로 매우 높았다,공식 원문-조건부,공식 현황 원문에 명시된 조건부 현장·시험 근거,14,농촌진흥청 국가농작물병해충관리시스템 천적곤충현황,https://www.data.go.kr/data/15123428/fileData.do,직접 대조군이 명시된 동일조건 결과만 인과효과로 해석 가능; 그 외 값은 시험군의 공식 보고 궤적
배추나비고치벌,Cotesia glomerata,배추좀나방,배추,그룹 미기재,,기생률,90.6,아니오,아니오,3,반면에 배추나비고치벌에 의한 배추좀나방 유충기생률은 야외에서 6% 정도로 낮았으나 실내 기생률은 90.6%로 매우 높았다,공식 원문-조건부,공식 현황 원문에 명시된 조건부 현장·시험 근거,14,농촌진흥청 국가농작물병해충관리시스템 천적곤충현황,https://www.data.go.kr/data/15123428/fileData.do,직접 대조군이 명시된 동일조건 결과만 인과효과로 해석 가능; 그 외 값은 시험군의 공식 보고 궤적
배추나비고치벌,Cotesia glomerata,배추좀나방,배추,그룹 미기재,,기생률,60.0,아니오,아니오,5,"강원도 횡성군 안흥면 소재 배추밭에서 수행한 야외방사 시험에서, 배추좀나방 유충이 주당 0.5마리 발생하는 시기에 배추나비고치벌 고치를 3.3m2(평)당 2마리 수준으로 방사한 결과 60% 내외의 높은 기생률을 나타내었다(그림 1).",공식 원문-조건부,공식 현황 원문에 명시된 조건부 현장·시험 근거,14,농촌진흥청 국가농작물병해충관리시스템 천적곤충현황,https://www.data.go.kr/data/15123428/fileData.do,직접 대조군이 명시된 동일조건 결과만 인과효과로 해석 가능; 그 외 값은 시험군의 공식 보고 궤적
싸리진디벌,Aphidius gifuensis,"목화진딧물,복숭아혹진딧물,싸리수염진딧물","고추,상추",5회 방사,10.0,방제가,80.0,아니오,아니오,3,"우리나라 토착 천적인 싸리진디벌을 이용하여 시설고추에서 복숭아혹진딧물 10마리에 대해 싸리진디벌 1마리 비율, 또는 m2당 약 1마리를 10일 간격으로 3회에서 5회 방사방사한 결과 80% 이상의 방제효과가 있었다",공식 원문-조건부,공식 현황 원문에 명시된 조건부 현장·시험 근거,16,농촌진흥청 국가농작물병해충관리시스템 천적곤충현황,https://www.data.go.kr/data/15123428/fileData.do,직접 대조군이 명시된 동일조건 결과만 인과효과로 해석 가능; 그 외 값은 시험군의 공식 보고 궤적
진디면충좀벌,Aphelinus asychis,"복숭아혹진딧물,싸리수염진딧물,목화진딧물,감자수염진딧물","고추,파프리카",그룹 미기재,,공식 보고 백분율,11.0,아니오,아니오,2,"30°C에서 진디면충좀벌의 치사율은 약 11%, 고치벌과의 진디벌류(Diaeretiella rapae, Aphidius matricariae)의 치사율은 약 92∼100%여서 진디벌류에 비해 비교적 고온에서도 활동가능한 것을 알 수 있다",공식 원문-조건부,공식 현황 원문에 명시된 조건부 현장·시험 근거,23,농촌진흥청 국가농작물병해충관리시스템 천적곤충현황,https://www.data.go.kr/data/15123428/fileData.do,직접 대조군이 명시된 동일조건 결과만 인과효과로 해석 가능; 그 외 값은 시험군의 공식 보고 궤적
진디면충좀벌,Aphelinus asychis,"복숭아혹진딧물,싸리수염진딧물,목화진딧물,감자수염진딧물","고추,파프리카",그룹 미기재,,공식 보고 백분율,100.0,아니오,아니오,2,"30°C에서 진디면충좀벌의 치사율은 약 11%, 고치벌과의 진디벌류(Diaeretiella rapae, Aphidius matricariae)의 치사율은 약 92∼100%여서 진디벌류에 비해 비교적 고온에서도 활동가능한 것을 알 수 있다",공식 원문-조건부,공식 현황 원문에 명시된 조건부 현장·시험 근거,23,농촌진흥청 국가농작물병해충관리시스템 천적곤충현황,https://www.data.go.kr/data/15123428/fileData.do,직접 대조군이 명시된 동일조건 결과만 인과효과로 해석 가능; 그 외 값은 시험군의 공식 보고 궤적
진디벌,Aphidius ervi,"싸리수염진딧물,감자수염진딧물","상추,파프리카,고추",그룹 미기재,,기생률,60.0,아니오,아니오,1,"어비진디벌은 10°C의 낮은 온도에서도 활동을 잘하지만, 수염진딧물류에 대한 기생률이 약 50~60%로 크게 높지 않은 것이 약점이다",공식 원문-조건부,공식 현황 원문에 명시된 조건부 현장·시험 근거,24,농촌진흥청 국가농작물병해충관리시스템 천적곤충현황,https://www.data.go.kr/data/15123428/fileData.do,직접 대조군이 명시된 동일조건 결과만 인과효과로 해석 가능; 그 외 값은 시험군의 공식 보고 궤적
황온좀벌,Eretmocerus eremicus,"담배가루이,온실가루이","파프리카,오이,수박,토마토,참외,고추",그룹 미기재,,기생률,70.0,아니오,아니오,1,"좀벌 방사 후 기생률이 70% 이상 될 때까지 주기적으로 방사해야 하는데, 황온좀벌 방사 후 약 3주가 지나야 기생여부를 확인할 수 있다",공식 원문-조건부,공식 현황 원문에 명시된 조건부 현장·시험 근거,32,농촌진흥청 국가농작물병해충관리시스템 천적곤충현황,https://www.data.go.kr/data/15123428/fileData.do,직접 대조군이 명시된 동일조건 결과만 인과효과로 해석 가능; 그 외 값은 시험군의 공식 보고 궤적
