작물코드,작물명,조사구분코드,조사구분코드2,측정필드코드,조회분류코드,원천열,병해충측정항목,병해충명,측정지표,정렬순서,공식출처
FC010101,논벼,01322,01322,SF0001,SF0001,INQ_0001,잎도열병(발생추정면적),잎도열병,발생추정면적,1,https://ncpms.rda.go.kr/npms/PblSvcInfoListR.np
FC010101,논벼,01322,01322,SF0002,SF0002,INQ_0002,잎도열병(감수율),잎도열병,감수율,2,https://ncpms.rda.go.kr/npms/PblSvcInfoListR.np
FC010101,논벼,01322,01322,SF0003,SF0003,INQ_0003,잎도열병(피해율),잎도열병,피해율,3,https://ncpms.rda.go.kr/npms/PblSvcInfoListR.np
FC010101,논벼,01322,01322,SF0004,SF0004,INQ_0004,잎도열병(발생면적율),잎도열병,발생면적율,4,https://ncpms.rda.go.kr/npms/PblSvcInfoListR.np
FC010101,논벼,01322,01322,SF0005,SF0005,INQ_0005,이삭도열병(발생추정면적),이삭도열병,발생추정면적,5,https://ncpms.rda.go.kr/npms/PblSvcInfoListR.np
FC010101,논벼,01322,01322,SF0006,SF0006,INQ_0006,이삭도열병(감수율),이삭도열병,감수율,6,https://ncpms.rda.go.kr/npms/PblSvcInfoListR.np
FC010101,논벼,01322,01322,SF0007,SF0007,INQ_0007,이삭도열병(피해율),이삭도열병,피해율,7,https://ncpms.rda.go.kr/npms/PblSvcInfoListR.np
FC010101,논벼,01322,01322,SF0008,SF0008,INQ_0008,이삭도열병(발생면적율),이삭도열병,발생면적율,8,https://ncpms.rda.go.kr/npms/PblSvcInfoListR.np
FC010101,논벼,01322,01322,SF0017,SF0017,INQ_0017,세균벼알마름병(발생추정면적),세균벼알마름병,발생추정면적,9,https://ncpms.rda.go.kr/npms/PblSvcInfoListR.np
FC010101,논벼,01322,01322,SF0018,SF0018,INQ_0018,세균벼알마름병(감수율),세균벼알마름병,감수율,10,https://ncpms.rda.go.kr/npms/PblSvcInfoListR.np
FC010101,논벼,01322,01322,SF0019,SF0019,INQ_0019,세균벼알마름병(피해율),세균벼알마름병,피해율,11,https://ncpms.rda.go.kr/npms/PblSvcInfoListR.np
FC010101,논벼,01322,01322,SF0020,SF0020,INQ_0020,세균벼알마름병(발생면적율),세균벼알마름병,발생면적율,12,https://ncpms.rda.go.kr/npms/PblSvcInfoListR.np
FC010101,논벼,01322,01322,SF0013,SF0013,INQ_0013,흰잎마름병(발생추정면적),흰잎마름병,발생추정면적,13,https://ncpms.rda.go.kr/npms/PblSvcInfoListR.np
FC010101,논벼,01322,01322,SF0014,SF0014,INQ_0014,흰잎마름병(감수율),흰잎마름병,감수율,14,https://ncpms.rda.go.kr/npms/PblSvcInfoListR.np
FC010101,논벼,01322,01322,SF0015,SF0015,INQ_0015,흰잎마름병(피해율),흰잎마름병,피해율,15,https://ncpms.rda.go.kr/npms/PblSvcInfoListR.np
FC010101,논벼,01322,01322,SF0016,SF0016,INQ_0016,흰잎마름병(발생면적율),흰잎마름병,발생면적율,16,https://ncpms.rda.go.kr/npms/PblSvcInfoListR.np
FC010101,논벼,01322,01322,SF0037,SF0037,INQ_0029,깨씨무늬병(발생추정면적),깨씨무늬병,발생추정면적,17,https://ncpms.rda.go.kr/npms/PblSvcInfoListR.np
FC010101,논벼,01322,01322,SF0038,SF0038,INQ_0030,깨씨무늬병(감수율),깨씨무늬병,감수율,18,https://ncpms.rda.go.kr/npms/PblSvcInfoListR.np
FC010101,논벼,01322,01322,SF0039,SF0039,INQ_0031,깨씨무늬병(피해율),깨씨무늬병,피해율,19,https://ncpms.rda.go.kr/npms/PblSvcInfoListR.np
FC010101,논벼,01322,01322,SF0040,SF0040,INQ_0032,깨씨무늬병(발생면적율),깨씨무늬병,발생면적율,20,https://ncpms.rda.go.kr/npms/PblSvcInfoListR.np
FC010101,논벼,01322,01322,SF0021,SF0021,INQ_0021,줄무늬잎마름병(발생추정면적),줄무늬잎마름병,발생추정면적,21,https://ncpms.rda.go.kr/npms/PblSvcInfoListR.np
FC010101,논벼,01322,01322,SF0201,SF0201,INQ_0021,바이러스병(발생추정면적),바이러스병,발생추정면적,21,https://ncpms.rda.go.kr/npms/PblSvcInfoListR.np
FC010101,논벼,01322,01322,SF0022,SF0022,INQ_0022,줄무늬잎마름병(감수율),줄무늬잎마름병,감수율,22,https://ncpms.rda.go.kr/npms/PblSvcInfoListR.np
FC010101,논벼,01322,01322,SF0202,SF0202,INQ_0022,바이러스병(감수율),바이러스병,감수율,22,https://ncpms.rda.go.kr/npms/PblSvcInfoListR.np
FC010101,논벼,01322,01322,SF0023,SF0023,INQ_0023,줄무늬잎마름병(피해율),줄무늬잎마름병,피해율,23,https://ncpms.rda.go.kr/npms/PblSvcInfoListR.np
FC010101,논벼,01322,01322,SF0203,SF0203,INQ_0023,바이러스병(피해율),바이러스병,피해율,23,https://ncpms.rda.go.kr/npms/PblSvcInfoListR.np
FC010101,논벼,01322,01322,SF0024,SF0024,INQ_0024,줄무늬잎마름병(발생면적률),줄무늬잎마름병,발생면적률,24,https://ncpms.rda.go.kr/npms/PblSvcInfoListR.np
FC010101,논벼,01322,01322,SF0204,SF0204,INQ_0024,바이러스병(발생면적율),바이러스병,발생면적율,24,https://ncpms.rda.go.kr/npms/PblSvcInfoListR.np
FC010101,논벼,01322,01322,SF0025,SF0025,INQ_0033,벼검은줄오갈병(발생추정면적),벼검은줄오갈병,발생추정면적,25,https://ncpms.rda.go.kr/npms/PblSvcInfoListR.np
FC010101,논벼,01322,01322,SF0209,SF0209,INQ_0081,이화명나방(발생추정면적),이화명나방,발생추정면적,25,https://ncpms.rda.go.kr/npms/PblSvcInfoListR.np
FC010101,논벼,01322,01322,SF0026,SF0026,INQ_0034,벼검은줄오갈병(감수율),벼검은줄오갈병,감수율,26,https://ncpms.rda.go.kr/npms/PblSvcInfoListR.np
FC010101,논벼,01322,01322,SF0210,SF0210,INQ_0082,이화명나방(감수율),이화명나방,감수율,26,https://ncpms.rda.go.kr/npms/PblSvcInfoListR.np
FC010101,논벼,01322,01322,SF0027,SF0027,INQ_0035,벼검은줄오갈병(피해율),벼검은줄오갈병,피해율,27,https://ncpms.rda.go.kr/npms/PblSvcInfoListR.np
FC010101,논벼,01322,01322,SF0211,SF0211,INQ_0083,이화명나방(피해율),이화명나방,피해율,27,https://ncpms.rda.go.kr/npms/PblSvcInfoListR.np
FC010101,논벼,01322,01322,SF0028,SF0028,INQ_0036,벼검은줄오갈병(발생면적률),벼검은줄오갈병,발생면적률,28,https://ncpms.rda.go.kr/npms/PblSvcInfoListR.np
FC010101,논벼,01322,01322,SF0212,SF0212,INQ_0084,이화명나방(발생면적율),이화명나방,발생면적율,28,https://ncpms.rda.go.kr/npms/PblSvcInfoListR.np
FC010101,논벼,01322,01322,SF0029,SF0029,INQ_0081,오갈병(발생추정면적),오갈병,발생추정면적,29,https://ncpms.rda.go.kr/npms/PblSvcInfoListR.np
FC010101,논벼,01322,01322,SF0073,SF0073,INQ_0069,혹명나방(발생추정면적),혹명나방,발생추정면적,29,https://ncpms.rda.go.kr/npms/PblSvcInfoListR.np
FC010101,논벼,01322,01322,SF0030,SF0030,INQ_0082,오갈병(감수율),오갈병,감수율,30,https://ncpms.rda.go.kr/npms/PblSvcInfoListR.np
FC010101,논벼,01322,01322,SF0074,SF0074,INQ_0070,혹명나방(감수율),혹명나방,감수율,30,https://ncpms.rda.go.kr/npms/PblSvcInfoListR.np
FC010101,논벼,01322,01322,SF0031,SF0031,INQ_0083,오갈병(피해율),오갈병,피해율,31,https://ncpms.rda.go.kr/npms/PblSvcInfoListR.np
FC010101,논벼,01322,01322,SF0075,SF0075,INQ_0071,혹명나방(피해율),혹명나방,피해율,31,https://ncpms.rda.go.kr/npms/PblSvcInfoListR.np
FC010101,논벼,01322,01322,SF0032,SF0032,INQ_0084,오갈병(발생면적률),오갈병,발생면적률,32,https://ncpms.rda.go.kr/npms/PblSvcInfoListR.np
FC010101,논벼,01322,01322,SF0076,SF0076,INQ_0072,혹명나방(발생면적율),혹명나방,발생면적율,32,https://ncpms.rda.go.kr/npms/PblSvcInfoListR.np
FC010101,논벼,01322,01322,SF0081,SF0081,INQ_0077,먹노린재(발생추정면적),먹노린재,발생추정면적,33,https://ncpms.rda.go.kr/npms/PblSvcInfoListR.np
FC010101,논벼,01322,01322,SF0082,SF0082,INQ_0078,먹노린재(감수율),먹노린재,감수율,34,https://ncpms.rda.go.kr/npms/PblSvcInfoListR.np
FC010101,논벼,01322,01322,SF0083,SF0083,INQ_0079,먹노린재(피해율),먹노린재,피해율,35,https://ncpms.rda.go.kr/npms/PblSvcInfoListR.np
FC010101,논벼,01322,01322,SF0084,SF0084,INQ_0080,먹노린재(발생면적율),먹노린재,발생면적율,36,https://ncpms.rda.go.kr/npms/PblSvcInfoListR.np
FC010101,논벼,01322,01322,SF0061,SF0061,INQ_0057,벼멸구(발생추정면적),벼멸구,발생추정면적,37,https://ncpms.rda.go.kr/npms/PblSvcInfoListR.np
FC010101,논벼,01322,01322,SF0062,SF0062,INQ_0058,벼멸구(감수율),벼멸구,감수율,38,https://ncpms.rda.go.kr/npms/PblSvcInfoListR.np
FC010101,논벼,01322,01322,SF0063,SF0063,INQ_0059,벼멸구(피해율),벼멸구,피해율,39,https://ncpms.rda.go.kr/npms/PblSvcInfoListR.np
FC010101,논벼,01322,01322,SF0064,SF0064,INQ_0060,벼멸구(발생면적율),벼멸구,발생면적율,40,https://ncpms.rda.go.kr/npms/PblSvcInfoListR.np
FC010101,논벼,01322,01322,SF0065,SF0065,INQ_0061,흰등멸구(발생추정면적),흰등멸구,발생추정면적,41,https://ncpms.rda.go.kr/npms/PblSvcInfoListR.np
FC010101,논벼,01322,01322,SF0066,SF0066,INQ_0062,흰등멸구(감수율),흰등멸구,감수율,42,https://ncpms.rda.go.kr/npms/PblSvcInfoListR.np
FC010101,논벼,01322,01322,SF0067,SF0067,INQ_0063,흰등멸구(피해율),흰등멸구,피해율,43,https://ncpms.rda.go.kr/npms/PblSvcInfoListR.np
FC010101,논벼,01322,01322,SF0068,SF0068,INQ_0064,흰등멸구(발생면적율),흰등멸구,발생면적율,44,https://ncpms.rda.go.kr/npms/PblSvcInfoListR.np
FC010101,논벼,01322,01322,SF0009,SF0009,INQ_0009,잎집무늬마름병(발생추정면적),잎집무늬마름병,발생추정면적,45,https://ncpms.rda.go.kr/npms/PblSvcInfoListR.np
FC010101,논벼,01322,01322,SF0010,SF0010,INQ_0010,잎집무늬마름병(감수율),잎집무늬마름병,감수율,46,https://ncpms.rda.go.kr/npms/PblSvcInfoListR.np
FC010101,논벼,01322,01322,SF0011,SF0011,INQ_0011,잎집무늬마름병(피해율),잎집무늬마름병,피해율,47,https://ncpms.rda.go.kr/npms/PblSvcInfoListR.np
FC010101,논벼,01322,01322,SF0012,SF0012,INQ_0012,잎집무늬마름병(발생면적율),잎집무늬마름병,발생면적율,48,https://ncpms.rda.go.kr/npms/PblSvcInfoListR.np
FC010101,논벼,01322,01322,SF0205,SF0205,INQ_0033,키다리병(발생추정면적),키다리병,발생추정면적,49,https://ncpms.rda.go.kr/npms/PblSvcInfoListR.np
FC010101,논벼,01322,01322,SF0206,SF0206,INQ_0034,키다리병(감수율),키다리병,감수율,50,https://ncpms.rda.go.kr/npms/PblSvcInfoListR.np
FC010101,논벼,01322,01322,SF0207,SF0207,INQ_0035,키다리병(피해율),키다리병,피해율,51,https://ncpms.rda.go.kr/npms/PblSvcInfoListR.np
FC010101,논벼,01322,01322,SF0208,SF0208,INQ_0036,키다리병(발생면적율),키다리병,발생면적율,52,https://ncpms.rda.go.kr/npms/PblSvcInfoListR.np
FC010101,논벼,01322,01322,SF0033,SF0033,INQ_0025,이삭누룩병(발생추정면적),이삭누룩병,발생추정면적,53,https://ncpms.rda.go.kr/npms/PblSvcInfoListR.np
FC010101,논벼,01322,01322,SF0034,SF0034,INQ_0026,이삭누룩병(감수율),이삭누룩병,감수율,54,https://ncpms.rda.go.kr/npms/PblSvcInfoListR.np
FC010101,논벼,01322,01322,SF0035,SF0035,INQ_0027,이삭누룩병(피해율),이삭누룩병,피해율,55,https://ncpms.rda.go.kr/npms/PblSvcInfoListR.np
FC010101,논벼,01322,01322,SF0036,SF0036,INQ_0028,이삭누룩병(발생면적율),이삭누룩병,발생면적율,56,https://ncpms.rda.go.kr/npms/PblSvcInfoListR.np
FC010101,논벼,01322,01322,SF0041,SF0041,INQ_0037,벼잎벌레(발생추정면적),벼잎벌레,발생추정면적,57,https://ncpms.rda.go.kr/npms/PblSvcInfoListR.np
FC010101,논벼,01322,01322,SF0042,SF0042,INQ_0038,벼잎벌레(감수율),벼잎벌레,감수율,58,https://ncpms.rda.go.kr/npms/PblSvcInfoListR.np
FC010101,논벼,01322,01322,SF0043,SF0043,INQ_0039,벼잎벌레(피해율),벼잎벌레,피해율,59,https://ncpms.rda.go.kr/npms/PblSvcInfoListR.np
FC010101,논벼,01322,01322,SF0044,SF0044,INQ_0040,벼잎벌레(발생면적율),벼잎벌레,발생면적율,60,https://ncpms.rda.go.kr/npms/PblSvcInfoListR.np
FC010101,논벼,01322,01322,SF0213,SF0213,INQ_0085,벼애나방(발생추정면적),벼애나방,발생추정면적,61,https://ncpms.rda.go.kr/npms/PblSvcInfoListR.np
FC010101,논벼,01322,01322,SF0214,SF0214,INQ_0086,벼애나방(감수율),벼애나방,감수율,62,https://ncpms.rda.go.kr/npms/PblSvcInfoListR.np
FC010101,논벼,01322,01322,SF0215,SF0215,INQ_0087,벼애나방(피해율),벼애나방,피해율,63,https://ncpms.rda.go.kr/npms/PblSvcInfoListR.np
FC010101,논벼,01322,01322,SF0216,SF0216,INQ_0088,벼애나방(발생면적율),벼애나방,발생면적율,64,https://ncpms.rda.go.kr/npms/PblSvcInfoListR.np
FC010101,논벼,01322,01322,SF0045,SF0045,INQ_0041,벼애잎굴파리(발생추정면적),벼애잎굴파리,발생추정면적,65,https://ncpms.rda.go.kr/npms/PblSvcInfoListR.np
FC010101,논벼,01322,01322,SF0046,SF0046,INQ_0042,벼애잎굴파리(감수율),벼애잎굴파리,감수율,66,https://ncpms.rda.go.kr/npms/PblSvcInfoListR.np
FC010101,논벼,01322,01322,SF0047,SF0047,INQ_0043,벼애잎굴파리(피해율),벼애잎굴파리,피해율,67,https://ncpms.rda.go.kr/npms/PblSvcInfoListR.np
FC010101,논벼,01322,01322,SF0048,SF0048,INQ_0044,벼애잎굴파리(발생면적율),벼애잎굴파리,발생면적율,68,https://ncpms.rda.go.kr/npms/PblSvcInfoListR.np
FC010101,논벼,01322,01322,SF0049,SF0049,INQ_0045,벼줄기굴파리(발생추정면적),벼줄기굴파리,발생추정면적,69,https://ncpms.rda.go.kr/npms/PblSvcInfoListR.np
FC010101,논벼,01322,01322,SF0050,SF0050,INQ_0046,벼줄기굴파리(감수율),벼줄기굴파리,감수율,70,https://ncpms.rda.go.kr/npms/PblSvcInfoListR.np
FC010101,논벼,01322,01322,SF0051,SF0051,INQ_0047,벼줄기굴파리(피해율),벼줄기굴파리,피해율,71,https://ncpms.rda.go.kr/npms/PblSvcInfoListR.np
FC010101,논벼,01322,01322,SF0052,SF0052,INQ_0048,벼줄기굴파리(발생면적율),벼줄기굴파리,발생면적율,72,https://ncpms.rda.go.kr/npms/PblSvcInfoListR.np
FC010101,논벼,01322,01322,SF0069,SF0069,INQ_0065,벼물바구미(발생추정면적),벼물바구미,발생추정면적,73,https://ncpms.rda.go.kr/npms/PblSvcInfoListR.np
FC010101,논벼,01322,01322,SF0070,SF0070,INQ_0066,벼물바구미(감수율),벼물바구미,감수율,74,https://ncpms.rda.go.kr/npms/PblSvcInfoListR.np
FC010101,논벼,01322,01322,SF0071,SF0071,INQ_0067,벼물바구미(피해율),벼물바구미,피해율,75,https://ncpms.rda.go.kr/npms/PblSvcInfoListR.np
FC010101,논벼,01322,01322,SF0072,SF0072,INQ_0068,벼물바구미(발생면적율),벼물바구미,발생면적율,76,https://ncpms.rda.go.kr/npms/PblSvcInfoListR.np
FC010101,논벼,01322,01322,SF0053,SF0053,INQ_0049,애멸구(발생추정면적),애멸구,발생추정면적,77,https://ncpms.rda.go.kr/npms/PblSvcInfoListR.np
FC010101,논벼,01322,01322,SF0054,SF0054,INQ_0050,애멸구(감수율),애멸구,감수율,78,https://ncpms.rda.go.kr/npms/PblSvcInfoListR.np
FC010101,논벼,01322,01322,SF0055,SF0055,INQ_0051,애멸구(피해율),애멸구,피해율,79,https://ncpms.rda.go.kr/npms/PblSvcInfoListR.np
FC010101,논벼,01322,01322,SF0056,SF0056,INQ_0052,애멸구(발생면적율),애멸구,발생면적율,80,https://ncpms.rda.go.kr/npms/PblSvcInfoListR.np
FC010101,논벼,01322,01322,SF0057,SF0057,INQ_0053,끝동매미충(발생추정면적),끝동매미충,발생추정면적,81,https://ncpms.rda.go.kr/npms/PblSvcInfoListR.np
FC010101,논벼,01322,01322,SF0058,SF0058,INQ_0054,끝동매미충(감수율),끝동매미충,감수율,82,https://ncpms.rda.go.kr/npms/PblSvcInfoListR.np
FC010101,논벼,01322,01322,SF0059,SF0059,INQ_0055,끝동매미충(피해율),끝동매미충,피해율,83,https://ncpms.rda.go.kr/npms/PblSvcInfoListR.np
FC010101,논벼,01322,01322,SF0060,SF0060,INQ_0056,끝동매미충(발생면적율),끝동매미충,발생면적율,84,https://ncpms.rda.go.kr/npms/PblSvcInfoListR.np
FC010101,논벼,01322,01322,SF0077,SF0077,INQ_0073,멸강나방(발생추정면적),멸강나방,발생추정면적,85,https://ncpms.rda.go.kr/npms/PblSvcInfoListR.np
FC010101,논벼,01322,01322,SF0085,SF0085,INQ_0085,이화명나방1화기(발생추정면적),이화명나방1화기,발생추정면적,85,https://ncpms.rda.go.kr/npms/PblSvcInfoListR.np
FC010101,논벼,01322,01322,SF0078,SF0078,INQ_0074,멸강나방(감수율),멸강나방,감수율,86,https://ncpms.rda.go.kr/npms/PblSvcInfoListR.np
FC010101,논벼,01322,01322,SF0086,SF0086,INQ_0086,이화명나방1화기(감수율),이화명나방1화기,감수율,86,https://ncpms.rda.go.kr/npms/PblSvcInfoListR.np
FC010101,논벼,01322,01322,SF0079,SF0079,INQ_0075,멸강나방(피해율),멸강나방,피해율,87,https://ncpms.rda.go.kr/npms/PblSvcInfoListR.np
FC010101,논벼,01322,01322,SF0087,SF0087,INQ_0087,이화명나방1화기(피해율),이화명나방1화기,피해율,87,https://ncpms.rda.go.kr/npms/PblSvcInfoListR.np
FC010101,논벼,01322,01322,SF0080,SF0080,INQ_0076,멸강나방(발생면적율),멸강나방,발생면적율,88,https://ncpms.rda.go.kr/npms/PblSvcInfoListR.np
FC010101,논벼,01322,01322,SF0088,SF0088,INQ_0088,이화명나방1화기(발생면적률),이화명나방1화기,발생면적률,88,https://ncpms.rda.go.kr/npms/PblSvcInfoListR.np
FC010101,논벼,01322,01322,SF0089,SF0089,INQ_0089,이화명나방2화기(발생추정면적),이화명나방2화기,발생추정면적,89,https://ncpms.rda.go.kr/npms/PblSvcInfoListR.np
FC010101,논벼,01322,01322,SF0217,SF0217,INQ_0089,벼잎선충(발생추정면적),벼잎선충,발생추정면적,89,https://ncpms.rda.go.kr/npms/PblSvcInfoListR.np
FC010101,논벼,01322,01322,SF0090,SF0090,INQ_0090,이화명나방2화기(감수율),이화명나방2화기,감수율,90,https://ncpms.rda.go.kr/npms/PblSvcInfoListR.np
FC010101,논벼,01322,01322,SF0218,SF0218,INQ_0090,벼잎선충(감수율),벼잎선충,감수율,90,https://ncpms.rda.go.kr/npms/PblSvcInfoListR.np
FC010101,논벼,01322,01322,SF0091,SF0091,INQ_0091,이화명나방2화기(피해율),이화명나방2화기,피해율,91,https://ncpms.rda.go.kr/npms/PblSvcInfoListR.np
FC010101,논벼,01322,01322,SF0219,SF0219,INQ_0091,벼잎선충(피해율),벼잎선충,피해율,91,https://ncpms.rda.go.kr/npms/PblSvcInfoListR.np
FC010101,논벼,01322,01322,SF0092,SF0092,INQ_0092,이화명나방2화기(발생면적률),이화명나방2화기,발생면적률,92,https://ncpms.rda.go.kr/npms/PblSvcInfoListR.np
FC010101,논벼,01322,01322,SF0220,SF0220,INQ_0092,벼잎선충(발생면적율),벼잎선충,발생면적율,92,https://ncpms.rda.go.kr/npms/PblSvcInfoListR.np
FC020201,보리,01305,01305,SQ0101,SQ0101,INQ_0001,붉은곰팡이병(피해이삭율),붉은곰팡이병,피해이삭율,1,https://ncpms.rda.go.kr/npms/PblSvcInfoListR.np
FC020201,보리,01305,01305,SQ0103,SQ0103,INQ_0002,깜부기병(피해이삭율),깜부기병,피해이삭율,2,https://ncpms.rda.go.kr/npms/PblSvcInfoListR.np
FC020201,보리,01305,01305,SQ0201,SQ0201,INQ_0003,줄무늬병(피해주율),줄무늬병,피해주율,3,https://ncpms.rda.go.kr/npms/PblSvcInfoListR.np
FC020201,보리,01305,01305,SQ0202,SQ0202,INQ_0004,흰가루병(피해주율),흰가루병,피해주율,4,https://ncpms.rda.go.kr/npms/PblSvcInfoListR.np
FC020201,보리,01305,01305,SQ0203,SQ0203,INQ_0005,녹병(피해주율),녹병,피해주율,5,https://ncpms.rda.go.kr/npms/PblSvcInfoListR.np
FC020201,보리,01305,01305,SQ0204,SQ0204,INQ_0006,바이러스병(피해주율),바이러스병,피해주율,6,https://ncpms.rda.go.kr/npms/PblSvcInfoListR.np
FC020201,보리,01305,01305,SQ0205,SQ0205,INQ_0007,잎집눈무늬병(피해주율),잎집눈무늬병,피해주율,7,https://ncpms.rda.go.kr/npms/PblSvcInfoListR.np
FC020201,보리,01305,01305,SQ0206,SQ0206,INQ_0008,멸강나방_유충(밀도),멸강나방_유충,밀도,8,https://ncpms.rda.go.kr/npms/PblSvcInfoListR.np
FC020201,보리,01305,01305,SQ0207,SQ0207,INQ_0009,보리굴파리(피해잎율),보리굴파리,피해잎율,9,https://ncpms.rda.go.kr/npms/PblSvcInfoListR.np
FC020201,보리,01305,01305,SQ0208,SQ0208,INQ_0010,진딧물류(피해잎율),진딧물류,피해잎율,10,https://ncpms.rda.go.kr/npms/PblSvcInfoListR.np
FC030301,콩,01322,01322,SBN101,SBN101,INQ_0001,바이러스(피해주율),바이러스,피해주율,1,https://ncpms.rda.go.kr/npms/PblSvcInfoListR.np
FC030301,콩,01322,01322,SBN105,SBN105,INQ_0002,점무늬병(피해잎율),점무늬병,피해잎율,2,https://ncpms.rda.go.kr/npms/PblSvcInfoListR.np
FC030301,콩,01322,01322,SBN104,SBN104,INQ_0003,세균병(피해잎율),세균병,피해잎율,3,https://ncpms.rda.go.kr/npms/PblSvcInfoListR.np
FC030301,콩,01322,01322,SBN103,SBN103,INQ_0004,탄저병(피해협율),탄저병,피해협율,4,https://ncpms.rda.go.kr/npms/PblSvcInfoListR.np
FC030301,콩,01322,01322,SBN202,SBN202,INQ_0005,파밤나방(밀도),파밤나방,밀도,5,https://ncpms.rda.go.kr/npms/PblSvcInfoListR.np
FC030301,콩,01322,01322,SBN203,SBN203,INQ_0006,담배거세미나방(밀도),담배거세미나방,밀도,6,https://ncpms.rda.go.kr/npms/PblSvcInfoListR.np
FC030301,콩,01322,01322,SBN204,SBN204,INQ_0007,파밤나방(트랩마리수),파밤나방,트랩마리수,7,https://ncpms.rda.go.kr/npms/PblSvcInfoListR.np
FC030301,콩,01322,01322,SBN205,SBN205,INQ_0008,담배거세미나방(트랩마리수),담배거세미나방,트랩마리수,8,https://ncpms.rda.go.kr/npms/PblSvcInfoListR.np
FC030301,콩,01322,01322,SBN206,SBN206,INQ_0009,톱다리개미허리노린재(트랩마리수),톱다리개미허리노린재,트랩마리수,9,https://ncpms.rda.go.kr/npms/PblSvcInfoListR.np
FC030301,콩,01322,01322,SBN201,SBN201,INQ_0010,콩꼬투리혹파리(피해협율),콩꼬투리혹파리,피해협율,10,https://ncpms.rda.go.kr/npms/PblSvcInfoListR.np
FC030301,콩,01322,01322,SBN207,SBN207,INQ_0011,역병(피해주율),역병,피해주율,11,https://ncpms.rda.go.kr/npms/PblSvcInfoListR.np
FT010601,사과,01322,01322,SS0106,SS0106,,과심곰팡이(병든과율),과심곰팡이,병든과율,,https://ncpms.rda.go.kr/npms/PblSvcInfoListR.np
FT010601,사과,01322,01322,SS0107,SS0107,,잿빛곰팡이(병든잎률),잿빛곰팡이,병든잎률,,https://ncpms.rda.go.kr/npms/PblSvcInfoListR.np
FT010601,사과,01322,01322,SS0109,SS0109,,부란병(병든가지율),부란병,병든가지율,,https://ncpms.rda.go.kr/npms/PblSvcInfoListR.np
FT010601,사과,01322,01322,SS0110,SS0110,,그을음병(병든과율),그을음병,병든과율,,https://ncpms.rda.go.kr/npms/PblSvcInfoListR.np
FT010601,사과,01322,01322,SS0111,SS0111,,역병(병든과율),역병,병든과율,,https://ncpms.rda.go.kr/npms/PblSvcInfoListR.np
FT010601,사과,01322,01322,SS0113,SS0113,,사과응애(100잎당마리수),사과응애,100잎당마리수,,https://ncpms.rda.go.kr/npms/PblSvcInfoListR.np
FT010601,사과,01322,01322,SS0114,SS0114,,점박이응애(100잎당나무마리수),점박이응애,100잎당나무마리수,,https://ncpms.rda.go.kr/npms/PblSvcInfoListR.np
FT010601,사과,01322,01322,SS0115,SS0115,,점박이응애(1000잎당지면마리수),점박이응애,1000잎당지면마리수,,https://ncpms.rda.go.kr/npms/PblSvcInfoListR.np
FT010601,사과,01322,01322,SS0116,SS0116,,은무늬굴나방(640잎당마리수),은무늬굴나방,640잎당마리수,,https://ncpms.rda.go.kr/npms/PblSvcInfoListR.np
FT010601,사과,01322,01322,SS0117,SS0117,,사과굴나방(640잎당마리수),사과굴나방,640잎당마리수,,https://ncpms.rda.go.kr/npms/PblSvcInfoListR.np
FT010601,사과,01322,01322,SS0119,SS0119,,사과혹진딧물(640잎당마리수),사과혹진딧물,640잎당마리수,,https://ncpms.rda.go.kr/npms/PblSvcInfoListR.np
FT010601,사과,01322,01322,SS0120,SS0120,,사과무늬잎말이나방(640잎당마리수),사과무늬잎말이나방,640잎당마리수,,https://ncpms.rda.go.kr/npms/PblSvcInfoListR.np
FT010601,사과,01322,01322,SS0121,SS0121,,사과애모무늬잎말이나방(피해과율),사과애모무늬잎말이나방,피해과율,,https://ncpms.rda.go.kr/npms/PblSvcInfoListR.np
FT010601,사과,01322,01322,SS0123,SS0123,,복숭아순나방(피해과율),복숭아순나방,피해과율,,https://ncpms.rda.go.kr/npms/PblSvcInfoListR.np
FT010601,사과,01322,01322,SS0125,SS0125,,갈색여치(5주당마리수),갈색여치,5주당마리수,,https://ncpms.rda.go.kr/npms/PblSvcInfoListR.np
FT010601,사과,01322,01322,SS0126,SS0126,,복숭아순나방붙이(피해과율),복숭아순나방붙이,피해과율,,https://ncpms.rda.go.kr/npms/PblSvcInfoListR.np
FT010601,사과,01322,01322,SS0134,SS0134,,나무좀(트랩당마리수),나무좀,트랩당마리수,,https://ncpms.rda.go.kr/npms/PblSvcInfoListR.np
FT010601,사과,01322,01322,SS0101,SS0101,INQ_0001,갈색무늬병(피해잎율),갈색무늬병,피해잎율,1,https://ncpms.rda.go.kr/npms/PblSvcInfoListR.np
FT010601,사과,01322,01322,SS0102,SS0102,INQ_0002,점무늬낙엽병(피해잎율),점무늬낙엽병,피해잎율,2,https://ncpms.rda.go.kr/npms/PblSvcInfoListR.np
FT010601,사과,01322,01322,SS0103,SS0103,INQ_0003,겹무늬썩음병(피해과율),겹무늬썩음병,피해과율,3,https://ncpms.rda.go.kr/npms/PblSvcInfoListR.np
FT010601,사과,01322,01322,SS0104,SS0104,INQ_0004,탄저병(피해과율),탄저병,피해과율,4,https://ncpms.rda.go.kr/npms/PblSvcInfoListR.np
FT010601,사과,01322,01322,SS0108,SS0108,INQ_0005,부란병(피해주율),부란병,피해주율,5,https://ncpms.rda.go.kr/npms/PblSvcInfoListR.np
FT010601,사과,01322,01322,SS0201,SS0201,INQ_0006,응애류(밀도),응애류,밀도,6,https://ncpms.rda.go.kr/npms/PblSvcInfoListR.np
FT010601,사과,01322,01322,SS0124,SS0124,INQ_0007,복숭아심식나방(피해과율),복숭아심식나방,피해과율,7,https://ncpms.rda.go.kr/npms/PblSvcInfoListR.np
FT010601,사과,01322,01322,SS0122,SS0122,INQ_0008,복숭아순나방(피해신초율),복숭아순나방,피해신초율,8,https://ncpms.rda.go.kr/npms/PblSvcInfoListR.np
FT010601,사과,01322,01322,SS0118,SS0118,INQ_0009,조팝나무진딧물(밀도),조팝나무진딧물,밀도,9,https://ncpms.rda.go.kr/npms/PblSvcInfoListR.np
FT010601,사과,01322,01322,SS0202,SS0202,INQ_0010,노린재류(피해과율),노린재류,피해과율,10,https://ncpms.rda.go.kr/npms/PblSvcInfoListR.np
FT010601,사과,01322,01322,SS0133,SS0133,INQ_0011,노린재류(트랩마리수),노린재류,트랩마리수,11,https://ncpms.rda.go.kr/npms/PblSvcInfoListR.np
FT010601,사과,01322,01322,SS0127,SS0127,INQ_0012,복숭아순나방(트랩마리수),복숭아순나방,트랩마리수,12,https://ncpms.rda.go.kr/npms/PblSvcInfoListR.np
FT010601,사과,01322,01322,SS0132,SS0132,INQ_0013,복숭아심식나방(트랩마리수),복숭아심식나방,트랩마리수,13,https://ncpms.rda.go.kr/npms/PblSvcInfoListR.np
FT010601,사과,01322,01322,SS0135,SS0135,INQ_0014,복숭아순나방붙이(트랩마리수),복숭아순나방붙이,트랩마리수,14,https://ncpms.rda.go.kr/npms/PblSvcInfoListR.np
FT010601,사과,01322,01322,SS0128,SS0128,INQ_0015,사과굴나방(트랩마리수),사과굴나방,트랩마리수,15,https://ncpms.rda.go.kr/npms/PblSvcInfoListR.np
FT010601,사과,01322,01322,SS0129,SS0129,INQ_0016,은무늬굴나방(트랩마리수),은무늬굴나방,트랩마리수,16,https://ncpms.rda.go.kr/npms/PblSvcInfoListR.np
FT010601,사과,01322,01322,SS0130,SS0130,INQ_0017,사과무늬잎말이나방(트랩마리수),사과무늬잎말이나방,트랩마리수,17,https://ncpms.rda.go.kr/npms/PblSvcInfoListR.np
FT010601,사과,01322,01322,SS0131,SS0131,INQ_0018,사과애모무늬잎말이나방(트랩마리수),사과애모무늬잎말이나방,트랩마리수,18,https://ncpms.rda.go.kr/npms/PblSvcInfoListR.np
FT010601,사과,01322,01322,SS0105,SS0105,INQ_0019,붉은별무늬병(피해잎율),붉은별무늬병,피해잎율,19,https://ncpms.rda.go.kr/npms/PblSvcInfoListR.np
FT010601,사과,01322,01322,SS0112,SS0112,INQ_0020,역병(피해과율),역병,피해과율,20,https://ncpms.rda.go.kr/npms/PblSvcInfoListR.np
FT010602,배,01322,01322,ST0101,ST0101,,검은별무늬병(병든과율),검은별무늬병,병든과율,,https://ncpms.rda.go.kr/npms/PblSvcInfoListR.np
FT010602,배,01322,01322,ST0103,ST0103,,붉은별무늬병(병든과율),붉은별무늬병,병든과율,,https://ncpms.rda.go.kr/npms/PblSvcInfoListR.np
FT010602,배,01322,01322,ST0107,ST0107,,과피얼룩병(병든과율),과피얼룩병,병든과율,,https://ncpms.rda.go.kr/npms/PblSvcInfoListR.np
FT010602,배,01322,01322,ST0109,ST0109,,복숭아순나방(피해과율),복숭아순나방,피해과율,,https://ncpms.rda.go.kr/npms/PblSvcInfoListR.np
FT010602,배,01322,01322,ST0110,ST0110,,잎말이나방(피해잎률),잎말이나방,피해잎률,,https://ncpms.rda.go.kr/npms/PblSvcInfoListR.np
FT010602,배,01322,01322,ST0111,ST0111,,잎말이나방(피해과율),잎말이나방,피해과율,,https://ncpms.rda.go.kr/npms/PblSvcInfoListR.np
FT010602,배,01322,01322,ST0113,ST0113,,꼬마배나무이(300과총당마리수),꼬마배나무이,300과총당마리수,,https://ncpms.rda.go.kr/npms/PblSvcInfoListR.np
FT010602,배,01322,01322,ST0114,ST0114,,깍지벌레류(발생주율),깍지벌레류,발생주율,,https://ncpms.rda.go.kr/npms/PblSvcInfoListR.np
FT010602,배,01322,01322,ST0116,ST0116,,갈색여치(5주당마리수),갈색여치,5주당마리수,,https://ncpms.rda.go.kr/npms/PblSvcInfoListR.np
FT010602,배,01322,01322,ST0117,ST0117,,애매미충(5주당마리수),애매미충,5주당마리수,,https://ncpms.rda.go.kr/npms/PblSvcInfoListR.np
FT010602,배,01322,01322,ST0104,ST0104,INQ_0001,붉은별무늬병(피해잎율),붉은별무늬병,피해잎율,1,https://ncpms.rda.go.kr/npms/PblSvcInfoListR.np
FT010602,배,01322,01322,ST0102,ST0102,INQ_0002,검은별무늬병(피해잎율),검은별무늬병,피해잎율,2,https://ncpms.rda.go.kr/npms/PblSvcInfoListR.np
FT010602,배,01322,01322,ST0105,ST0105,INQ_0003,잎검은점병(피해잎율),잎검은점병,피해잎율,3,https://ncpms.rda.go.kr/npms/PblSvcInfoListR.np
FT010602,배,01322,01322,ST0106,ST0106,INQ_0004,겹무늬병(피해과율),겹무늬병,피해과율,4,https://ncpms.rda.go.kr/npms/PblSvcInfoListR.np
FT010602,배,01322,01322,ST0108,ST0108,INQ_0005,복숭아순나방(피해신초율),복숭아순나방,피해신초율,5,https://ncpms.rda.go.kr/npms/PblSvcInfoListR.np
FT010602,배,01322,01322,ST0112,ST0112,INQ_0006,응애류(밀도),응애류,밀도,6,https://ncpms.rda.go.kr/npms/PblSvcInfoListR.np
FT010602,배,01322,01322,ST0216,ST0216,INQ_0007,주경배나무이(밀도),주경배나무이,밀도,7,https://ncpms.rda.go.kr/npms/PblSvcInfoListR.np
FT010602,배,01322,01322,ST0115,ST0115,INQ_0008,깍지벌레류(밀도),깍지벌레류,밀도,8,https://ncpms.rda.go.kr/npms/PblSvcInfoListR.np
FT010602,배,01322,01322,ST0118,ST0118,INQ_0009,복숭아순나방(트랩마리수),복숭아순나방,트랩마리수,9,https://ncpms.rda.go.kr/npms/PblSvcInfoListR.np
FT010602,배,01322,01322,ST0121,ST0121,INQ_0010,복숭아심식나방(트랩마리수),복숭아심식나방,트랩마리수,10,https://ncpms.rda.go.kr/npms/PblSvcInfoListR.np
FT010602,배,01322,01322,ST0119,ST0119,INQ_0011,사과무늬잎말이나방(트랩마리수),사과무늬잎말이나방,트랩마리수,11,https://ncpms.rda.go.kr/npms/PblSvcInfoListR.np
FT010602,배,01322,01322,ST0120,ST0120,INQ_0012,사과애모무늬잎말이나방(트랩마리수),사과애모무늬잎말이나방,트랩마리수,12,https://ncpms.rda.go.kr/npms/PblSvcInfoListR.np
FT020604,복숭아,01322,01322,SBK102,SBK102,,세균구멍병(발병과율),세균구멍병,발병과율,,https://ncpms.rda.go.kr/npms/PblSvcInfoListR.np
FT020604,복숭아,01322,01322,SBK103,SBK103,,복숭아순나방(피해잎률),복숭아순나방,피해잎률,,https://ncpms.rda.go.kr/npms/PblSvcInfoListR.np
FT020604,복숭아,01322,01322,SBK104,SBK104,,복숭아순나방(피해과율),복숭아순나방,피해과율,,https://ncpms.rda.go.kr/npms/PblSvcInfoListR.np
FT020604,복숭아,01322,01322,SBK105,SBK105,,복숭아순나방(트랩당마리수),복숭아순나방,트랩당마리수,,https://ncpms.rda.go.kr/npms/PblSvcInfoListR.np
FT020604,복숭아,01322,01322,SBK107,SBK107,,복숭아심식나방(트랩당마리수),복숭아심식나방,트랩당마리수,,https://ncpms.rda.go.kr/npms/PblSvcInfoListR.np
FT020604,복숭아,01322,01322,SBK101,SBK101,INQ_0001,세균구멍병(피해잎율),세균구멍병,피해잎율,1,https://ncpms.rda.go.kr/npms/PblSvcInfoListR.np
FT020604,복숭아,01322,01322,SBK211,SBK211,INQ_0002,탄저병(피해과율),탄저병,피해과율,2,https://ncpms.rda.go.kr/npms/PblSvcInfoListR.np
FT020604,복숭아,01322,01322,SBK212,SBK212,INQ_0003,잎오갈병(피해잎율),잎오갈병,피해잎율,3,https://ncpms.rda.go.kr/npms/PblSvcInfoListR.np
FT020604,복숭아,01322,01322,SBK106,SBK106,INQ_0004,복숭아심식나방(피해과율),복숭아심식나방,피해과율,4,https://ncpms.rda.go.kr/npms/PblSvcInfoListR.np
FT020604,복숭아,01322,01322,SBK213,SBK213,INQ_0005,복숭아순나방(피해신초율),복숭아순나방,피해신초율,5,https://ncpms.rda.go.kr/npms/PblSvcInfoListR.np
FT040603,포도,01306,01306,SV0101,SV0101,,꽃매미(5주당난괴마리수),꽃매미,5주당난괴마리수,,https://ncpms.rda.go.kr/npms/PblSvcInfoListR.np
FT040603,포도,01306,01306,SV0102,SV0102,,꽃매미(5주당약충마리수),꽃매미,5주당약충마리수,,https://ncpms.rda.go.kr/npms/PblSvcInfoListR.np
FT040603,포도,01306,01306,SV0103,SV0103,,꽃매미(5주당성충마리수),꽃매미,5주당성충마리수,,https://ncpms.rda.go.kr/npms/PblSvcInfoListR.np
FT040603,포도,01306,01306,SV0104,SV0104,,꽃매미(피해과율),꽃매미,피해과율,,https://ncpms.rda.go.kr/npms/PblSvcInfoListR.np
FT040603,포도,01306,01306,SV0105,SV0105,INQ_0001,갈색무늬병(피해잎율),갈색무늬병,피해잎율,1,https://ncpms.rda.go.kr/npms/PblSvcInfoListR.np
FT040603,포도,01306,01306,SV0211,SV0211,INQ_0002,노균병(피해잎율),노균병,피해잎율,2,https://ncpms.rda.go.kr/npms/PblSvcInfoListR.np
FT040603,포도,01306,01306,SV0212,SV0212,INQ_0003,꽃매미(밀도),꽃매미,밀도,3,https://ncpms.rda.go.kr/npms/PblSvcInfoListR.np
FT060605,감,01322,01322,SW0104,SW0104,INQ_0001,탄저병(피해과율),탄저병,피해과율,1,https://ncpms.rda.go.kr/npms/PblSvcInfoListR.np
FT060605,감,01322,01322,SW0105,SW0105,INQ_0002,둥근무늬낙엽병(피해잎율),둥근무늬낙엽병,피해잎율,2,https://ncpms.rda.go.kr/npms/PblSvcInfoListR.np
FT060605,감,01322,01322,SW0201,SW0201,INQ_0003,흰가루병(피해잎율),흰가루병,피해잎율,3,https://ncpms.rda.go.kr/npms/PblSvcInfoListR.np
FT060605,감,01322,01322,SW0202,SW0202,INQ_0004,깍지벌레류(밀도),깍지벌레류,밀도,4,https://ncpms.rda.go.kr/npms/PblSvcInfoListR.np
FT060605,감,01322,01322,SW0121,SW0121,INQ_0005,감꼭지나방(피해과율),감꼭지나방,피해과율,5,https://ncpms.rda.go.kr/npms/PblSvcInfoListR.np
FT060605,감,01322,01322,SW0120,SW0120,INQ_0006,노린재류(피해과율),노린재류,피해과율,6,https://ncpms.rda.go.kr/npms/PblSvcInfoListR.np
FT060605,감,01322,01322,SW0106,SW0106,INQ_0007,모무늬낙엽병(피해잎율),모무늬낙엽병,피해잎율,7,https://ncpms.rda.go.kr/npms/PblSvcInfoListR.np
FT060605,감,01322,01322,SW0107,SW0107,INQ_0008,매점병(피해과율),매점병,피해과율,8,https://ncpms.rda.go.kr/npms/PblSvcInfoListR.np
FT060614,감귤,01322,01322,STR101,STR101,INQ_0001,더뎅이병(피해주율),더뎅이병,피해주율,1,https://ncpms.rda.go.kr/npms/PblSvcInfoListR.np
FT060614,감귤,01322,01322,STR102,STR102,INQ_0002,궤양병(피해주율),궤양병,피해주율,2,https://ncpms.rda.go.kr/npms/PblSvcInfoListR.np
FT060614,감귤,01322,01322,STR103,STR103,INQ_0003,검은점무늬병(피해과율),검은점무늬병,피해과율,3,https://ncpms.rda.go.kr/npms/PblSvcInfoListR.np
FT060614,감귤,01322,01322,STR104,STR104,INQ_0004,역병(피해과율),역병,피해과율,4,https://ncpms.rda.go.kr/npms/PblSvcInfoListR.np
FT060614,감귤,01322,01322,STR109,STR109,INQ_0005,볼록총채벌레(밀도),볼록총채벌레,밀도,5,https://ncpms.rda.go.kr/npms/PblSvcInfoListR.np
FT060614,감귤,01322,01322,STR203,STR203,INQ_0006,귤응애(밀도),귤응애,밀도,6,https://ncpms.rda.go.kr/npms/PblSvcInfoListR.np
FT060614,감귤,01322,01322,STR110,STR110,INQ_0007,볼록총채벌레(트랩마리수),볼록총채벌레,트랩마리수,7,https://ncpms.rda.go.kr/npms/PblSvcInfoListR.np
FT060614,감귤,01322,01322,STR204,STR204,INQ_0008,깍지벌레(트랩마리수),깍지벌레,트랩마리수,8,https://ncpms.rda.go.kr/npms/PblSvcInfoListR.np
FT060614,감귤,01322,01322,STR202,STR202,INQ_0009,귤굴나방(밀도),귤굴나방,밀도,9,https://ncpms.rda.go.kr/npms/PblSvcInfoListR.np
FT060614,감귤,01322,01322,STR201,STR201,INQ_0010,진딧물류(밀도),진딧물류,밀도,10,https://ncpms.rda.go.kr/npms/PblSvcInfoListR.np
VC011205,고추,01320,01321,SX0103,SX0103,,바이러스(병든주율),바이러스,병든주율,,https://ncpms.rda.go.kr/npms/PblSvcInfoListR.np
VC011205,고추,01320,01321,SX0104,,,꽃노랑총채벌레(꽃당마리수),꽃노랑총채벌레,꽃당마리수,,https://ncpms.rda.go.kr/npms/PblSvcInfoListR.np
VC011205,고추,01320,01321,SX0105,,,꽃노랑총채벌레(피해과율),꽃노랑총채벌레,피해과율,,https://ncpms.rda.go.kr/npms/PblSvcInfoListR.np
VC011205,고추,01320,01321,SX0106,,,담배가루이(잎당마리수),담배가루이,잎당마리수,,https://ncpms.rda.go.kr/npms/PblSvcInfoListR.np
VC011205,고추,01320,01320,SX0101,SX0101,INQ_0001,역병(피해주율),역병,피해주율,1,https://ncpms.rda.go.kr/npms/PblSvcInfoListR.np
VC011205,고추,01320,01320,SX0102,SX0102,INQ_0002,탄저병(피해과율),탄저병,피해과율,2,https://ncpms.rda.go.kr/npms/PblSvcInfoListR.np
VC011205,고추,01320,01320,SX0201,SX0201,INQ_0003,풋마름병(피해주율),풋마름병,피해주율,3,https://ncpms.rda.go.kr/npms/PblSvcInfoListR.np
VC011205,고추,01320,01320,SX0202,SX0202,INQ_0004,세균점무늬병(피해주율),세균점무늬병,피해주율,4,https://ncpms.rda.go.kr/npms/PblSvcInfoListR.np
VC011205,고추,01320,01320,SX0203,SX0203,INQ_0005,무름병(피해과율),무름병,피해과율,5,https://ncpms.rda.go.kr/npms/PblSvcInfoListR.np
VC011205,고추,01320,01320,SX0108,SX0108,INQ_0006,담배나방(피해과율),담배나방,피해과율,6,https://ncpms.rda.go.kr/npms/PblSvcInfoListR.np
VC011205,고추,01320,01320,SX0204,SX0204,INQ_0007,진딧물류(밀도),진딧물류,밀도,7,https://ncpms.rda.go.kr/npms/PblSvcInfoListR.np
VC011205,고추,01320,01320,SX0205,SX0205,INQ_0008,총채벌레류(밀도),총채벌레류,밀도,8,https://ncpms.rda.go.kr/npms/PblSvcInfoListR.np
VC021001,배추,01344,01345,SBH101,SBH101,INQ_0001,무름병(피해주율),무름병,피해주율,1,https://ncpms.rda.go.kr/npms/PblSvcInfoListR.np
VC021001,배추,01344,01345,SBH105,SBH105,INQ_0002,바이러스병(피해주율),바이러스병,피해주율,2,https://ncpms.rda.go.kr/npms/PblSvcInfoListR.np
VC021001,배추,01344,01345,SBH107,SBH107,INQ_0003,노균병(피해주율),노균병,피해주율,3,https://ncpms.rda.go.kr/npms/PblSvcInfoListR.np
VC021001,배추,01344,01345,SBH201,SBH201,INQ_0005,흰무늬병(피해주율),흰무늬병,피해주율,4,https://ncpms.rda.go.kr/npms/PblSvcInfoListR.np
VC021001,배추,01344,01345,SBH108,SBH108,INQ_0004,검은무늬병(피해주율),검은무늬병,피해주율,5,https://ncpms.rda.go.kr/npms/PblSvcInfoListR.np
VC021001,배추,01344,01345,SBH203,SBH203,INQ_0006,배추좀나방(피해주율),배추좀나방,피해주율,6,https://ncpms.rda.go.kr/npms/PblSvcInfoListR.np
VC021001,배추,01344,01345,SBH202,SBH202,INQ_0007,뿌리마름병(피해주율),뿌리마름병,피해주율,7,https://ncpms.rda.go.kr/npms/PblSvcInfoListR.np
VC021001,배추,01344,01345,SBH204,SBH204,INQ_0008,진딧물류(밀도),진딧물류,밀도,8,https://ncpms.rda.go.kr/npms/PblSvcInfoListR.np
VC031101,무,01346,01347,SBG101,SBG101,INQ_0001,무름병(피해주율),무름병,피해주율,1,https://ncpms.rda.go.kr/npms/PblSvcInfoListR.np
VC031101,무,01346,01347,SBG102,SBG102,INQ_0002,뿌리혹병(피해주율),뿌리혹병,피해주율,2,https://ncpms.rda.go.kr/npms/PblSvcInfoListR.np
VC031101,무,01346,01347,SBG105,SBG105,INQ_0003,바이러스병(피해주율),바이러스병,피해주율,3,https://ncpms.rda.go.kr/npms/PblSvcInfoListR.np
VC031101,무,01346,01347,SBG201,SBG201,INQ_0004,검은썩음병(피해주율),검은썩음병,피해주율,4,https://ncpms.rda.go.kr/npms/PblSvcInfoListR.np
VC031101,무,01346,01347,SBG202,SBG202,INQ_0005,노균병(피해주율),노균병,피해주율,5,https://ncpms.rda.go.kr/npms/PblSvcInfoListR.np
VC041201,양파,01322,01322,SBJ104,SBJ104,INQ_0001,잎마름병(피해주율),잎마름병,피해주율,1,https://ncpms.rda.go.kr/npms/PblSvcInfoListR.np
VC041201,양파,01322,01322,SBJ101,SBJ101,INQ_0002,흑색썩음균핵병(피해주율),흑색썩음균핵병,피해주율,2,https://ncpms.rda.go.kr/npms/PblSvcInfoListR.np
VC041201,양파,01322,01322,SBJ102,SBJ102,INQ_0003,노균병(피해주율),노균병,피해주율,3,https://ncpms.rda.go.kr/npms/PblSvcInfoListR.np
VC041201,양파,01322,01322,SBJ201,SBJ201,INQ_0005,녹병(피해주율),녹병,피해주율,4,https://ncpms.rda.go.kr/npms/PblSvcInfoListR.np
VC041201,양파,01322,01322,SBJ103,SBJ103,INQ_0004,고자리파리(피해주율),고자리파리,피해주율,5,https://ncpms.rda.go.kr/npms/PblSvcInfoListR.np
VC041201,양파,01322,01322,SBJ202,SBJ202,INQ_0006,검은무늬병(피해주율),검은무늬병,피해주율,6,https://ncpms.rda.go.kr/npms/PblSvcInfoListR.np
VC041209,마늘,01348,01349,SBI105,SBI105,,세균점무늬병(발병주율),세균점무늬병,발병주율,,https://ncpms.rda.go.kr/npms/PblSvcInfoListR.np
VC041209,마늘,01348,01349,SBI102,SBI102,INQ_0001,잎마름병(피해주율),잎마름병,피해주율,1,https://ncpms.rda.go.kr/npms/PblSvcInfoListR.np
VC041209,마늘,01348,01349,SBI101,SBI101,INQ_0002,흑색썩음균핵병(피해주율),흑색썩음균핵병,피해주율,2,https://ncpms.rda.go.kr/npms/PblSvcInfoListR.np
VC041209,마늘,01348,01349,SBI104,SBI104,INQ_0003,녹병(피해주율),녹병,피해주율,3,https://ncpms.rda.go.kr/npms/PblSvcInfoListR.np
VC041209,마늘,01348,01349,SBI201,SBI201,INQ_0006,무름병(피해주율),무름병,피해주율,4,https://ncpms.rda.go.kr/npms/PblSvcInfoListR.np
VC041209,마늘,01348,01349,SBI106,SBI106,INQ_0004,잎집썩음병(피해주율),잎집썩음병,피해주율,5,https://ncpms.rda.go.kr/npms/PblSvcInfoListR.np
VC041209,마늘,01348,01349,SBI103,SBI103,INQ_0005,고자리파리(피해주율),고자리파리,피해주율,6,https://ncpms.rda.go.kr/npms/PblSvcInfoListR.np
VC041209,마늘,01348,01349,SBI203,SBI203,INQ_0007,뿌리응애(피해주율),뿌리응애,피해주율,7,https://ncpms.rda.go.kr/npms/PblSvcInfoListR.np
VC041209,마늘,01348,01349,SBI202,SBI202,INQ_0008,바이러스(피해주율),바이러스,피해주율,8,https://ncpms.rda.go.kr/npms/PblSvcInfoListR.np
