천적명,학명,보고서파일,한글명언급수,학명언급수,근거유형,현장투입근거,해석제한
,Propylea japonica,전국자연환경조사(2019)_1579_가례 도엽 일대의 곤충상.pdf,0,1,문서 내 종명 문자열 정확일치,N,분포 문헌 언급이며 투입 적기·방사량·방제효과를 입증하지 않음
,Propylea japonica,전국자연환경조사(2019)_1580_가회 도엽 일대의 곤충상.pdf,0,1,문서 내 종명 문자열 정확일치,N,분포 문헌 언급이며 투입 적기·방사량·방제효과를 입증하지 않음
,Propylea japonica,전국자연환경조사(2019)_1582_간성 도엽 일대의 곤충상.pdf,0,1,문서 내 종명 문자열 정확일치,N,분포 문헌 언급이며 투입 적기·방사량·방제효과를 입증하지 않음
,Propylea japonica,전국자연환경조사(2019)_1583_갈면 도엽 일대의 곤충상.pdf,0,1,문서 내 종명 문자열 정확일치,N,분포 문헌 언급이며 투입 적기·방사량·방제효과를 입증하지 않음
,Propylea japonica,전국자연환경조사(2019)_1584_갈현 도엽 일대의 곤충상.pdf,0,1,문서 내 종명 문자열 정확일치,N,분포 문헌 언급이며 투입 적기·방사량·방제효과를 입증하지 않음
,Propylea japonica,전국자연환경조사(2019)_1585_강화 도엽 일대의 곤충상.pdf,0,1,문서 내 종명 문자열 정확일치,N,분포 문헌 언급이며 투입 적기·방사량·방제효과를 입증하지 않음
,Propylea japonica,전국자연환경조사(2019)_1586_거진 도엽 일대의 곤충상.pdf,0,1,문서 내 종명 문자열 정확일치,N,분포 문헌 언급이며 투입 적기·방사량·방제효과를 입증하지 않음
,Propylea japonica,전국자연환경조사(2019)_1587_고대 도엽 일대의 곤충상.pdf,0,1,문서 내 종명 문자열 정확일치,N,분포 문헌 언급이며 투입 적기·방사량·방제효과를 입증하지 않음
,Propylea japonica,전국자연환경조사(2019)_1588_고양 도엽 일대의 곤충상.pdf,0,1,문서 내 종명 문자열 정확일치,N,분포 문헌 언급이며 투입 적기·방사량·방제효과를 입증하지 않음
,Propylea japonica,전국자연환경조사(2019)_1589_광적 도엽 일대의 곤충상.pdf,0,1,문서 내 종명 문자열 정확일치,N,분포 문헌 언급이며 투입 적기·방사량·방제효과를 입증하지 않음
,Propylea japonica,전국자연환경조사(2019)_1590_광혜원 도엽 일대의 곤충상.pdf,0,1,문서 내 종명 문자열 정확일치,N,분포 문헌 언급이며 투입 적기·방사량·방제효과를 입증하지 않음
,Propylea japonica,전국자연환경조사(2019)_1591_괴산 도엽 일대의 곤충상.pdf,0,1,문서 내 종명 문자열 정확일치,N,분포 문헌 언급이며 투입 적기·방사량·방제효과를 입증하지 않음
,Propylea japonica,전국자연환경조사(2019)_1592_교암 도엽 일대의 곤충상.pdf,0,1,문서 내 종명 문자열 정확일치,N,분포 문헌 언급이며 투입 적기·방사량·방제효과를 입증하지 않음
,Propylea japonica,전국자연환경조사(2019)_1593_기성 도엽 일대의 곤충상.pdf,0,1,문서 내 종명 문자열 정확일치,N,분포 문헌 언급이며 투입 적기·방사량·방제효과를 입증하지 않음
,Propylea japonica,전국자연환경조사(2019)_1594_기장 도엽 일대의 곤충상.pdf,0,1,문서 내 종명 문자열 정확일치,N,분포 문헌 언급이며 투입 적기·방사량·방제효과를 입증하지 않음
,Propylea japonica,전국자연환경조사(2019)_1595_김포 도엽 일대의 곤충상.pdf,0,1,문서 내 종명 문자열 정확일치,N,분포 문헌 언급이며 투입 적기·방사량·방제효과를 입증하지 않음
,Propylea japonica,전국자연환경조사(2019)_1596_남명 도엽 일대의 곤충상.pdf,0,1,문서 내 종명 문자열 정확일치,N,분포 문헌 언급이며 투입 적기·방사량·방제효과를 입증하지 않음
,Propylea japonica,전국자연환경조사(2019)_1597_남지 도엽 일대의 곤충상.pdf,0,1,문서 내 종명 문자열 정확일치,N,분포 문헌 언급이며 투입 적기·방사량·방제효과를 입증하지 않음
,Propylea japonica,전국자연환경조사(2019)_1598_남창 도엽 일대의 곤충상.pdf,0,1,문서 내 종명 문자열 정확일치,N,분포 문헌 언급이며 투입 적기·방사량·방제효과를 입증하지 않음
,Propylea japonica,전국자연환경조사(2019)_1599_내성 도엽 일대의 곤충상.pdf,0,1,문서 내 종명 문자열 정확일치,N,분포 문헌 언급이며 투입 적기·방사량·방제효과를 입증하지 않음
,Propylea japonica,전국자연환경조사(2019)_1600_내포 도엽 일대의 곤충상.pdf,0,1,문서 내 종명 문자열 정확일치,N,분포 문헌 언급이며 투입 적기·방사량·방제효과를 입증하지 않음
,Propylea japonica,전국자연환경조사(2019)_1601_다목 도엽 일대의 곤충상.pdf,0,1,문서 내 종명 문자열 정확일치,N,분포 문헌 언급이며 투입 적기·방사량·방제효과를 입증하지 않음
,Propylea japonica,전국자연환경조사(2019)_1602_단성 도엽 일대의 곤충상.pdf,0,1,문서 내 종명 문자열 정확일치,N,분포 문헌 언급이며 투입 적기·방사량·방제효과를 입증하지 않음
,Propylea japonica,전국자연환경조사(2019)_1603_단양 도엽 일대의 곤충상.pdf,0,1,문서 내 종명 문자열 정확일치,N,분포 문헌 언급이며 투입 적기·방사량·방제효과를 입증하지 않음
,Propylea japonica,전국자연환경조사(2019)_1604_당거 도엽 일대의 곤충상.pdf,0,1,문서 내 종명 문자열 정확일치,N,분포 문헌 언급이며 투입 적기·방사량·방제효과를 입증하지 않음
,Propylea japonica,전국자연환경조사(2019)_1605_당동 도엽 일대의 곤충상.pdf,0,1,문서 내 종명 문자열 정확일치,N,분포 문헌 언급이며 투입 적기·방사량·방제효과를 입증하지 않음
,Propylea japonica,전국자연환경조사(2019)_1606_대광 도엽 일대의 곤충상.pdf,0,1,문서 내 종명 문자열 정확일치,N,분포 문헌 언급이며 투입 적기·방사량·방제효과를 입증하지 않음
,Propylea japonica,전국자연환경조사(2019)_1607_대산 도엽 일대의 곤충상.pdf,0,1,문서 내 종명 문자열 정확일치,N,분포 문헌 언급이며 투입 적기·방사량·방제효과를 입증하지 않음
,Propylea japonica,전국자연환경조사(2019)_1608_대소 도엽 일대의 곤충상.pdf,0,1,문서 내 종명 문자열 정확일치,N,분포 문헌 언급이며 투입 적기·방사량·방제효과를 입증하지 않음
,Propylea japonica,전국자연환경조사(2019)_1609_대평 도엽 일대의 곤충상.pdf,0,1,문서 내 종명 문자열 정확일치,N,분포 문헌 언급이며 투입 적기·방사량·방제효과를 입증하지 않음
,Propylea japonica,전국자연환경조사(2019)_1610_대합 도엽 일대의 곤충상.pdf,0,1,문서 내 종명 문자열 정확일치,N,분포 문헌 언급이며 투입 적기·방사량·방제효과를 입증하지 않음
,Propylea japonica,전국자연환경조사(2019)_1611_덕정 도엽 일대의 곤충상.pdf,0,1,문서 내 종명 문자열 정확일치,N,분포 문헌 언급이며 투입 적기·방사량·방제효과를 입증하지 않음
,Propylea japonica,전국자연환경조사(2019)_1612_동노 도엽 일대의 곤충상.pdf,0,1,문서 내 종명 문자열 정확일치,N,분포 문헌 언급이며 투입 적기·방사량·방제효과를 입증하지 않음
,Propylea japonica,전국자연환경조사(2019)_1613_동두천 도엽 일대의 곤충상.pdf,0,1,문서 내 종명 문자열 정확일치,N,분포 문헌 언급이며 투입 적기·방사량·방제효과를 입증하지 않음
,Propylea japonica,전국자연환경조사(2019)_1614_동래 도엽 일대의 곤충상.pdf,0,1,문서 내 종명 문자열 정확일치,N,분포 문헌 언급이며 투입 적기·방사량·방제효과를 입증하지 않음
,Propylea japonica,전국자연환경조사(2019)_1615_마산 도엽 일대의 곤충상.pdf,0,1,문서 내 종명 문자열 정확일치,N,분포 문헌 언급이며 투입 적기·방사량·방제효과를 입증하지 않음
,Propylea japonica,전국자연환경조사(2019)_1617_면천 도엽 일대의 곤충상.pdf,0,1,문서 내 종명 문자열 정확일치,N,분포 문헌 언급이며 투입 적기·방사량·방제효과를 입증하지 않음
,Propylea japonica,전국자연환경조사(2019)_1618_무계 도엽 일대의 곤충상.pdf,0,1,문서 내 종명 문자열 정확일치,N,분포 문헌 언급이며 투입 적기·방사량·방제효과를 입증하지 않음
,Propylea japonica,전국자연환경조사(2019)_1619_문산 도엽 일대의 곤충상.pdf,0,1,문서 내 종명 문자열 정확일치,N,분포 문헌 언급이며 투입 적기·방사량·방제효과를 입증하지 않음
,Propylea japonica,전국자연환경조사(2019)_1620_문수산 도엽 일대의 곤충상.pdf,0,1,문서 내 종명 문자열 정확일치,N,분포 문헌 언급이며 투입 적기·방사량·방제효과를 입증하지 않음
,Propylea japonica,전국자연환경조사(2019)_1621_물금 도엽 일대의 곤충상.pdf,0,1,문서 내 종명 문자열 정확일치,N,분포 문헌 언급이며 투입 적기·방사량·방제효과를 입증하지 않음
,Harmonia axyridis,전국자연환경조사(2019)_1579_가례 도엽 일대의 곤충상.pdf,0,1,문서 내 종명 문자열 정확일치,N,분포 문헌 언급이며 투입 적기·방사량·방제효과를 입증하지 않음
,Harmonia axyridis,전국자연환경조사(2019)_1580_가회 도엽 일대의 곤충상.pdf,0,1,문서 내 종명 문자열 정확일치,N,분포 문헌 언급이며 투입 적기·방사량·방제효과를 입증하지 않음
,Harmonia axyridis,전국자연환경조사(2019)_1581_가흥 도엽 일대의 곤충상.pdf,0,1,문서 내 종명 문자열 정확일치,N,분포 문헌 언급이며 투입 적기·방사량·방제효과를 입증하지 않음
,Harmonia axyridis,전국자연환경조사(2019)_1582_간성 도엽 일대의 곤충상.pdf,0,1,문서 내 종명 문자열 정확일치,N,분포 문헌 언급이며 투입 적기·방사량·방제효과를 입증하지 않음
,Harmonia axyridis,전국자연환경조사(2019)_1583_갈면 도엽 일대의 곤충상.pdf,0,1,문서 내 종명 문자열 정확일치,N,분포 문헌 언급이며 투입 적기·방사량·방제효과를 입증하지 않음
,Harmonia axyridis,전국자연환경조사(2019)_1584_갈현 도엽 일대의 곤충상.pdf,0,1,문서 내 종명 문자열 정확일치,N,분포 문헌 언급이며 투입 적기·방사량·방제효과를 입증하지 않음
,Harmonia axyridis,전국자연환경조사(2019)_1585_강화 도엽 일대의 곤충상.pdf,0,1,문서 내 종명 문자열 정확일치,N,분포 문헌 언급이며 투입 적기·방사량·방제효과를 입증하지 않음
,Harmonia axyridis,전국자연환경조사(2019)_1586_거진 도엽 일대의 곤충상.pdf,0,1,문서 내 종명 문자열 정확일치,N,분포 문헌 언급이며 투입 적기·방사량·방제효과를 입증하지 않음
,Harmonia axyridis,전국자연환경조사(2019)_1587_고대 도엽 일대의 곤충상.pdf,0,1,문서 내 종명 문자열 정확일치,N,분포 문헌 언급이며 투입 적기·방사량·방제효과를 입증하지 않음
,Harmonia axyridis,전국자연환경조사(2019)_1588_고양 도엽 일대의 곤충상.pdf,0,1,문서 내 종명 문자열 정확일치,N,분포 문헌 언급이며 투입 적기·방사량·방제효과를 입증하지 않음
,Harmonia axyridis,전국자연환경조사(2019)_1589_광적 도엽 일대의 곤충상.pdf,0,1,문서 내 종명 문자열 정확일치,N,분포 문헌 언급이며 투입 적기·방사량·방제효과를 입증하지 않음
,Harmonia axyridis,전국자연환경조사(2019)_1590_광혜원 도엽 일대의 곤충상.pdf,0,1,문서 내 종명 문자열 정확일치,N,분포 문헌 언급이며 투입 적기·방사량·방제효과를 입증하지 않음
,Harmonia axyridis,전국자연환경조사(2019)_1591_괴산 도엽 일대의 곤충상.pdf,0,1,문서 내 종명 문자열 정확일치,N,분포 문헌 언급이며 투입 적기·방사량·방제효과를 입증하지 않음
,Harmonia axyridis,전국자연환경조사(2019)_1592_교암 도엽 일대의 곤충상.pdf,0,1,문서 내 종명 문자열 정확일치,N,분포 문헌 언급이며 투입 적기·방사량·방제효과를 입증하지 않음
,Harmonia axyridis,전국자연환경조사(2019)_1593_기성 도엽 일대의 곤충상.pdf,0,1,문서 내 종명 문자열 정확일치,N,분포 문헌 언급이며 투입 적기·방사량·방제효과를 입증하지 않음
,Harmonia axyridis,전국자연환경조사(2019)_1594_기장 도엽 일대의 곤충상.pdf,0,1,문서 내 종명 문자열 정확일치,N,분포 문헌 언급이며 투입 적기·방사량·방제효과를 입증하지 않음
,Harmonia axyridis,전국자연환경조사(2019)_1595_김포 도엽 일대의 곤충상.pdf,0,1,문서 내 종명 문자열 정확일치,N,분포 문헌 언급이며 투입 적기·방사량·방제효과를 입증하지 않음
,Harmonia axyridis,전국자연환경조사(2019)_1596_남명 도엽 일대의 곤충상.pdf,0,1,문서 내 종명 문자열 정확일치,N,분포 문헌 언급이며 투입 적기·방사량·방제효과를 입증하지 않음
,Harmonia axyridis,전국자연환경조사(2019)_1597_남지 도엽 일대의 곤충상.pdf,0,1,문서 내 종명 문자열 정확일치,N,분포 문헌 언급이며 투입 적기·방사량·방제효과를 입증하지 않음
,Harmonia axyridis,전국자연환경조사(2019)_1598_남창 도엽 일대의 곤충상.pdf,0,1,문서 내 종명 문자열 정확일치,N,분포 문헌 언급이며 투입 적기·방사량·방제효과를 입증하지 않음
,Harmonia axyridis,전국자연환경조사(2019)_1599_내성 도엽 일대의 곤충상.pdf,0,1,문서 내 종명 문자열 정확일치,N,분포 문헌 언급이며 투입 적기·방사량·방제효과를 입증하지 않음
,Harmonia axyridis,전국자연환경조사(2019)_1600_내포 도엽 일대의 곤충상.pdf,0,1,문서 내 종명 문자열 정확일치,N,분포 문헌 언급이며 투입 적기·방사량·방제효과를 입증하지 않음
,Harmonia axyridis,전국자연환경조사(2019)_1601_다목 도엽 일대의 곤충상.pdf,0,1,문서 내 종명 문자열 정확일치,N,분포 문헌 언급이며 투입 적기·방사량·방제효과를 입증하지 않음
,Harmonia axyridis,전국자연환경조사(2019)_1602_단성 도엽 일대의 곤충상.pdf,0,1,문서 내 종명 문자열 정확일치,N,분포 문헌 언급이며 투입 적기·방사량·방제효과를 입증하지 않음
,Harmonia axyridis,전국자연환경조사(2019)_1603_단양 도엽 일대의 곤충상.pdf,0,1,문서 내 종명 문자열 정확일치,N,분포 문헌 언급이며 투입 적기·방사량·방제효과를 입증하지 않음
,Harmonia axyridis,전국자연환경조사(2019)_1604_당거 도엽 일대의 곤충상.pdf,0,1,문서 내 종명 문자열 정확일치,N,분포 문헌 언급이며 투입 적기·방사량·방제효과를 입증하지 않음
,Harmonia axyridis,전국자연환경조사(2019)_1605_당동 도엽 일대의 곤충상.pdf,0,1,문서 내 종명 문자열 정확일치,N,분포 문헌 언급이며 투입 적기·방사량·방제효과를 입증하지 않음
,Harmonia axyridis,전국자연환경조사(2019)_1606_대광 도엽 일대의 곤충상.pdf,0,1,문서 내 종명 문자열 정확일치,N,분포 문헌 언급이며 투입 적기·방사량·방제효과를 입증하지 않음
,Harmonia axyridis,전국자연환경조사(2019)_1607_대산 도엽 일대의 곤충상.pdf,0,1,문서 내 종명 문자열 정확일치,N,분포 문헌 언급이며 투입 적기·방사량·방제효과를 입증하지 않음
,Harmonia axyridis,전국자연환경조사(2019)_1608_대소 도엽 일대의 곤충상.pdf,0,1,문서 내 종명 문자열 정확일치,N,분포 문헌 언급이며 투입 적기·방사량·방제효과를 입증하지 않음
,Harmonia axyridis,전국자연환경조사(2019)_1609_대평 도엽 일대의 곤충상.pdf,0,1,문서 내 종명 문자열 정확일치,N,분포 문헌 언급이며 투입 적기·방사량·방제효과를 입증하지 않음
,Harmonia axyridis,전국자연환경조사(2019)_1610_대합 도엽 일대의 곤충상.pdf,0,1,문서 내 종명 문자열 정확일치,N,분포 문헌 언급이며 투입 적기·방사량·방제효과를 입증하지 않음
,Harmonia axyridis,전국자연환경조사(2019)_1611_덕정 도엽 일대의 곤충상.pdf,0,1,문서 내 종명 문자열 정확일치,N,분포 문헌 언급이며 투입 적기·방사량·방제효과를 입증하지 않음
,Harmonia axyridis,전국자연환경조사(2019)_1612_동노 도엽 일대의 곤충상.pdf,0,1,문서 내 종명 문자열 정확일치,N,분포 문헌 언급이며 투입 적기·방사량·방제효과를 입증하지 않음
,Harmonia axyridis,전국자연환경조사(2019)_1613_동두천 도엽 일대의 곤충상.pdf,0,1,문서 내 종명 문자열 정확일치,N,분포 문헌 언급이며 투입 적기·방사량·방제효과를 입증하지 않음
,Harmonia axyridis,전국자연환경조사(2019)_1614_동래 도엽 일대의 곤충상.pdf,0,1,문서 내 종명 문자열 정확일치,N,분포 문헌 언급이며 투입 적기·방사량·방제효과를 입증하지 않음
,Harmonia axyridis,전국자연환경조사(2019)_1615_마산 도엽 일대의 곤충상.pdf,0,1,문서 내 종명 문자열 정확일치,N,분포 문헌 언급이며 투입 적기·방사량·방제효과를 입증하지 않음
,Harmonia axyridis,전국자연환경조사(2019)_1616_마지 도엽 일대의 곤충상.pdf,0,1,문서 내 종명 문자열 정확일치,N,분포 문헌 언급이며 투입 적기·방사량·방제효과를 입증하지 않음
,Harmonia axyridis,전국자연환경조사(2019)_1617_면천 도엽 일대의 곤충상.pdf,0,1,문서 내 종명 문자열 정확일치,N,분포 문헌 언급이며 투입 적기·방사량·방제효과를 입증하지 않음
,Harmonia axyridis,전국자연환경조사(2019)_1618_무계 도엽 일대의 곤충상.pdf,0,1,문서 내 종명 문자열 정확일치,N,분포 문헌 언급이며 투입 적기·방사량·방제효과를 입증하지 않음
,Harmonia axyridis,전국자연환경조사(2019)_1619_문산 도엽 일대의 곤충상.pdf,0,1,문서 내 종명 문자열 정확일치,N,분포 문헌 언급이며 투입 적기·방사량·방제효과를 입증하지 않음
,Harmonia axyridis,전국자연환경조사(2019)_1620_문수산 도엽 일대의 곤충상.pdf,0,1,문서 내 종명 문자열 정확일치,N,분포 문헌 언급이며 투입 적기·방사량·방제효과를 입증하지 않음
,Harmonia axyridis,전국자연환경조사(2019)_1621_물금 도엽 일대의 곤충상.pdf,0,1,문서 내 종명 문자열 정확일치,N,분포 문헌 언급이며 투입 적기·방사량·방제효과를 입증하지 않음
,Geocoris pallidipennis,전국자연환경조사(2019)_1588_고양 도엽 일대의 곤충상.pdf,0,1,문서 내 종명 문자열 정확일치,N,분포 문헌 언급이며 투입 적기·방사량·방제효과를 입증하지 않음
,Geocoris pallidipennis,전국자연환경조사(2019)_1608_대소 도엽 일대의 곤충상.pdf,0,1,문서 내 종명 문자열 정확일치,N,분포 문헌 언급이며 투입 적기·방사량·방제효과를 입증하지 않음
,Chrysopa pallens,전국자연환경조사(2019)_1583_갈면 도엽 일대의 곤충상.pdf,0,1,문서 내 종명 문자열 정확일치,N,분포 문헌 언급이며 투입 적기·방사량·방제효과를 입증하지 않음
,Episyrphus balteatus,전국자연환경조사(2019)_1579_가례 도엽 일대의 곤충상.pdf,0,1,문서 내 종명 문자열 정확일치,N,분포 문헌 언급이며 투입 적기·방사량·방제효과를 입증하지 않음
,Episyrphus balteatus,전국자연환경조사(2019)_1580_가회 도엽 일대의 곤충상.pdf,0,1,문서 내 종명 문자열 정확일치,N,분포 문헌 언급이며 투입 적기·방사량·방제효과를 입증하지 않음
,Episyrphus balteatus,전국자연환경조사(2019)_1581_가흥 도엽 일대의 곤충상.pdf,0,1,문서 내 종명 문자열 정확일치,N,분포 문헌 언급이며 투입 적기·방사량·방제효과를 입증하지 않음
,Episyrphus balteatus,전국자연환경조사(2019)_1582_간성 도엽 일대의 곤충상.pdf,0,1,문서 내 종명 문자열 정확일치,N,분포 문헌 언급이며 투입 적기·방사량·방제효과를 입증하지 않음
,Episyrphus balteatus,전국자연환경조사(2019)_1583_갈면 도엽 일대의 곤충상.pdf,0,1,문서 내 종명 문자열 정확일치,N,분포 문헌 언급이며 투입 적기·방사량·방제효과를 입증하지 않음
,Episyrphus balteatus,전국자연환경조사(2019)_1584_갈현 도엽 일대의 곤충상.pdf,0,1,문서 내 종명 문자열 정확일치,N,분포 문헌 언급이며 투입 적기·방사량·방제효과를 입증하지 않음
,Episyrphus balteatus,전국자연환경조사(2019)_1585_강화 도엽 일대의 곤충상.pdf,0,1,문서 내 종명 문자열 정확일치,N,분포 문헌 언급이며 투입 적기·방사량·방제효과를 입증하지 않음
,Episyrphus balteatus,전국자연환경조사(2019)_1586_거진 도엽 일대의 곤충상.pdf,0,1,문서 내 종명 문자열 정확일치,N,분포 문헌 언급이며 투입 적기·방사량·방제효과를 입증하지 않음
,Episyrphus balteatus,전국자연환경조사(2019)_1587_고대 도엽 일대의 곤충상.pdf,0,1,문서 내 종명 문자열 정확일치,N,분포 문헌 언급이며 투입 적기·방사량·방제효과를 입증하지 않음
,Episyrphus balteatus,전국자연환경조사(2019)_1588_고양 도엽 일대의 곤충상.pdf,0,1,문서 내 종명 문자열 정확일치,N,분포 문헌 언급이며 투입 적기·방사량·방제효과를 입증하지 않음
,Episyrphus balteatus,전국자연환경조사(2019)_1589_광적 도엽 일대의 곤충상.pdf,0,1,문서 내 종명 문자열 정확일치,N,분포 문헌 언급이며 투입 적기·방사량·방제효과를 입증하지 않음
,Episyrphus balteatus,전국자연환경조사(2019)_1590_광혜원 도엽 일대의 곤충상.pdf,0,1,문서 내 종명 문자열 정확일치,N,분포 문헌 언급이며 투입 적기·방사량·방제효과를 입증하지 않음
,Episyrphus balteatus,전국자연환경조사(2019)_1591_괴산 도엽 일대의 곤충상.pdf,0,1,문서 내 종명 문자열 정확일치,N,분포 문헌 언급이며 투입 적기·방사량·방제효과를 입증하지 않음
,Episyrphus balteatus,전국자연환경조사(2019)_1592_교암 도엽 일대의 곤충상.pdf,0,1,문서 내 종명 문자열 정확일치,N,분포 문헌 언급이며 투입 적기·방사량·방제효과를 입증하지 않음
,Episyrphus balteatus,전국자연환경조사(2019)_1593_기성 도엽 일대의 곤충상.pdf,0,1,문서 내 종명 문자열 정확일치,N,분포 문헌 언급이며 투입 적기·방사량·방제효과를 입증하지 않음
,Episyrphus balteatus,전국자연환경조사(2019)_1594_기장 도엽 일대의 곤충상.pdf,0,1,문서 내 종명 문자열 정확일치,N,분포 문헌 언급이며 투입 적기·방사량·방제효과를 입증하지 않음
,Episyrphus balteatus,전국자연환경조사(2019)_1595_김포 도엽 일대의 곤충상.pdf,0,1,문서 내 종명 문자열 정확일치,N,분포 문헌 언급이며 투입 적기·방사량·방제효과를 입증하지 않음
,Episyrphus balteatus,전국자연환경조사(2019)_1596_남명 도엽 일대의 곤충상.pdf,0,1,문서 내 종명 문자열 정확일치,N,분포 문헌 언급이며 투입 적기·방사량·방제효과를 입증하지 않음
,Episyrphus balteatus,전국자연환경조사(2019)_1597_남지 도엽 일대의 곤충상.pdf,0,1,문서 내 종명 문자열 정확일치,N,분포 문헌 언급이며 투입 적기·방사량·방제효과를 입증하지 않음
,Episyrphus balteatus,전국자연환경조사(2019)_1598_남창 도엽 일대의 곤충상.pdf,0,1,문서 내 종명 문자열 정확일치,N,분포 문헌 언급이며 투입 적기·방사량·방제효과를 입증하지 않음
,Episyrphus balteatus,전국자연환경조사(2019)_1599_내성 도엽 일대의 곤충상.pdf,0,1,문서 내 종명 문자열 정확일치,N,분포 문헌 언급이며 투입 적기·방사량·방제효과를 입증하지 않음
,Episyrphus balteatus,전국자연환경조사(2019)_1600_내포 도엽 일대의 곤충상.pdf,0,1,문서 내 종명 문자열 정확일치,N,분포 문헌 언급이며 투입 적기·방사량·방제효과를 입증하지 않음
,Episyrphus balteatus,전국자연환경조사(2019)_1602_단성 도엽 일대의 곤충상.pdf,0,1,문서 내 종명 문자열 정확일치,N,분포 문헌 언급이며 투입 적기·방사량·방제효과를 입증하지 않음
,Episyrphus balteatus,전국자연환경조사(2019)_1604_당거 도엽 일대의 곤충상.pdf,0,1,문서 내 종명 문자열 정확일치,N,분포 문헌 언급이며 투입 적기·방사량·방제효과를 입증하지 않음
,Episyrphus balteatus,전국자연환경조사(2019)_1605_당동 도엽 일대의 곤충상.pdf,0,1,문서 내 종명 문자열 정확일치,N,분포 문헌 언급이며 투입 적기·방사량·방제효과를 입증하지 않음
,Episyrphus balteatus,전국자연환경조사(2019)_1607_대산 도엽 일대의 곤충상.pdf,0,1,문서 내 종명 문자열 정확일치,N,분포 문헌 언급이며 투입 적기·방사량·방제효과를 입증하지 않음
,Episyrphus balteatus,전국자연환경조사(2019)_1608_대소 도엽 일대의 곤충상.pdf,0,1,문서 내 종명 문자열 정확일치,N,분포 문헌 언급이며 투입 적기·방사량·방제효과를 입증하지 않음
,Episyrphus balteatus,전국자연환경조사(2019)_1609_대평 도엽 일대의 곤충상.pdf,0,1,문서 내 종명 문자열 정확일치,N,분포 문헌 언급이며 투입 적기·방사량·방제효과를 입증하지 않음
,Episyrphus balteatus,전국자연환경조사(2019)_1610_대합 도엽 일대의 곤충상.pdf,0,1,문서 내 종명 문자열 정확일치,N,분포 문헌 언급이며 투입 적기·방사량·방제효과를 입증하지 않음
,Episyrphus balteatus,전국자연환경조사(2019)_1611_덕정 도엽 일대의 곤충상.pdf,0,1,문서 내 종명 문자열 정확일치,N,분포 문헌 언급이며 투입 적기·방사량·방제효과를 입증하지 않음
,Episyrphus balteatus,전국자연환경조사(2019)_1612_동노 도엽 일대의 곤충상.pdf,0,1,문서 내 종명 문자열 정확일치,N,분포 문헌 언급이며 투입 적기·방사량·방제효과를 입증하지 않음
,Episyrphus balteatus,전국자연환경조사(2019)_1613_동두천 도엽 일대의 곤충상.pdf,0,1,문서 내 종명 문자열 정확일치,N,분포 문헌 언급이며 투입 적기·방사량·방제효과를 입증하지 않음
,Episyrphus balteatus,전국자연환경조사(2019)_1614_동래 도엽 일대의 곤충상.pdf,0,1,문서 내 종명 문자열 정확일치,N,분포 문헌 언급이며 투입 적기·방사량·방제효과를 입증하지 않음
,Episyrphus balteatus,전국자연환경조사(2019)_1615_마산 도엽 일대의 곤충상.pdf,0,1,문서 내 종명 문자열 정확일치,N,분포 문헌 언급이며 투입 적기·방사량·방제효과를 입증하지 않음
,Episyrphus balteatus,전국자연환경조사(2019)_1616_마지 도엽 일대의 곤충상.pdf,0,1,문서 내 종명 문자열 정확일치,N,분포 문헌 언급이며 투입 적기·방사량·방제효과를 입증하지 않음
,Episyrphus balteatus,전국자연환경조사(2019)_1617_면천 도엽 일대의 곤충상.pdf,0,1,문서 내 종명 문자열 정확일치,N,분포 문헌 언급이며 투입 적기·방사량·방제효과를 입증하지 않음
,Episyrphus balteatus,전국자연환경조사(2019)_1618_무계 도엽 일대의 곤충상.pdf,0,1,문서 내 종명 문자열 정확일치,N,분포 문헌 언급이며 투입 적기·방사량·방제효과를 입증하지 않음
,Episyrphus balteatus,전국자연환경조사(2019)_1619_문산 도엽 일대의 곤충상.pdf,0,1,문서 내 종명 문자열 정확일치,N,분포 문헌 언급이며 투입 적기·방사량·방제효과를 입증하지 않음
,Episyrphus balteatus,전국자연환경조사(2019)_1620_문수산 도엽 일대의 곤충상.pdf,0,1,문서 내 종명 문자열 정확일치,N,분포 문헌 언급이며 투입 적기·방사량·방제효과를 입증하지 않음
,Episyrphus balteatus,전국자연환경조사(2019)_1621_물금 도엽 일대의 곤충상.pdf,0,1,문서 내 종명 문자열 정확일치,N,분포 문헌 언급이며 투입 적기·방사량·방제효과를 입증하지 않음
꼬마남생이무당벌레,Propylea japonica,전국자연환경조사(2019)_1579_가례 도엽 일대의 곤충상.pdf,2,1,문서 내 종명 문자열 정확일치,N,분포 문헌 언급이며 투입 적기·방사량·방제효과를 입증하지 않음
꼬마남생이무당벌레,Propylea japonica,전국자연환경조사(2019)_1580_가회 도엽 일대의 곤충상.pdf,2,1,문서 내 종명 문자열 정확일치,N,분포 문헌 언급이며 투입 적기·방사량·방제효과를 입증하지 않음
꼬마남생이무당벌레,Propylea japonica,전국자연환경조사(2019)_1582_간성 도엽 일대의 곤충상.pdf,2,1,문서 내 종명 문자열 정확일치,N,분포 문헌 언급이며 투입 적기·방사량·방제효과를 입증하지 않음
꼬마남생이무당벌레,Propylea japonica,전국자연환경조사(2019)_1583_갈면 도엽 일대의 곤충상.pdf,3,1,문서 내 종명 문자열 정확일치,N,분포 문헌 언급이며 투입 적기·방사량·방제효과를 입증하지 않음
꼬마남생이무당벌레,Propylea japonica,전국자연환경조사(2019)_1584_갈현 도엽 일대의 곤충상.pdf,1,1,문서 내 종명 문자열 정확일치,N,분포 문헌 언급이며 투입 적기·방사량·방제효과를 입증하지 않음
꼬마남생이무당벌레,Propylea japonica,전국자연환경조사(2019)_1585_강화 도엽 일대의 곤충상.pdf,2,1,문서 내 종명 문자열 정확일치,N,분포 문헌 언급이며 투입 적기·방사량·방제효과를 입증하지 않음
꼬마남생이무당벌레,Propylea japonica,전국자연환경조사(2019)_1586_거진 도엽 일대의 곤충상.pdf,3,1,문서 내 종명 문자열 정확일치,N,분포 문헌 언급이며 투입 적기·방사량·방제효과를 입증하지 않음
꼬마남생이무당벌레,Propylea japonica,전국자연환경조사(2019)_1587_고대 도엽 일대의 곤충상.pdf,2,1,문서 내 종명 문자열 정확일치,N,분포 문헌 언급이며 투입 적기·방사량·방제효과를 입증하지 않음
꼬마남생이무당벌레,Propylea japonica,전국자연환경조사(2019)_1588_고양 도엽 일대의 곤충상.pdf,2,1,문서 내 종명 문자열 정확일치,N,분포 문헌 언급이며 투입 적기·방사량·방제효과를 입증하지 않음
꼬마남생이무당벌레,Propylea japonica,전국자연환경조사(2019)_1589_광적 도엽 일대의 곤충상.pdf,1,1,문서 내 종명 문자열 정확일치,N,분포 문헌 언급이며 투입 적기·방사량·방제효과를 입증하지 않음
꼬마남생이무당벌레,Propylea japonica,전국자연환경조사(2019)_1590_광혜원 도엽 일대의 곤충상.pdf,2,1,문서 내 종명 문자열 정확일치,N,분포 문헌 언급이며 투입 적기·방사량·방제효과를 입증하지 않음
꼬마남생이무당벌레,Propylea japonica,전국자연환경조사(2019)_1591_괴산 도엽 일대의 곤충상.pdf,2,1,문서 내 종명 문자열 정확일치,N,분포 문헌 언급이며 투입 적기·방사량·방제효과를 입증하지 않음
꼬마남생이무당벌레,Propylea japonica,전국자연환경조사(2019)_1592_교암 도엽 일대의 곤충상.pdf,2,1,문서 내 종명 문자열 정확일치,N,분포 문헌 언급이며 투입 적기·방사량·방제효과를 입증하지 않음
꼬마남생이무당벌레,Propylea japonica,전국자연환경조사(2019)_1593_기성 도엽 일대의 곤충상.pdf,3,1,문서 내 종명 문자열 정확일치,N,분포 문헌 언급이며 투입 적기·방사량·방제효과를 입증하지 않음
꼬마남생이무당벌레,Propylea japonica,전국자연환경조사(2019)_1594_기장 도엽 일대의 곤충상.pdf,2,1,문서 내 종명 문자열 정확일치,N,분포 문헌 언급이며 투입 적기·방사량·방제효과를 입증하지 않음
꼬마남생이무당벌레,Propylea japonica,전국자연환경조사(2019)_1595_김포 도엽 일대의 곤충상.pdf,2,1,문서 내 종명 문자열 정확일치,N,분포 문헌 언급이며 투입 적기·방사량·방제효과를 입증하지 않음
꼬마남생이무당벌레,Propylea japonica,전국자연환경조사(2019)_1596_남명 도엽 일대의 곤충상.pdf,2,1,문서 내 종명 문자열 정확일치,N,분포 문헌 언급이며 투입 적기·방사량·방제효과를 입증하지 않음
꼬마남생이무당벌레,Propylea japonica,전국자연환경조사(2019)_1597_남지 도엽 일대의 곤충상.pdf,2,1,문서 내 종명 문자열 정확일치,N,분포 문헌 언급이며 투입 적기·방사량·방제효과를 입증하지 않음
꼬마남생이무당벌레,Propylea japonica,전국자연환경조사(2019)_1598_남창 도엽 일대의 곤충상.pdf,2,1,문서 내 종명 문자열 정확일치,N,분포 문헌 언급이며 투입 적기·방사량·방제효과를 입증하지 않음
꼬마남생이무당벌레,Propylea japonica,전국자연환경조사(2019)_1599_내성 도엽 일대의 곤충상.pdf,2,1,문서 내 종명 문자열 정확일치,N,분포 문헌 언급이며 투입 적기·방사량·방제효과를 입증하지 않음
꼬마남생이무당벌레,Propylea japonica,전국자연환경조사(2019)_1600_내포 도엽 일대의 곤충상.pdf,2,1,문서 내 종명 문자열 정확일치,N,분포 문헌 언급이며 투입 적기·방사량·방제효과를 입증하지 않음
꼬마남생이무당벌레,Propylea japonica,전국자연환경조사(2019)_1601_다목 도엽 일대의 곤충상.pdf,2,1,문서 내 종명 문자열 정확일치,N,분포 문헌 언급이며 투입 적기·방사량·방제효과를 입증하지 않음
꼬마남생이무당벌레,Propylea japonica,전국자연환경조사(2019)_1602_단성 도엽 일대의 곤충상.pdf,1,1,문서 내 종명 문자열 정확일치,N,분포 문헌 언급이며 투입 적기·방사량·방제효과를 입증하지 않음
꼬마남생이무당벌레,Propylea japonica,전국자연환경조사(2019)_1603_단양 도엽 일대의 곤충상.pdf,2,1,문서 내 종명 문자열 정확일치,N,분포 문헌 언급이며 투입 적기·방사량·방제효과를 입증하지 않음
꼬마남생이무당벌레,Propylea japonica,전국자연환경조사(2019)_1604_당거 도엽 일대의 곤충상.pdf,2,1,문서 내 종명 문자열 정확일치,N,분포 문헌 언급이며 투입 적기·방사량·방제효과를 입증하지 않음
꼬마남생이무당벌레,Propylea japonica,전국자연환경조사(2019)_1605_당동 도엽 일대의 곤충상.pdf,2,1,문서 내 종명 문자열 정확일치,N,분포 문헌 언급이며 투입 적기·방사량·방제효과를 입증하지 않음
꼬마남생이무당벌레,Propylea japonica,전국자연환경조사(2019)_1606_대광 도엽 일대의 곤충상.pdf,2,1,문서 내 종명 문자열 정확일치,N,분포 문헌 언급이며 투입 적기·방사량·방제효과를 입증하지 않음
꼬마남생이무당벌레,Propylea japonica,전국자연환경조사(2019)_1607_대산 도엽 일대의 곤충상.pdf,2,1,문서 내 종명 문자열 정확일치,N,분포 문헌 언급이며 투입 적기·방사량·방제효과를 입증하지 않음
꼬마남생이무당벌레,Propylea japonica,전국자연환경조사(2019)_1608_대소 도엽 일대의 곤충상.pdf,2,1,문서 내 종명 문자열 정확일치,N,분포 문헌 언급이며 투입 적기·방사량·방제효과를 입증하지 않음
꼬마남생이무당벌레,Propylea japonica,전국자연환경조사(2019)_1609_대평 도엽 일대의 곤충상.pdf,2,1,문서 내 종명 문자열 정확일치,N,분포 문헌 언급이며 투입 적기·방사량·방제효과를 입증하지 않음
꼬마남생이무당벌레,Propylea japonica,전국자연환경조사(2019)_1610_대합 도엽 일대의 곤충상.pdf,1,1,문서 내 종명 문자열 정확일치,N,분포 문헌 언급이며 투입 적기·방사량·방제효과를 입증하지 않음
꼬마남생이무당벌레,Propylea japonica,전국자연환경조사(2019)_1611_덕정 도엽 일대의 곤충상.pdf,1,1,문서 내 종명 문자열 정확일치,N,분포 문헌 언급이며 투입 적기·방사량·방제효과를 입증하지 않음
꼬마남생이무당벌레,Propylea japonica,전국자연환경조사(2019)_1612_동노 도엽 일대의 곤충상.pdf,2,1,문서 내 종명 문자열 정확일치,N,분포 문헌 언급이며 투입 적기·방사량·방제효과를 입증하지 않음
꼬마남생이무당벌레,Propylea japonica,전국자연환경조사(2019)_1613_동두천 도엽 일대의 곤충상.pdf,2,1,문서 내 종명 문자열 정확일치,N,분포 문헌 언급이며 투입 적기·방사량·방제효과를 입증하지 않음
꼬마남생이무당벌레,Propylea japonica,전국자연환경조사(2019)_1614_동래 도엽 일대의 곤충상.pdf,2,1,문서 내 종명 문자열 정확일치,N,분포 문헌 언급이며 투입 적기·방사량·방제효과를 입증하지 않음
꼬마남생이무당벌레,Propylea japonica,전국자연환경조사(2019)_1615_마산 도엽 일대의 곤충상.pdf,2,1,문서 내 종명 문자열 정확일치,N,분포 문헌 언급이며 투입 적기·방사량·방제효과를 입증하지 않음
꼬마남생이무당벌레,Propylea japonica,전국자연환경조사(2019)_1617_면천 도엽 일대의 곤충상.pdf,2,1,문서 내 종명 문자열 정확일치,N,분포 문헌 언급이며 투입 적기·방사량·방제효과를 입증하지 않음
꼬마남생이무당벌레,Propylea japonica,전국자연환경조사(2019)_1618_무계 도엽 일대의 곤충상.pdf,2,1,문서 내 종명 문자열 정확일치,N,분포 문헌 언급이며 투입 적기·방사량·방제효과를 입증하지 않음
꼬마남생이무당벌레,Propylea japonica,전국자연환경조사(2019)_1619_문산 도엽 일대의 곤충상.pdf,1,1,문서 내 종명 문자열 정확일치,N,분포 문헌 언급이며 투입 적기·방사량·방제효과를 입증하지 않음
꼬마남생이무당벌레,Propylea japonica,전국자연환경조사(2019)_1620_문수산 도엽 일대의 곤충상.pdf,2,1,문서 내 종명 문자열 정확일치,N,분포 문헌 언급이며 투입 적기·방사량·방제효과를 입증하지 않음
꼬마남생이무당벌레,Propylea japonica,전국자연환경조사(2019)_1621_물금 도엽 일대의 곤충상.pdf,2,1,문서 내 종명 문자열 정확일치,N,분포 문헌 언급이며 투입 적기·방사량·방제효과를 입증하지 않음
무당벌레,Harmonia axyridis,전국자연환경조사(2019)_1579_가례 도엽 일대의 곤충상.pdf,15,1,문서 내 종명 문자열 정확일치,N,분포 문헌 언급이며 투입 적기·방사량·방제효과를 입증하지 않음
무당벌레,Harmonia axyridis,전국자연환경조사(2019)_1580_가회 도엽 일대의 곤충상.pdf,24,1,문서 내 종명 문자열 정확일치,N,분포 문헌 언급이며 투입 적기·방사량·방제효과를 입증하지 않음
무당벌레,Harmonia axyridis,전국자연환경조사(2019)_1581_가흥 도엽 일대의 곤충상.pdf,13,1,문서 내 종명 문자열 정확일치,N,분포 문헌 언급이며 투입 적기·방사량·방제효과를 입증하지 않음
무당벌레,Harmonia axyridis,전국자연환경조사(2019)_1582_간성 도엽 일대의 곤충상.pdf,22,1,문서 내 종명 문자열 정확일치,N,분포 문헌 언급이며 투입 적기·방사량·방제효과를 입증하지 않음
무당벌레,Harmonia axyridis,전국자연환경조사(2019)_1583_갈면 도엽 일대의 곤충상.pdf,36,1,문서 내 종명 문자열 정확일치,N,분포 문헌 언급이며 투입 적기·방사량·방제효과를 입증하지 않음
무당벌레,Harmonia axyridis,전국자연환경조사(2019)_1584_갈현 도엽 일대의 곤충상.pdf,28,1,문서 내 종명 문자열 정확일치,N,분포 문헌 언급이며 투입 적기·방사량·방제효과를 입증하지 않음
무당벌레,Harmonia axyridis,전국자연환경조사(2019)_1585_강화 도엽 일대의 곤충상.pdf,12,1,문서 내 종명 문자열 정확일치,N,분포 문헌 언급이며 투입 적기·방사량·방제효과를 입증하지 않음
무당벌레,Harmonia axyridis,전국자연환경조사(2019)_1586_거진 도엽 일대의 곤충상.pdf,14,1,문서 내 종명 문자열 정확일치,N,분포 문헌 언급이며 투입 적기·방사량·방제효과를 입증하지 않음
무당벌레,Harmonia axyridis,전국자연환경조사(2019)_1587_고대 도엽 일대의 곤충상.pdf,22,1,문서 내 종명 문자열 정확일치,N,분포 문헌 언급이며 투입 적기·방사량·방제효과를 입증하지 않음
무당벌레,Harmonia axyridis,전국자연환경조사(2019)_1588_고양 도엽 일대의 곤충상.pdf,26,1,문서 내 종명 문자열 정확일치,N,분포 문헌 언급이며 투입 적기·방사량·방제효과를 입증하지 않음
무당벌레,Harmonia axyridis,전국자연환경조사(2019)_1589_광적 도엽 일대의 곤충상.pdf,13,1,문서 내 종명 문자열 정확일치,N,분포 문헌 언급이며 투입 적기·방사량·방제효과를 입증하지 않음
무당벌레,Harmonia axyridis,전국자연환경조사(2019)_1590_광혜원 도엽 일대의 곤충상.pdf,8,1,문서 내 종명 문자열 정확일치,N,분포 문헌 언급이며 투입 적기·방사량·방제효과를 입증하지 않음
무당벌레,Harmonia axyridis,전국자연환경조사(2019)_1591_괴산 도엽 일대의 곤충상.pdf,13,1,문서 내 종명 문자열 정확일치,N,분포 문헌 언급이며 투입 적기·방사량·방제효과를 입증하지 않음
무당벌레,Harmonia axyridis,전국자연환경조사(2019)_1592_교암 도엽 일대의 곤충상.pdf,15,1,문서 내 종명 문자열 정확일치,N,분포 문헌 언급이며 투입 적기·방사량·방제효과를 입증하지 않음
무당벌레,Harmonia axyridis,전국자연환경조사(2019)_1593_기성 도엽 일대의 곤충상.pdf,36,1,문서 내 종명 문자열 정확일치,N,분포 문헌 언급이며 투입 적기·방사량·방제효과를 입증하지 않음
무당벌레,Harmonia axyridis,전국자연환경조사(2019)_1594_기장 도엽 일대의 곤충상.pdf,19,1,문서 내 종명 문자열 정확일치,N,분포 문헌 언급이며 투입 적기·방사량·방제효과를 입증하지 않음
무당벌레,Harmonia axyridis,전국자연환경조사(2019)_1595_김포 도엽 일대의 곤충상.pdf,30,1,문서 내 종명 문자열 정확일치,N,분포 문헌 언급이며 투입 적기·방사량·방제효과를 입증하지 않음
무당벌레,Harmonia axyridis,전국자연환경조사(2019)_1596_남명 도엽 일대의 곤충상.pdf,22,1,문서 내 종명 문자열 정확일치,N,분포 문헌 언급이며 투입 적기·방사량·방제효과를 입증하지 않음
무당벌레,Harmonia axyridis,전국자연환경조사(2019)_1597_남지 도엽 일대의 곤충상.pdf,25,1,문서 내 종명 문자열 정확일치,N,분포 문헌 언급이며 투입 적기·방사량·방제효과를 입증하지 않음
무당벌레,Harmonia axyridis,전국자연환경조사(2019)_1598_남창 도엽 일대의 곤충상.pdf,31,1,문서 내 종명 문자열 정확일치,N,분포 문헌 언급이며 투입 적기·방사량·방제효과를 입증하지 않음
무당벌레,Harmonia axyridis,전국자연환경조사(2019)_1599_내성 도엽 일대의 곤충상.pdf,16,1,문서 내 종명 문자열 정확일치,N,분포 문헌 언급이며 투입 적기·방사량·방제효과를 입증하지 않음
무당벌레,Harmonia axyridis,전국자연환경조사(2019)_1600_내포 도엽 일대의 곤충상.pdf,14,1,문서 내 종명 문자열 정확일치,N,분포 문헌 언급이며 투입 적기·방사량·방제효과를 입증하지 않음
무당벌레,Harmonia axyridis,전국자연환경조사(2019)_1601_다목 도엽 일대의 곤충상.pdf,19,1,문서 내 종명 문자열 정확일치,N,분포 문헌 언급이며 투입 적기·방사량·방제효과를 입증하지 않음
무당벌레,Harmonia axyridis,전국자연환경조사(2019)_1602_단성 도엽 일대의 곤충상.pdf,11,1,문서 내 종명 문자열 정확일치,N,분포 문헌 언급이며 투입 적기·방사량·방제효과를 입증하지 않음
무당벌레,Harmonia axyridis,전국자연환경조사(2019)_1603_단양 도엽 일대의 곤충상.pdf,28,1,문서 내 종명 문자열 정확일치,N,분포 문헌 언급이며 투입 적기·방사량·방제효과를 입증하지 않음
무당벌레,Harmonia axyridis,전국자연환경조사(2019)_1604_당거 도엽 일대의 곤충상.pdf,28,1,문서 내 종명 문자열 정확일치,N,분포 문헌 언급이며 투입 적기·방사량·방제효과를 입증하지 않음
무당벌레,Harmonia axyridis,전국자연환경조사(2019)_1605_당동 도엽 일대의 곤충상.pdf,17,1,문서 내 종명 문자열 정확일치,N,분포 문헌 언급이며 투입 적기·방사량·방제효과를 입증하지 않음
무당벌레,Harmonia axyridis,전국자연환경조사(2019)_1606_대광 도엽 일대의 곤충상.pdf,24,1,문서 내 종명 문자열 정확일치,N,분포 문헌 언급이며 투입 적기·방사량·방제효과를 입증하지 않음
무당벌레,Harmonia axyridis,전국자연환경조사(2019)_1607_대산 도엽 일대의 곤충상.pdf,21,1,문서 내 종명 문자열 정확일치,N,분포 문헌 언급이며 투입 적기·방사량·방제효과를 입증하지 않음
무당벌레,Harmonia axyridis,전국자연환경조사(2019)_1608_대소 도엽 일대의 곤충상.pdf,15,1,문서 내 종명 문자열 정확일치,N,분포 문헌 언급이며 투입 적기·방사량·방제효과를 입증하지 않음
무당벌레,Harmonia axyridis,전국자연환경조사(2019)_1609_대평 도엽 일대의 곤충상.pdf,28,1,문서 내 종명 문자열 정확일치,N,분포 문헌 언급이며 투입 적기·방사량·방제효과를 입증하지 않음
무당벌레,Harmonia axyridis,전국자연환경조사(2019)_1610_대합 도엽 일대의 곤충상.pdf,23,1,문서 내 종명 문자열 정확일치,N,분포 문헌 언급이며 투입 적기·방사량·방제효과를 입증하지 않음
무당벌레,Harmonia axyridis,전국자연환경조사(2019)_1611_덕정 도엽 일대의 곤충상.pdf,23,1,문서 내 종명 문자열 정확일치,N,분포 문헌 언급이며 투입 적기·방사량·방제효과를 입증하지 않음
무당벌레,Harmonia axyridis,전국자연환경조사(2019)_1612_동노 도엽 일대의 곤충상.pdf,15,1,문서 내 종명 문자열 정확일치,N,분포 문헌 언급이며 투입 적기·방사량·방제효과를 입증하지 않음
무당벌레,Harmonia axyridis,전국자연환경조사(2019)_1613_동두천 도엽 일대의 곤충상.pdf,23,1,문서 내 종명 문자열 정확일치,N,분포 문헌 언급이며 투입 적기·방사량·방제효과를 입증하지 않음
무당벌레,Harmonia axyridis,전국자연환경조사(2019)_1614_동래 도엽 일대의 곤충상.pdf,11,1,문서 내 종명 문자열 정확일치,N,분포 문헌 언급이며 투입 적기·방사량·방제효과를 입증하지 않음
무당벌레,Harmonia axyridis,전국자연환경조사(2019)_1615_마산 도엽 일대의 곤충상.pdf,22,1,문서 내 종명 문자열 정확일치,N,분포 문헌 언급이며 투입 적기·방사량·방제효과를 입증하지 않음
무당벌레,Harmonia axyridis,전국자연환경조사(2019)_1616_마지 도엽 일대의 곤충상.pdf,18,1,문서 내 종명 문자열 정확일치,N,분포 문헌 언급이며 투입 적기·방사량·방제효과를 입증하지 않음
무당벌레,Harmonia axyridis,전국자연환경조사(2019)_1617_면천 도엽 일대의 곤충상.pdf,17,1,문서 내 종명 문자열 정확일치,N,분포 문헌 언급이며 투입 적기·방사량·방제효과를 입증하지 않음
무당벌레,Harmonia axyridis,전국자연환경조사(2019)_1618_무계 도엽 일대의 곤충상.pdf,18,1,문서 내 종명 문자열 정확일치,N,분포 문헌 언급이며 투입 적기·방사량·방제효과를 입증하지 않음
무당벌레,Harmonia axyridis,전국자연환경조사(2019)_1619_문산 도엽 일대의 곤충상.pdf,8,1,문서 내 종명 문자열 정확일치,N,분포 문헌 언급이며 투입 적기·방사량·방제효과를 입증하지 않음
무당벌레,Harmonia axyridis,전국자연환경조사(2019)_1620_문수산 도엽 일대의 곤충상.pdf,26,1,문서 내 종명 문자열 정확일치,N,분포 문헌 언급이며 투입 적기·방사량·방제효과를 입증하지 않음
무당벌레,Harmonia axyridis,전국자연환경조사(2019)_1621_물금 도엽 일대의 곤충상.pdf,17,1,문서 내 종명 문자열 정확일치,N,분포 문헌 언급이며 투입 적기·방사량·방제효과를 입증하지 않음
참딱부리긴노린재,Geocoris pallidipennis,전국자연환경조사(2019)_1583_갈면 도엽 일대의 곤충상.pdf,2,0,문서 내 종명 문자열 정확일치,N,분포 문헌 언급이며 투입 적기·방사량·방제효과를 입증하지 않음
참딱부리긴노린재,Geocoris pallidipennis,전국자연환경조사(2019)_1585_강화 도엽 일대의 곤충상.pdf,1,0,문서 내 종명 문자열 정확일치,N,분포 문헌 언급이며 투입 적기·방사량·방제효과를 입증하지 않음
참딱부리긴노린재,Geocoris pallidipennis,전국자연환경조사(2019)_1588_고양 도엽 일대의 곤충상.pdf,1,1,문서 내 종명 문자열 정확일치,N,분포 문헌 언급이며 투입 적기·방사량·방제효과를 입증하지 않음
참딱부리긴노린재,Geocoris pallidipennis,전국자연환경조사(2019)_1592_교암 도엽 일대의 곤충상.pdf,2,0,문서 내 종명 문자열 정확일치,N,분포 문헌 언급이며 투입 적기·방사량·방제효과를 입증하지 않음
참딱부리긴노린재,Geocoris pallidipennis,전국자연환경조사(2019)_1594_기장 도엽 일대의 곤충상.pdf,2,0,문서 내 종명 문자열 정확일치,N,분포 문헌 언급이며 투입 적기·방사량·방제효과를 입증하지 않음
참딱부리긴노린재,Geocoris pallidipennis,전국자연환경조사(2019)_1596_남명 도엽 일대의 곤충상.pdf,1,0,문서 내 종명 문자열 정확일치,N,분포 문헌 언급이며 투입 적기·방사량·방제효과를 입증하지 않음
참딱부리긴노린재,Geocoris pallidipennis,전국자연환경조사(2019)_1598_남창 도엽 일대의 곤충상.pdf,2,0,문서 내 종명 문자열 정확일치,N,분포 문헌 언급이며 투입 적기·방사량·방제효과를 입증하지 않음
참딱부리긴노린재,Geocoris pallidipennis,전국자연환경조사(2019)_1601_다목 도엽 일대의 곤충상.pdf,2,0,문서 내 종명 문자열 정확일치,N,분포 문헌 언급이며 투입 적기·방사량·방제효과를 입증하지 않음
참딱부리긴노린재,Geocoris pallidipennis,전국자연환경조사(2019)_1608_대소 도엽 일대의 곤충상.pdf,2,1,문서 내 종명 문자열 정확일치,N,분포 문헌 언급이며 투입 적기·방사량·방제효과를 입증하지 않음
참딱부리긴노린재,Geocoris pallidipennis,전국자연환경조사(2019)_1610_대합 도엽 일대의 곤충상.pdf,1,0,문서 내 종명 문자열 정확일치,N,분포 문헌 언급이며 투입 적기·방사량·방제효과를 입증하지 않음
참딱부리긴노린재,Geocoris pallidipennis,전국자연환경조사(2019)_1612_동노 도엽 일대의 곤충상.pdf,1,0,문서 내 종명 문자열 정확일치,N,분포 문헌 언급이며 투입 적기·방사량·방제효과를 입증하지 않음
칠성풀잠자리붙이,Chrysopa pallens,전국자연환경조사(2019)_1583_갈면 도엽 일대의 곤충상.pdf,0,1,문서 내 종명 문자열 정확일치,N,분포 문헌 언급이며 투입 적기·방사량·방제효과를 입증하지 않음
칠성풀잠자리붙이,Chrysopa pallens,전국자연환경조사(2019)_1596_남명 도엽 일대의 곤충상.pdf,1,0,문서 내 종명 문자열 정확일치,N,분포 문헌 언급이며 투입 적기·방사량·방제효과를 입증하지 않음
호리꽃등에,Episyrphus balteatus,전국자연환경조사(2019)_1579_가례 도엽 일대의 곤충상.pdf,2,1,문서 내 종명 문자열 정확일치,N,분포 문헌 언급이며 투입 적기·방사량·방제효과를 입증하지 않음
호리꽃등에,Episyrphus balteatus,전국자연환경조사(2019)_1580_가회 도엽 일대의 곤충상.pdf,2,1,문서 내 종명 문자열 정확일치,N,분포 문헌 언급이며 투입 적기·방사량·방제효과를 입증하지 않음
호리꽃등에,Episyrphus balteatus,전국자연환경조사(2019)_1581_가흥 도엽 일대의 곤충상.pdf,2,1,문서 내 종명 문자열 정확일치,N,분포 문헌 언급이며 투입 적기·방사량·방제효과를 입증하지 않음
호리꽃등에,Episyrphus balteatus,전국자연환경조사(2019)_1582_간성 도엽 일대의 곤충상.pdf,2,1,문서 내 종명 문자열 정확일치,N,분포 문헌 언급이며 투입 적기·방사량·방제효과를 입증하지 않음
호리꽃등에,Episyrphus balteatus,전국자연환경조사(2019)_1583_갈면 도엽 일대의 곤충상.pdf,2,1,문서 내 종명 문자열 정확일치,N,분포 문헌 언급이며 투입 적기·방사량·방제효과를 입증하지 않음
호리꽃등에,Episyrphus balteatus,전국자연환경조사(2019)_1584_갈현 도엽 일대의 곤충상.pdf,2,1,문서 내 종명 문자열 정확일치,N,분포 문헌 언급이며 투입 적기·방사량·방제효과를 입증하지 않음
호리꽃등에,Episyrphus balteatus,전국자연환경조사(2019)_1585_강화 도엽 일대의 곤충상.pdf,2,1,문서 내 종명 문자열 정확일치,N,분포 문헌 언급이며 투입 적기·방사량·방제효과를 입증하지 않음
호리꽃등에,Episyrphus balteatus,전국자연환경조사(2019)_1586_거진 도엽 일대의 곤충상.pdf,3,1,문서 내 종명 문자열 정확일치,N,분포 문헌 언급이며 투입 적기·방사량·방제효과를 입증하지 않음
호리꽃등에,Episyrphus balteatus,전국자연환경조사(2019)_1587_고대 도엽 일대의 곤충상.pdf,2,1,문서 내 종명 문자열 정확일치,N,분포 문헌 언급이며 투입 적기·방사량·방제효과를 입증하지 않음
호리꽃등에,Episyrphus balteatus,전국자연환경조사(2019)_1588_고양 도엽 일대의 곤충상.pdf,2,1,문서 내 종명 문자열 정확일치,N,분포 문헌 언급이며 투입 적기·방사량·방제효과를 입증하지 않음
호리꽃등에,Episyrphus balteatus,전국자연환경조사(2019)_1589_광적 도엽 일대의 곤충상.pdf,1,1,문서 내 종명 문자열 정확일치,N,분포 문헌 언급이며 투입 적기·방사량·방제효과를 입증하지 않음
호리꽃등에,Episyrphus balteatus,전국자연환경조사(2019)_1590_광혜원 도엽 일대의 곤충상.pdf,1,1,문서 내 종명 문자열 정확일치,N,분포 문헌 언급이며 투입 적기·방사량·방제효과를 입증하지 않음
호리꽃등에,Episyrphus balteatus,전국자연환경조사(2019)_1591_괴산 도엽 일대의 곤충상.pdf,2,1,문서 내 종명 문자열 정확일치,N,분포 문헌 언급이며 투입 적기·방사량·방제효과를 입증하지 않음
호리꽃등에,Episyrphus balteatus,전국자연환경조사(2019)_1592_교암 도엽 일대의 곤충상.pdf,2,1,문서 내 종명 문자열 정확일치,N,분포 문헌 언급이며 투입 적기·방사량·방제효과를 입증하지 않음
호리꽃등에,Episyrphus balteatus,전국자연환경조사(2019)_1593_기성 도엽 일대의 곤충상.pdf,2,1,문서 내 종명 문자열 정확일치,N,분포 문헌 언급이며 투입 적기·방사량·방제효과를 입증하지 않음
호리꽃등에,Episyrphus balteatus,전국자연환경조사(2019)_1594_기장 도엽 일대의 곤충상.pdf,2,1,문서 내 종명 문자열 정확일치,N,분포 문헌 언급이며 투입 적기·방사량·방제효과를 입증하지 않음
호리꽃등에,Episyrphus balteatus,전국자연환경조사(2019)_1595_김포 도엽 일대의 곤충상.pdf,2,1,문서 내 종명 문자열 정확일치,N,분포 문헌 언급이며 투입 적기·방사량·방제효과를 입증하지 않음
호리꽃등에,Episyrphus balteatus,전국자연환경조사(2019)_1596_남명 도엽 일대의 곤충상.pdf,2,1,문서 내 종명 문자열 정확일치,N,분포 문헌 언급이며 투입 적기·방사량·방제효과를 입증하지 않음
호리꽃등에,Episyrphus balteatus,전국자연환경조사(2019)_1597_남지 도엽 일대의 곤충상.pdf,3,1,문서 내 종명 문자열 정확일치,N,분포 문헌 언급이며 투입 적기·방사량·방제효과를 입증하지 않음
호리꽃등에,Episyrphus balteatus,전국자연환경조사(2019)_1598_남창 도엽 일대의 곤충상.pdf,2,1,문서 내 종명 문자열 정확일치,N,분포 문헌 언급이며 투입 적기·방사량·방제효과를 입증하지 않음
호리꽃등에,Episyrphus balteatus,전국자연환경조사(2019)_1599_내성 도엽 일대의 곤충상.pdf,2,1,문서 내 종명 문자열 정확일치,N,분포 문헌 언급이며 투입 적기·방사량·방제효과를 입증하지 않음
호리꽃등에,Episyrphus balteatus,전국자연환경조사(2019)_1600_내포 도엽 일대의 곤충상.pdf,2,1,문서 내 종명 문자열 정확일치,N,분포 문헌 언급이며 투입 적기·방사량·방제효과를 입증하지 않음
호리꽃등에,Episyrphus balteatus,전국자연환경조사(2019)_1602_단성 도엽 일대의 곤충상.pdf,2,1,문서 내 종명 문자열 정확일치,N,분포 문헌 언급이며 투입 적기·방사량·방제효과를 입증하지 않음
호리꽃등에,Episyrphus balteatus,전국자연환경조사(2019)_1604_당거 도엽 일대의 곤충상.pdf,2,1,문서 내 종명 문자열 정확일치,N,분포 문헌 언급이며 투입 적기·방사량·방제효과를 입증하지 않음
호리꽃등에,Episyrphus balteatus,전국자연환경조사(2019)_1605_당동 도엽 일대의 곤충상.pdf,2,1,문서 내 종명 문자열 정확일치,N,분포 문헌 언급이며 투입 적기·방사량·방제효과를 입증하지 않음
호리꽃등에,Episyrphus balteatus,전국자연환경조사(2019)_1607_대산 도엽 일대의 곤충상.pdf,2,1,문서 내 종명 문자열 정확일치,N,분포 문헌 언급이며 투입 적기·방사량·방제효과를 입증하지 않음
호리꽃등에,Episyrphus balteatus,전국자연환경조사(2019)_1608_대소 도엽 일대의 곤충상.pdf,1,1,문서 내 종명 문자열 정확일치,N,분포 문헌 언급이며 투입 적기·방사량·방제효과를 입증하지 않음
호리꽃등에,Episyrphus balteatus,전국자연환경조사(2019)_1609_대평 도엽 일대의 곤충상.pdf,2,1,문서 내 종명 문자열 정확일치,N,분포 문헌 언급이며 투입 적기·방사량·방제효과를 입증하지 않음
호리꽃등에,Episyrphus balteatus,전국자연환경조사(2019)_1610_대합 도엽 일대의 곤충상.pdf,2,1,문서 내 종명 문자열 정확일치,N,분포 문헌 언급이며 투입 적기·방사량·방제효과를 입증하지 않음
호리꽃등에,Episyrphus balteatus,전국자연환경조사(2019)_1611_덕정 도엽 일대의 곤충상.pdf,1,1,문서 내 종명 문자열 정확일치,N,분포 문헌 언급이며 투입 적기·방사량·방제효과를 입증하지 않음
호리꽃등에,Episyrphus balteatus,전국자연환경조사(2019)_1612_동노 도엽 일대의 곤충상.pdf,1,1,문서 내 종명 문자열 정확일치,N,분포 문헌 언급이며 투입 적기·방사량·방제효과를 입증하지 않음
호리꽃등에,Episyrphus balteatus,전국자연환경조사(2019)_1613_동두천 도엽 일대의 곤충상.pdf,1,1,문서 내 종명 문자열 정확일치,N,분포 문헌 언급이며 투입 적기·방사량·방제효과를 입증하지 않음
호리꽃등에,Episyrphus balteatus,전국자연환경조사(2019)_1614_동래 도엽 일대의 곤충상.pdf,2,1,문서 내 종명 문자열 정확일치,N,분포 문헌 언급이며 투입 적기·방사량·방제효과를 입증하지 않음
호리꽃등에,Episyrphus balteatus,전국자연환경조사(2019)_1615_마산 도엽 일대의 곤충상.pdf,2,1,문서 내 종명 문자열 정확일치,N,분포 문헌 언급이며 투입 적기·방사량·방제효과를 입증하지 않음
호리꽃등에,Episyrphus balteatus,전국자연환경조사(2019)_1616_마지 도엽 일대의 곤충상.pdf,1,1,문서 내 종명 문자열 정확일치,N,분포 문헌 언급이며 투입 적기·방사량·방제효과를 입증하지 않음
호리꽃등에,Episyrphus balteatus,전국자연환경조사(2019)_1617_면천 도엽 일대의 곤충상.pdf,2,1,문서 내 종명 문자열 정확일치,N,분포 문헌 언급이며 투입 적기·방사량·방제효과를 입증하지 않음
호리꽃등에,Episyrphus balteatus,전국자연환경조사(2019)_1618_무계 도엽 일대의 곤충상.pdf,2,1,문서 내 종명 문자열 정확일치,N,분포 문헌 언급이며 투입 적기·방사량·방제효과를 입증하지 않음
호리꽃등에,Episyrphus balteatus,전국자연환경조사(2019)_1619_문산 도엽 일대의 곤충상.pdf,2,1,문서 내 종명 문자열 정확일치,N,분포 문헌 언급이며 투입 적기·방사량·방제효과를 입증하지 않음
호리꽃등에,Episyrphus balteatus,전국자연환경조사(2019)_1620_문수산 도엽 일대의 곤충상.pdf,2,1,문서 내 종명 문자열 정확일치,N,분포 문헌 언급이며 투입 적기·방사량·방제효과를 입증하지 않음
호리꽃등에,Episyrphus balteatus,전국자연환경조사(2019)_1621_물금 도엽 일대의 곤충상.pdf,2,1,문서 내 종명 문자열 정확일치,N,분포 문헌 언급이며 투입 적기·방사량·방제효과를 입증하지 않음
,Meteorus ictericus,전국자연환경조사(2019)_1588_고양 도엽 일대의 곤충상.pdf,0,1,문서 내 종명 문자열 정확일치,N,분포 문헌 언급이며 투입 적기·방사량·방제효과를 입증하지 않음
,Paederus fuscipes,전국자연환경조사(2019)_1590_광혜원 도엽 일대의 곤충상.pdf,0,1,문서 내 종명 문자열 정확일치,N,분포 문헌 언급이며 투입 적기·방사량·방제효과를 입증하지 않음
,Paederus fuscipes,전국자연환경조사(2019)_1591_괴산 도엽 일대의 곤충상.pdf,0,1,문서 내 종명 문자열 정확일치,N,분포 문헌 언급이며 투입 적기·방사량·방제효과를 입증하지 않음
