보고서파일,조사연도,도엽번호,도엽명,조사시작월,조사종료월,목수,과수,종수,페이지수,텍스트문자수,천적언급수,기생언급수,외래언급수,생태계교란언급수,자료종류,예측모델사용,해석제한
전국자연환경조사(2019)_1579_가례 도엽 일대의 곤충상.pdf,2019,1579,가례,4,10,15,89,453,34,47300,13,3,0,1,2019 육상곤충 분포 조사보고서,보조근거만,도엽 단위 생물상 조사이며 천적 방사량·방제효과·발생확률 자료가 아님
전국자연환경조사(2019)_1580_가회 도엽 일대의 곤충상.pdf,2019,1580,가회,5,9,9,90,313,29,37800,19,1,0,1,2019 육상곤충 분포 조사보고서,보조근거만,도엽 단위 생물상 조사이며 천적 방사량·방제효과·발생확률 자료가 아님
전국자연환경조사(2019)_1581_가흥 도엽 일대의 곤충상.pdf,2019,1581,가흥,4,10,8,68,287,25,31084,12,1,0,1,2019 육상곤충 분포 조사보고서,보조근거만,도엽 단위 생물상 조사이며 천적 방사량·방제효과·발생확률 자료가 아님
전국자연환경조사(2019)_1582_간성 도엽 일대의 곤충상.pdf,2019,1582,간성,5,9,11,84,263,27,32135,24,1,1,0,2019 육상곤충 분포 조사보고서,보조근거만,도엽 단위 생물상 조사이며 천적 방사량·방제효과·발생확률 자료가 아님
전국자연환경조사(2019)_1583_갈면 도엽 일대의 곤충상.pdf,2019,1583,갈면,5,9,12,118,587,44,63680,34,12,0,1,2019 육상곤충 분포 조사보고서,보조근거만,도엽 단위 생물상 조사이며 천적 방사량·방제효과·발생확률 자료가 아님
전국자연환경조사(2019)_1584_갈현 도엽 일대의 곤충상.pdf,2019,1584,갈현,5,9,8,57,176,37,49745,34,3,0,1,2019 육상곤충 분포 조사보고서,보조근거만,도엽 단위 생물상 조사이며 천적 방사량·방제효과·발생확률 자료가 아님
전국자연환경조사(2019)_1585_강화 도엽 일대의 곤충상.pdf,2019,1585,강화,4,9,11,96,358,39,53404,30,5,0,1,2019 육상곤충 분포 조사보고서,보조근거만,도엽 단위 생물상 조사이며 천적 방사량·방제효과·발생확률 자료가 아님
전국자연환경조사(2019)_1586_거진 도엽 일대의 곤충상.pdf,2019,1586,거진,5,9,12,87,242,25,29832,15,0,1,0,2019 육상곤충 분포 조사보고서,보조근거만,도엽 단위 생물상 조사이며 천적 방사량·방제효과·발생확률 자료가 아님
전국자연환경조사(2019)_1587_고대 도엽 일대의 곤충상.pdf,2019,1587,고대,5,8,12,101,362,37,46463,32,8,0,1,2019 육상곤충 분포 조사보고서,보조근거만,도엽 단위 생물상 조사이며 천적 방사량·방제효과·발생확률 자료가 아님
전국자연환경조사(2019)_1588_고양 도엽 일대의 곤충상.pdf,2019,1588,고양,5,9,13,98,381,42,56011,34,9,0,0,2019 육상곤충 분포 조사보고서,보조근거만,도엽 단위 생물상 조사이며 천적 방사량·방제효과·발생확률 자료가 아님
전국자연환경조사(2019)_1589_광적 도엽 일대의 곤충상.pdf,2019,1589,광적,4,9,9,60,244,34,45327,20,5,0,0,2019 육상곤충 분포 조사보고서,보조근거만,도엽 단위 생물상 조사이며 천적 방사량·방제효과·발생확률 자료가 아님
전국자연환경조사(2019)_1590_광혜원 도엽 일대의 곤충상.pdf,2019,1590,광혜원,4,10,10,75,282,28,35434,11,1,0,0,2019 육상곤충 분포 조사보고서,보조근거만,도엽 단위 생물상 조사이며 천적 방사량·방제효과·발생확률 자료가 아님
전국자연환경조사(2019)_1591_괴산 도엽 일대의 곤충상.pdf,2019,1591,괴산,5,9,12,87,432,40,56414,14,0,0,0,2019 육상곤충 분포 조사보고서,보조근거만,도엽 단위 생물상 조사이며 천적 방사량·방제효과·발생확률 자료가 아님
전국자연환경조사(2019)_1592_교암 도엽 일대의 곤충상.pdf,2019,1592,교암,5,9,14,89,295,31,38943,25,0,0,0,2019 육상곤충 분포 조사보고서,보조근거만,도엽 단위 생물상 조사이며 천적 방사량·방제효과·발생확률 자료가 아님
전국자연환경조사(2019)_1593_기성 도엽 일대의 곤충상.pdf,2019,1593,기성,4,10,13,115,491,40,57373,31,14,0,0,2019 육상곤충 분포 조사보고서,보조근거만,도엽 단위 생물상 조사이며 천적 방사량·방제효과·발생확률 자료가 아님
전국자연환경조사(2019)_1594_기장 도엽 일대의 곤충상.pdf,2019,1594,기장,4,10,14,117,375,35,47876,27,7,2,1,2019 육상곤충 분포 조사보고서,보조근거만,도엽 단위 생물상 조사이며 천적 방사량·방제효과·발생확률 자료가 아님
전국자연환경조사(2019)_1595_김포 도엽 일대의 곤충상.pdf,2019,1595,김포,5,9,11,82,228,38,48747,30,11,0,1,2019 육상곤충 분포 조사보고서,보조근거만,도엽 단위 생물상 조사이며 천적 방사량·방제효과·발생확률 자료가 아님
전국자연환경조사(2019)_1596_남명 도엽 일대의 곤충상.pdf,2019,1596,남명,5,10,12,133,503,45,61519,28,15,1,0,2019 육상곤충 분포 조사보고서,보조근거만,도엽 단위 생물상 조사이며 천적 방사량·방제효과·발생확률 자료가 아님
전국자연환경조사(2019)_1597_남지 도엽 일대의 곤충상.pdf,2019,1597,남지,4,10,11,98,432,35,48002,12,0,0,1,2019 육상곤충 분포 조사보고서,보조근거만,도엽 단위 생물상 조사이며 천적 방사량·방제효과·발생확률 자료가 아님
전국자연환경조사(2019)_1598_남창 도엽 일대의 곤충상.pdf,2019,1598,남창,5,9,15,128,447,37,50025,29,1,0,1,2019 육상곤충 분포 조사보고서,보조근거만,도엽 단위 생물상 조사이며 천적 방사량·방제효과·발생확률 자료가 아님
전국자연환경조사(2019)_1599_내성 도엽 일대의 곤충상.pdf,2019,1599,내성,5,10,11,82,322,36,48375,22,2,0,0,2019 육상곤충 분포 조사보고서,보조근거만,도엽 단위 생물상 조사이며 천적 방사량·방제효과·발생확률 자료가 아님
전국자연환경조사(2019)_1600_내포 도엽 일대의 곤충상.pdf,2019,1600,내포,5,10,12,114,401,36,47632,25,3,1,1,2019 육상곤충 분포 조사보고서,보조근거만,도엽 단위 생물상 조사이며 천적 방사량·방제효과·발생확률 자료가 아님
전국자연환경조사(2019)_1601_다목 도엽 일대의 곤충상.pdf,2019,1601,다목,5,8,14,91,353,29,36901,22,4,0,0,2019 육상곤충 분포 조사보고서,보조근거만,도엽 단위 생물상 조사이며 천적 방사량·방제효과·발생확률 자료가 아님
전국자연환경조사(2019)_1602_단성 도엽 일대의 곤충상.pdf,2019,1602,단성,5,9,11,89,317,29,39283,21,3,0,0,2019 육상곤충 분포 조사보고서,보조근거만,도엽 단위 생물상 조사이며 천적 방사량·방제효과·발생확률 자료가 아님
전국자연환경조사(2019)_1603_단양 도엽 일대의 곤충상.pdf,2019,1603,단양,5,9,8,93,407,36,52982,34,5,0,1,2019 육상곤충 분포 조사보고서,보조근거만,도엽 단위 생물상 조사이며 천적 방사량·방제효과·발생확률 자료가 아님
전국자연환경조사(2019)_1604_당거 도엽 일대의 곤충상.pdf,2019,1604,당거,5,9,15,116,376,33,44347,39,6,0,0,2019 육상곤충 분포 조사보고서,보조근거만,도엽 단위 생물상 조사이며 천적 방사량·방제효과·발생확률 자료가 아님
전국자연환경조사(2019)_1605_당동 도엽 일대의 곤충상.pdf,2019,1605,당동,5,10,14,113,499,45,62632,28,4,0,0,2019 육상곤충 분포 조사보고서,보조근거만,도엽 단위 생물상 조사이며 천적 방사량·방제효과·발생확률 자료가 아님
전국자연환경조사(2019)_1606_대광 도엽 일대의 곤충상.pdf,2019,1606,대광,4,9,9,86,332,28,35461,24,2,0,0,2019 육상곤충 분포 조사보고서,보조근거만,도엽 단위 생물상 조사이며 천적 방사량·방제효과·발생확률 자료가 아님
전국자연환경조사(2019)_1607_대산 도엽 일대의 곤충상.pdf,2019,1607,대산,5,9,11,95,361,35,47223,39,8,0,0,2019 육상곤충 분포 조사보고서,보조근거만,도엽 단위 생물상 조사이며 천적 방사량·방제효과·발생확률 자료가 아님
전국자연환경조사(2019)_1608_대소 도엽 일대의 곤충상.pdf,2019,1608,대소,5,9,12,96,413,33,43631,18,2,0,1,2019 육상곤충 분포 조사보고서,보조근거만,도엽 단위 생물상 조사이며 천적 방사량·방제효과·발생확률 자료가 아님
전국자연환경조사(2019)_1609_대평 도엽 일대의 곤충상.pdf,2019,1609,대평,4,9,10,93,259,26,34905,27,2,0,1,2019 육상곤충 분포 조사보고서,보조근거만,도엽 단위 생물상 조사이며 천적 방사량·방제효과·발생확률 자료가 아님
전국자연환경조사(2019)_1610_대합 도엽 일대의 곤충상.pdf,2019,1610,대합,5,9,13,100,482,41,58638,30,0,0,1,2019 육상곤충 분포 조사보고서,보조근거만,도엽 단위 생물상 조사이며 천적 방사량·방제효과·발생확률 자료가 아님
전국자연환경조사(2019)_1611_덕정 도엽 일대의 곤충상.pdf,2019,1611,덕정,5,9,9,51,151,29,36945,21,7,0,0,2019 육상곤충 분포 조사보고서,보조근거만,도엽 단위 생물상 조사이며 천적 방사량·방제효과·발생확률 자료가 아님
전국자연환경조사(2019)_1612_동노 도엽 일대의 곤충상.pdf,2019,1612,동노,5,9,10,97,487,43,64055,29,0,0,1,2019 육상곤충 분포 조사보고서,보조근거만,도엽 단위 생물상 조사이며 천적 방사량·방제효과·발생확률 자료가 아님
전국자연환경조사(2019)_1613_동두천 도엽 일대의 곤충상.pdf,2019,1613,동두천,5,9,10,66,322,37,49383,17,5,0,0,2019 육상곤충 분포 조사보고서,보조근거만,도엽 단위 생물상 조사이며 천적 방사량·방제효과·발생확률 자료가 아님
전국자연환경조사(2019)_1614_동래 도엽 일대의 곤충상.pdf,2019,1614,동래,4,10,13,112,335,32,41700,23,3,2,1,2019 육상곤충 분포 조사보고서,보조근거만,도엽 단위 생물상 조사이며 천적 방사량·방제효과·발생확률 자료가 아님
전국자연환경조사(2019)_1615_마산 도엽 일대의 곤충상.pdf,2019,1615,마산,5,10,11,93,300,29,36231,34,6,2,1,2019 육상곤충 분포 조사보고서,보조근거만,도엽 단위 생물상 조사이며 천적 방사량·방제효과·발생확률 자료가 아님
전국자연환경조사(2019)_1616_마지 도엽 일대의 곤충상.pdf,2019,1616,마지,4,9,9,60,190,31,40695,17,7,0,0,2019 육상곤충 분포 조사보고서,보조근거만,도엽 단위 생물상 조사이며 천적 방사량·방제효과·발생확률 자료가 아님
전국자연환경조사(2019)_1617_면천 도엽 일대의 곤충상.pdf,2019,1617,면천,5,10,13,88,306,35,47536,22,0,1,2,2019 육상곤충 분포 조사보고서,보조근거만,도엽 단위 생물상 조사이며 천적 방사량·방제효과·발생확률 자료가 아님
전국자연환경조사(2019)_1618_무계 도엽 일대의 곤충상.pdf,2019,1618,무계,4,10,12,91,326,33,44020,27,8,2,0,2019 육상곤충 분포 조사보고서,보조근거만,도엽 단위 생물상 조사이며 천적 방사량·방제효과·발생확률 자료가 아님
전국자연환경조사(2019)_1619_문산 도엽 일대의 곤충상.pdf,2019,1619,문산,4,9,10,57,181,30,39290,14,5,0,0,2019 육상곤충 분포 조사보고서,보조근거만,도엽 단위 생물상 조사이며 천적 방사량·방제효과·발생확률 자료가 아님
전국자연환경조사(2019)_1620_문수산 도엽 일대의 곤충상.pdf,2019,1620,문수산,5,10,10,91,422,40,53301,32,3,0,0,2019 육상곤충 분포 조사보고서,보조근거만,도엽 단위 생물상 조사이며 천적 방사량·방제효과·발생확률 자료가 아님
전국자연환경조사(2019)_1621_물금 도엽 일대의 곤충상.pdf,2019,1621,물금,5,10,13,118,376,34,43717,26,10,0,0,2019 육상곤충 분포 조사보고서,보조근거만,도엽 단위 생물상 조사이며 천적 방사량·방제효과·발생확률 자료가 아님
