콘텐츠ID,대분류,위험분류,제목,자료형,재생시간,재생시간초,게시일,콘텐츠URL,다운로드URL,상세키,원천페이지,원천HTML,제공기관,인증키필요,미디어다운로드여부
ee05ce02755c8e26,안전보건 기본교육,농기계,농기계 안전점검을 위한 기초,동영상,13:08,788,,https://farmer.rda.go.kr/portal/menu3/contentMainPlay1_1.do?m_id=9002_5218_5220&menuId=PS03487,https://farmer.rda.go.kr/farmAttach/healthSafety/basicEducation/A0002280_1.mp4,13:10|A0002280,https://farmer.rda.go.kr/portal/menu3/contentMainPlay1_1.do?m_id=9002_5218_5220&menuId=PS03487,html/001_PS03487.html,농촌진흥청 농업인안전365,N,N
e074d386305c4dd1,안전보건 기본교육,농기계,농기계 안전점검의 실제,동영상,16:16,976,,https://farmer.rda.go.kr/portal/menu3/contentMainPlay1_1.do?m_id=9002_5218_5220&menuId=PS03487,https://farmer.rda.go.kr/farmAttach/healthSafety/basicEducation/A0002283_1.mp4,13:11|A0002283,https://farmer.rda.go.kr/portal/menu3/contentMainPlay1_1.do?m_id=9002_5218_5220&menuId=PS03487,html/001_PS03487.html,농촌진흥청 농업인안전365,N,N
96005d897f00f11a,농업인 재해예방 영상,농기계,농기계 안전을 사수하라 (총괄편),동영상,16:20,980,,https://farmer.rda.go.kr/portal/menu3/contentMainPlay.do?m_id=9002_55&menuId=PS03436,https://farmer.rda.go.kr/farmAttach/healthSafety/disasterPreventionVideo/A0002475_1.mp4,15:19|A0002475,https://farmer.rda.go.kr/portal/menu3/contentMainPlay.do?m_id=9002_55&menuId=PS03436,html/004_PS03436.html,농촌진흥청 농업인안전365,N,N
f501a5422779a235,농업인 재해예방 영상,농기계,농기계 안전을 사수하라 (경운기),동영상,05:52,352,,https://farmer.rda.go.kr/portal/menu3/contentMainPlay.do?m_id=9002_55&menuId=PS03436,https://farmer.rda.go.kr/farmAttach/healthSafety/disasterPreventionVideo/A0002478_1.mp4,15:20|A0002478,https://farmer.rda.go.kr/portal/menu3/contentMainPlay.do?m_id=9002_55&menuId=PS03436,html/004_PS03436.html,농촌진흥청 농업인안전365,N,N
9b82f9fd54d2b8c8,농업인 재해예방 영상,농기계,농기계 안전을 사수하라 (트랙터),동영상,02:20,140,,https://farmer.rda.go.kr/portal/menu3/contentMainPlay.do?m_id=9002_55&menuId=PS03436,https://farmer.rda.go.kr/farmAttach/healthSafety/disasterPreventionVideo/A0002481_1.mp4,15:21|A0002481,https://farmer.rda.go.kr/portal/menu3/contentMainPlay.do?m_id=9002_55&menuId=PS03436,html/004_PS03436.html,농촌진흥청 농업인안전365,N,N
7480dd0c0ccd6412,농업인 재해예방 영상,농기계,농기계 안전을 사수하라 (예취기),동영상,02:58,178,,https://farmer.rda.go.kr/portal/menu3/contentMainPlay.do?m_id=9002_55&menuId=PS03436,https://farmer.rda.go.kr/farmAttach/healthSafety/disasterPreventionVideo/A0002484_1.mp4,15:22|A0002484,https://farmer.rda.go.kr/portal/menu3/contentMainPlay.do?m_id=9002_55&menuId=PS03436,html/004_PS03436.html,농촌진흥청 농업인안전365,N,N
3efc20dfc40b7359,농업인 재해예방 영상,농기계,농기계 안전을 사수하라 (콤바인),동영상,02:02,122,,https://farmer.rda.go.kr/portal/menu3/contentMainPlay.do?m_id=9002_55&menuId=PS03436,https://farmer.rda.go.kr/farmAttach/healthSafety/disasterPreventionVideo/A0002487_1.mp4,15:23|A0002487,https://farmer.rda.go.kr/portal/menu3/contentMainPlay.do?m_id=9002_55&menuId=PS03436,html/004_PS03436.html,농촌진흥청 농업인안전365,N,N
c903c5fde45a121c,농업인 재해예방 영상,농기계,농기계 안전을 사수하라 (이앙기),동영상,02:38,158,,https://farmer.rda.go.kr/portal/menu3/contentMainPlay.do?m_id=9002_55&menuId=PS03436,https://farmer.rda.go.kr/farmAttach/healthSafety/disasterPreventionVideo/A0002490_1.mp4,15:24|A0002490,https://farmer.rda.go.kr/portal/menu3/contentMainPlay.do?m_id=9002_55&menuId=PS03436,html/004_PS03436.html,농촌진흥청 농업인안전365,N,N
d756a0177108e61f,농업인 재해예방 영상,농기계,농기계 안전,동영상,05:38,338,,https://farmer.rda.go.kr/portal/menu3/contentMainPlay.do?m_id=9002_55&menuId=PS03436,https://farmer.rda.go.kr/farmAttach/healthSafety/disasterPreventionVideo/농업인_재해예방_영상_농기계_안전_농기계안전을사수하라(농기계안전).mp4,15:25|A0002493,https://farmer.rda.go.kr/portal/menu3/contentMainPlay.do?m_id=9002_55&menuId=PS03436,html/004_PS03436.html,농촌진흥청 농업인안전365,N,N
8b33faa01e4d005b,농업인 재해예방 영상,농기계,고정형 농기계 안전사고(안전한 농기계 생활백서),동영상,07:41,461,,https://farmer.rda.go.kr/portal/menu3/contentMainPlay.do?m_id=9002_55&menuId=PS03436,https://farmer.rda.go.kr/farmAttach/healthSafety/disasterPreventionVideo/고정형_농기계_안전사고(안전한_농기계_생활백서).mp4,15:27|A0002499,https://farmer.rda.go.kr/portal/menu3/contentMainPlay.do?m_id=9002_55&menuId=PS03436,html/004_PS03436.html,농촌진흥청 농업인안전365,N,N
d365f93e10dc462a,농업인 재해예방 영상,농기계,농기계 안전사고 예방 캠페인,동영상,06:43,403,,https://farmer.rda.go.kr/portal/menu3/contentMainPlay.do?m_id=9002_55&menuId=PS03436,https://farmer.rda.go.kr/farmAttach/healthSafety/disasterPreventionVideo/농기계_안전사고_예방_캠페인.mp4,15:28|A0002502,https://farmer.rda.go.kr/portal/menu3/contentMainPlay.do?m_id=9002_55&menuId=PS03436,html/004_PS03436.html,농촌진흥청 농업인안전365,N,N
6d00ac27569c4c5e,농업인 재해예방 영상,농기계,체인톱 사용 안전,동영상,19:57,1197,,https://farmer.rda.go.kr/portal/menu3/contentMainPlay.do?m_id=9002_55&menuId=PS03436,https://farmer.rda.go.kr/farmAttach/healthSafety/disasterPreventionVideo/01_체인톱_사용_안전.mp4,15:29|A0002505,https://farmer.rda.go.kr/portal/menu3/contentMainPlay.do?m_id=9002_55&menuId=PS03436,html/004_PS03436.html,농촌진흥청 농업인안전365,N,N
65e545fea7e64750,농업인 재해예방 영상,농기계,농업기계 안전이용 기술(점검요령),동영상,08:49,529,,https://farmer.rda.go.kr/portal/menu3/contentMainPlay.do?m_id=9002_55&menuId=PS03436,https://farmer.rda.go.kr/farmAttach/healthSafety/disasterPreventionVideo/A0005601_1.mp4,15:79|A0005601,https://farmer.rda.go.kr/portal/menu3/contentMainPlay.do?m_id=9002_55&menuId=PS03436,html/004_PS03436.html,농촌진흥청 농업인안전365,N,N
93d3e095c0d1e237,농업인 재해예방 영상,농기계,고정형 농업기계 안전 이용 수칙,동영상,04:33,273,,https://farmer.rda.go.kr/portal/menu3/contentMainPlay.do?m_id=9002_55&menuId=PS03436,https://farmer.rda.go.kr/farmAttach/healthSafety/disasterPreventionVideo/A0006074_1.mp4,15:87|A0006074,https://farmer.rda.go.kr/portal/menu3/contentMainPlay.do?m_id=9002_55&menuId=PS03436,html/004_PS03436.html,농촌진흥청 농업인안전365,N,N
d96766c03bb469c2,농업인 재해예방 영상,농기계,농업용 동력운반차와 고소작업차 안전 이용 수칙,동영상,05:20,320,,https://farmer.rda.go.kr/portal/menu3/contentMainPlay.do?m_id=9002_55&menuId=PS03436,https://farmer.rda.go.kr/farmAttach/healthSafety/disasterPreventionVideo/A0006076_1.mp4,15:88|A0006076,https://farmer.rda.go.kr/portal/menu3/contentMainPlay.do?m_id=9002_55&menuId=PS03436,html/004_PS03436.html,농촌진흥청 농업인안전365,N,N
6a445ade954d8bb8,농업인 재해예방 영상,농기계,농업용 드론 안전 이용 수칙(2025),동영상,06:25,385,,https://farmer.rda.go.kr/portal/menu3/contentMainPlay.do?m_id=9002_55&menuId=PS03436,https://farmer.rda.go.kr/farmAttach/healthSafety/disasterPreventionVideo/A0006078_1.mp4,15:89|A0006078,https://farmer.rda.go.kr/portal/menu3/contentMainPlay.do?m_id=9002_55&menuId=PS03436,html/004_PS03436.html,농촌진흥청 농업인안전365,N,N
1c07a9fd772e5910,농업인 재해예방 영상,농기계,경운기 전도 전복사고(농작업 재해예방 동영상),동영상,01:11,71,,https://farmer.rda.go.kr/portal/menu3/contentMainPlay.do?m_id=9002_55&menuId=PS03436,https://farmer.rda.go.kr/farmAttach/healthSafety/disasterPreventionVideo/A0006305_1.mp4,15:90|A0006305,https://farmer.rda.go.kr/portal/menu3/contentMainPlay.do?m_id=9002_55&menuId=PS03436,html/004_PS03436.html,농촌진흥청 농업인안전365,N,N
914b850b95ab87bc,농업인 재해예방 영상,농기계,트랙터 안전프레임(농작업 재해예방 동영상),동영상,00:52,52,,https://farmer.rda.go.kr/portal/menu3/contentMainPlay.do?m_id=9002_55&menuId=PS03436,https://farmer.rda.go.kr/farmAttach/healthSafety/disasterPreventionVideo/A0006307_1.mp4,15:91|A0006307,https://farmer.rda.go.kr/portal/menu3/contentMainPlay.do?m_id=9002_55&menuId=PS03436,html/004_PS03436.html,농촌진흥청 농업인안전365,N,N
b806d6baba92cf9c,농업인 재해예방 영상,농기계,농기계 후방 추돌(농작업 재해예방 동영상),동영상,00:42,42,,https://farmer.rda.go.kr/portal/menu3/contentMainPlay.do?m_id=9002_55&menuId=PS03436,https://farmer.rda.go.kr/farmAttach/healthSafety/disasterPreventionVideo/A0006309_1.mp4,15:92|A0006309,https://farmer.rda.go.kr/portal/menu3/contentMainPlay.do?m_id=9002_55&menuId=PS03436,html/004_PS03436.html,농촌진흥청 농업인안전365,N,N
1292a97beb28366b,농업인 재해예방 영상,농기계,"농업인 넘어짐(낙상), 농기계(경운기) 안전수칙, 근골격계질환 예방 방법(NBS)",동영상,07:43,463,,https://farmer.rda.go.kr/portal/menu3/contentMainPlay.do?m_id=9002_55&menuId=PS03436,https://farmer.rda.go.kr/farmAttach/healthSafety/disasterPreventionVideo/safetyFarm_1.mp4,15:49|A0002565,https://farmer.rda.go.kr/portal/menu3/contentMainPlay.do?m_id=9002_55&menuId=PS03436,html/004_PS03436.html,농촌진흥청 농업인안전365,N,N
e9d10dfbbf0ce869,농업인 재해예방 영상,농기계,농기계 안전사고 예방법(NBS),동영상,09:23,563,,https://farmer.rda.go.kr/portal/menu3/contentMainPlay.do?m_id=9002_55&menuId=PS03436,https://farmer.rda.go.kr/farmAttach/healthSafety/disasterPreventionVideo/safetyFarm_6.mp4,15:53|A0002577,https://farmer.rda.go.kr/portal/menu3/contentMainPlay.do?m_id=9002_55&menuId=PS03436,html/004_PS03436.html,농촌진흥청 농업인안전365,N,N
4effb71fceb38c37,농업인 재해예방 영상,농기계,수확 철! 농기계 안전사용법(6시내고향),동영상,05:04,304,,https://farmer.rda.go.kr/portal/menu3/contentMainPlay.do?m_id=9002_55&menuId=PS03436,https://farmer.rda.go.kr/farmAttach/healthSafety/disasterPreventionVideo/movie_10_01.mp4,15:71|A0002630,https://farmer.rda.go.kr/portal/menu3/contentMainPlay.do?m_id=9002_55&menuId=PS03436,html/004_PS03436.html,농촌진흥청 농업인안전365,N,N
eee9c0cc2336f9b1,자료실,농기계,(농업기계 형식별 안전이용 수칙) 승용형농업기계,첨부파일,,,2023-05-02,https://farmer.rda.go.kr/portal/menu1/board_viw.do?menuId=PS03447&m_id=9004_9052&m_mod=0&bbsId=8&nttSn=117&num=18&pageIndex=2,https://farmer.rda.go.kr/portal/contentsFileDownload.do?atchFileGroupCd=A0001491&fileSn=1,8:117,https://farmer.rda.go.kr/portal/menu1/board_lst.do?m_id=9004_9052&m_mod=0&menuId=PS03447&pageIndex=2,html/035_PS03447_p2.html,농촌진흥청 농업인안전365,N,N
f78f9d74f9c1c96b,자료실,농기계,(농업기계 등화장치 관련사항) 등화장치부착 및 조작,첨부파일,,,2023-05-02,https://farmer.rda.go.kr/portal/menu1/board_viw.do?menuId=PS03447&m_id=9004_9052&m_mod=0&bbsId=8&nttSn=120&num=21&pageIndex=3,https://farmer.rda.go.kr/portal/contentsFileDownload.do?atchFileGroupCd=A0001494&fileSn=1,8:120,https://farmer.rda.go.kr/portal/menu1/board_lst.do?m_id=9004_9052&m_mod=0&menuId=PS03447&pageIndex=3,html/036_PS03447_p3.html,농촌진흥청 농업인안전365,N,N
f65633a16c4bbab3,자료실,농기계,(농업기계 도로안전 운행요령) 특정환경에서 안전운전,첨부파일,,,2023-05-02,https://farmer.rda.go.kr/portal/menu1/board_viw.do?menuId=PS03447&m_id=9004_9052&m_mod=0&bbsId=8&nttSn=121&num=22&pageIndex=3,https://farmer.rda.go.kr/portal/contentsFileDownload.do?atchFileGroupCd=A0001495&fileSn=1,8:121,https://farmer.rda.go.kr/portal/menu1/board_lst.do?m_id=9004_9052&m_mod=0&menuId=PS03447&pageIndex=3,html/036_PS03447_p3.html,농촌진흥청 농업인안전365,N,N
f88c6e6b2bbecaa5,자료실,농기계,(농업기계 도로안전 운행요령) 상황별 안전사고 예방요령,첨부파일,,,2023-05-02,https://farmer.rda.go.kr/portal/menu1/board_viw.do?menuId=PS03447&m_id=9004_9052&m_mod=0&bbsId=8&nttSn=122&num=23&pageIndex=3,https://farmer.rda.go.kr/portal/contentsFileDownload.do?atchFileGroupCd=A0001496&fileSn=1,8:122,https://farmer.rda.go.kr/portal/menu1/board_lst.do?m_id=9004_9052&m_mod=0&menuId=PS03447&pageIndex=3,html/036_PS03447_p3.html,농촌진흥청 농업인안전365,N,N
fad323afdd491fb8,자료실,농기계,(농업기계 도로안전 운행요령) 안전운전 기본수칙,첨부파일,,,2023-05-02,https://farmer.rda.go.kr/portal/menu1/board_viw.do?menuId=PS03447&m_id=9004_9052&m_mod=0&bbsId=8&nttSn=123&num=24&pageIndex=3,https://farmer.rda.go.kr/portal/contentsFileDownload.do?atchFileGroupCd=A0001497&fileSn=1,8:123,https://farmer.rda.go.kr/portal/menu1/board_lst.do?m_id=9004_9052&m_mod=0&menuId=PS03447&pageIndex=3,html/036_PS03447_p3.html,농촌진흥청 농업인안전365,N,N
33b0946027a08b2a,자료실,농기계,(농업기계 형식별 안전이용 수칙) 기타,첨부파일,,,2023-05-02,https://farmer.rda.go.kr/portal/menu1/board_viw.do?menuId=PS03447&m_id=9004_9052&m_mod=0&bbsId=8&nttSn=115&num=25&pageIndex=3,https://farmer.rda.go.kr/portal/contentsFileDownload.do?atchFileGroupCd=A0001489&fileSn=1,8:115,https://farmer.rda.go.kr/portal/menu1/board_lst.do?m_id=9004_9052&m_mod=0&menuId=PS03447&pageIndex=3,html/036_PS03447_p3.html,농촌진흥청 농업인안전365,N,N
5a2185ec0347cc1c,자료실,농기계,(농업기계 형식별 안전이용 수칙) 휴대형농업기계,첨부파일,,,2023-05-02,https://farmer.rda.go.kr/portal/menu1/board_viw.do?menuId=PS03447&m_id=9004_9052&m_mod=0&bbsId=8&nttSn=119&num=26&pageIndex=3,https://farmer.rda.go.kr/portal/contentsFileDownload.do?atchFileGroupCd=A0001493&fileSn=1,8:119,https://farmer.rda.go.kr/portal/menu1/board_lst.do?m_id=9004_9052&m_mod=0&menuId=PS03447&pageIndex=3,html/036_PS03447_p3.html,농촌진흥청 농업인안전365,N,N
5187c3dfa2fa4467,자료실,농기계,(농업기계 형식별 안전이용 수칙) 정치형농업기계,첨부파일,,,2023-05-02,https://farmer.rda.go.kr/portal/menu1/board_viw.do?menuId=PS03447&m_id=9004_9052&m_mod=0&bbsId=8&nttSn=118&num=27&pageIndex=3,https://farmer.rda.go.kr/portal/contentsFileDownload.do?atchFileGroupCd=A0001492&fileSn=1,8:118,https://farmer.rda.go.kr/portal/menu1/board_lst.do?m_id=9004_9052&m_mod=0&menuId=PS03447&pageIndex=3,html/036_PS03447_p3.html,농촌진흥청 농업인안전365,N,N
78b41f58235e66fe,자료실,농기계,(농업기계 형식별 안전이용 수칙) 보행형농업기계,첨부파일,,,2023-05-02,https://farmer.rda.go.kr/portal/menu1/board_viw.do?menuId=PS03447&m_id=9004_9052&m_mod=0&bbsId=8&nttSn=116&num=28&pageIndex=3,https://farmer.rda.go.kr/portal/contentsFileDownload.do?atchFileGroupCd=A0001490&fileSn=1,8:116,https://farmer.rda.go.kr/portal/menu1/board_lst.do?m_id=9004_9052&m_mod=0&menuId=PS03447&pageIndex=3,html/036_PS03447_p3.html,농촌진흥청 농업인안전365,N,N
f571739d02730589,자료실,농기계,(농업기계안전) 안전표지 적용 범위 및 안전표지 목적,첨부파일,,,2023-05-02,https://farmer.rda.go.kr/portal/menu1/board_viw.do?menuId=PS03447&m_id=9004_9052&m_mod=0&bbsId=8&nttSn=127&num=29&pageIndex=3,https://farmer.rda.go.kr/portal/contentsFileDownload.do?atchFileGroupCd=A0001501&fileSn=1,8:127,https://farmer.rda.go.kr/portal/menu1/board_lst.do?m_id=9004_9052&m_mod=0&menuId=PS03447&pageIndex=3,html/036_PS03447_p3.html,농촌진흥청 농업인안전365,N,N
fe959eea863b8a6a,자료실,농기계,(농업기계안전) 안전표지 종류 및 양식,첨부파일,,,2023-05-02,https://farmer.rda.go.kr/portal/menu1/board_viw.do?menuId=PS03447&m_id=9004_9052&m_mod=0&bbsId=8&nttSn=128&num=30&pageIndex=3,https://farmer.rda.go.kr/portal/contentsFileDownload.do?atchFileGroupCd=A0001502&fileSn=1,8:128,https://farmer.rda.go.kr/portal/menu1/board_lst.do?m_id=9004_9052&m_mod=0&menuId=PS03447&pageIndex=3,html/036_PS03447_p3.html,농촌진흥청 농업인안전365,N,N
a8730246fb6bd1e0,자료실,농기계,(농업기계안전) 안전표지의 색깔,첨부파일,,,2023-05-02,https://farmer.rda.go.kr/portal/menu1/board_viw.do?menuId=PS03447&m_id=9004_9052&m_mod=0&bbsId=8&nttSn=129&num=31&pageIndex=4,https://farmer.rda.go.kr/portal/contentsFileDownload.do?atchFileGroupCd=A0001503&fileSn=1,8:129,https://farmer.rda.go.kr/portal/menu1/board_lst.do?m_id=9004_9052&m_mod=0&menuId=PS03447&pageIndex=4,html/037_PS03447_p4.html,농촌진흥청 농업인안전365,N,N
356d9bd506a9bb69,자료실,농기계,(농업기계 기종별 안전이용 수칙) 휴대형동력예취기,첨부파일,,,2023-05-02,https://farmer.rda.go.kr/portal/menu1/board_viw.do?menuId=PS03447&m_id=9004_9052&m_mod=0&bbsId=8&nttSn=114&num=32&pageIndex=4,https://farmer.rda.go.kr/portal/contentsFileDownload.do?atchFileGroupCd=A0001488&fileSn=1,8:114,https://farmer.rda.go.kr/portal/menu1/board_lst.do?m_id=9004_9052&m_mod=0&menuId=PS03447&pageIndex=4,html/037_PS03447_p4.html,농촌진흥청 농업인안전365,N,N
5c6d27b576df2111,자료실,농기계,(농업기계 기종별 안전이용 수칙) 트랙터,첨부파일,,,2023-05-02,https://farmer.rda.go.kr/portal/menu1/board_viw.do?menuId=PS03447&m_id=9004_9052&m_mod=0&bbsId=8&nttSn=113&num=33&pageIndex=4,https://farmer.rda.go.kr/portal/contentsFileDownload.do?atchFileGroupCd=A0001487&fileSn=1,8:113,https://farmer.rda.go.kr/portal/menu1/board_lst.do?m_id=9004_9052&m_mod=0&menuId=PS03447&pageIndex=4,html/037_PS03447_p4.html,농촌진흥청 농업인안전365,N,N
f052732efc801fe4,자료실,농기계,(농업기계 기종별 안전이용 수칙) 지게차,첨부파일,,,2023-05-02,https://farmer.rda.go.kr/portal/menu1/board_viw.do?menuId=PS03447&m_id=9004_9052&m_mod=0&bbsId=8&nttSn=112&num=34&pageIndex=4,https://farmer.rda.go.kr/portal/contentsFileDownload.do?atchFileGroupCd=A0001486&fileSn=1,8:112,https://farmer.rda.go.kr/portal/menu1/board_lst.do?m_id=9004_9052&m_mod=0&menuId=PS03447&pageIndex=4,html/037_PS03447_p4.html,농촌진흥청 농업인안전365,N,N
7b5096ba5ea8f113,자료실,농기계,(농업기계 기종별 안전이용 수칙) 이앙기 및 채소이식기,첨부파일,,,2023-05-02,https://farmer.rda.go.kr/portal/menu1/board_viw.do?menuId=PS03447&m_id=9004_9052&m_mod=0&bbsId=8&nttSn=111&num=35&pageIndex=4,https://farmer.rda.go.kr/portal/contentsFileDownload.do?atchFileGroupCd=A0001485&fileSn=1,8:111,https://farmer.rda.go.kr/portal/menu1/board_lst.do?m_id=9004_9052&m_mod=0&menuId=PS03447&pageIndex=4,html/037_PS03447_p4.html,농촌진흥청 농업인안전365,N,N
dc87a6c3bc5a51a2,자료실,농기계,(농업기계 기종별 안전이용 수칙) 스키드로더,첨부파일,,,2023-05-02,https://farmer.rda.go.kr/portal/menu1/board_viw.do?menuId=PS03447&m_id=9004_9052&m_mod=0&bbsId=8&nttSn=110&num=36&pageIndex=4,https://farmer.rda.go.kr/portal/contentsFileDownload.do?atchFileGroupCd=A0001484&fileSn=1,8:110,https://farmer.rda.go.kr/portal/menu1/board_lst.do?m_id=9004_9052&m_mod=0&menuId=PS03447&pageIndex=4,html/037_PS03447_p4.html,농촌진흥청 농업인안전365,N,N
6595d24ecb84ef06,자료실,농기계,(농업기계 기종별 안전이용 수칙) 방제기,첨부파일,,,2023-05-02,https://farmer.rda.go.kr/portal/menu1/board_viw.do?menuId=PS03447&m_id=9004_9052&m_mod=0&bbsId=8&nttSn=109&num=37&pageIndex=4,https://farmer.rda.go.kr/portal/contentsFileDownload.do?atchFileGroupCd=A0001483&fileSn=1,8:109,https://farmer.rda.go.kr/portal/menu1/board_lst.do?m_id=9004_9052&m_mod=0&menuId=PS03447&pageIndex=4,html/037_PS03447_p4.html,농촌진흥청 농업인안전365,N,N
6bf18eab8a563118,자료실,농기계,(농업기계 기종별 안전이용 수칙) 모노레일운반기,첨부파일,,,2023-05-02,https://farmer.rda.go.kr/portal/menu1/board_viw.do?menuId=PS03447&m_id=9004_9052&m_mod=0&bbsId=8&nttSn=108&num=38&pageIndex=4,https://farmer.rda.go.kr/portal/contentsFileDownload.do?atchFileGroupCd=A0001482&fileSn=1,8:108,https://farmer.rda.go.kr/portal/menu1/board_lst.do?m_id=9004_9052&m_mod=0&menuId=PS03447&pageIndex=4,html/037_PS03447_p4.html,농촌진흥청 농업인안전365,N,N
bee26cf8f08467e0,자료실,농기계,(농업기계 기종별 안전이용 수칙) 농용운반차,첨부파일,,,2023-05-02,https://farmer.rda.go.kr/portal/menu1/board_viw.do?menuId=PS03447&m_id=9004_9052&m_mod=0&bbsId=8&nttSn=107&num=39&pageIndex=4,https://farmer.rda.go.kr/portal/contentsFileDownload.do?atchFileGroupCd=A0001481&fileSn=1,8:107,https://farmer.rda.go.kr/portal/menu1/board_lst.do?m_id=9004_9052&m_mod=0&menuId=PS03447&pageIndex=4,html/037_PS03447_p4.html,농촌진흥청 농업인안전365,N,N
f359905970bd7017,자료실,농기계,"(농업기계 기종별 안전이용 수칙) 공동건조, 조제, 저장시설",첨부파일,,,2023-05-02,https://farmer.rda.go.kr/portal/menu1/board_viw.do?menuId=PS03447&m_id=9004_9052&m_mod=0&bbsId=8&nttSn=106&num=40&pageIndex=4,https://farmer.rda.go.kr/portal/contentsFileDownload.do?atchFileGroupCd=A0001480&fileSn=1,8:106,https://farmer.rda.go.kr/portal/menu1/board_lst.do?m_id=9004_9052&m_mod=0&menuId=PS03447&pageIndex=4,html/037_PS03447_p4.html,농촌진흥청 농업인안전365,N,N
14bf92faf4627df2,자료실,농기계,(농업기계 기종별 안전이용 수칙) 곡물수확기,첨부파일,,,2023-05-02,https://farmer.rda.go.kr/portal/menu1/board_viw.do?menuId=PS03447&m_id=9004_9052&m_mod=0&bbsId=8&nttSn=105&num=41&pageIndex=5,https://farmer.rda.go.kr/portal/contentsFileDownload.do?atchFileGroupCd=A0001479&fileSn=1,8:105,https://farmer.rda.go.kr/portal/menu1/board_lst.do?m_id=9004_9052&m_mod=0&menuId=PS03447&pageIndex=5,html/038_PS03447_p5.html,농촌진흥청 농업인안전365,N,N
b9d00fcbb09e7619,자료실,농기계,"(농업기계 기종별 안전이용 수칙) 경운기, 관리기 등",첨부파일,,,2023-05-02,https://farmer.rda.go.kr/portal/menu1/board_viw.do?menuId=PS03447&m_id=9004_9052&m_mod=0&bbsId=8&nttSn=104&num=42&pageIndex=5,https://farmer.rda.go.kr/portal/contentsFileDownload.do?atchFileGroupCd=A0001478&fileSn=1,8:104,https://farmer.rda.go.kr/portal/menu1/board_lst.do?m_id=9004_9052&m_mod=0&menuId=PS03447&pageIndex=5,html/038_PS03447_p5.html,농촌진흥청 농업인안전365,N,N
eb5cb2a482dbc515,자료실,농기계,(농업기계 안전이용 지침) 작업환경별 농작업요령,첨부파일,,,2023-05-02,https://farmer.rda.go.kr/portal/menu1/board_viw.do?menuId=PS03447&m_id=9004_9052&m_mod=0&bbsId=8&nttSn=126&num=43&pageIndex=5,https://farmer.rda.go.kr/portal/contentsFileDownload.do?atchFileGroupCd=A0001500&fileSn=1,8:126,https://farmer.rda.go.kr/portal/menu1/board_lst.do?m_id=9004_9052&m_mod=0&menuId=PS03447&pageIndex=5,html/038_PS03447_p5.html,농촌진흥청 농업인안전365,N,N
416be610e41a059b,자료실,농기계,(농업기계 안전이용 지침) 위험지역 작업요령,첨부파일,,,2023-05-02,https://farmer.rda.go.kr/portal/menu1/board_viw.do?menuId=PS03447&m_id=9004_9052&m_mod=0&bbsId=8&nttSn=125&num=44&pageIndex=5,https://farmer.rda.go.kr/portal/contentsFileDownload.do?atchFileGroupCd=A0001499&fileSn=1,8:125,https://farmer.rda.go.kr/portal/menu1/board_lst.do?m_id=9004_9052&m_mod=0&menuId=PS03447&pageIndex=5,html/038_PS03447_p5.html,농촌진흥청 농업인안전365,N,N
018aaf54504722bd,자료실,농기계,(농업기계 안전이용 지침) 농작업 안전수칙,첨부파일,,,2023-05-02,https://farmer.rda.go.kr/portal/menu1/board_viw.do?menuId=PS03447&m_id=9004_9052&m_mod=0&bbsId=8&nttSn=124&num=45&pageIndex=5,https://farmer.rda.go.kr/portal/contentsFileDownload.do?atchFileGroupCd=A0001498&fileSn=1,8:124,https://farmer.rda.go.kr/portal/menu1/board_lst.do?m_id=9004_9052&m_mod=0&menuId=PS03447&pageIndex=5,html/038_PS03447_p5.html,농촌진흥청 농업인안전365,N,N
7b35db1e2b2179aa,자료실,농기계,(서식) 농기계 안전이용 수준 평가,첨부파일,,,2022-02-25,https://farmer.rda.go.kr/portal/menu1/board_viw.do?menuId=PS03447&m_id=9004_9052&m_mod=0&bbsId=8&nttSn=146&num=61&pageIndex=7,https://farmer.rda.go.kr/portal/contentsFileDownload.do?atchFileGroupCd=A0001520&fileSn=1,8:146,https://farmer.rda.go.kr/portal/menu1/board_lst.do?m_id=9004_9052&m_mod=0&menuId=PS03447&pageIndex=7,html/040_PS03447_p7.html,농촌진흥청 농업인안전365,N,N
c4cdace5d4e8b785,자료실,농기계,(서식) 농기계 교통사고 예방수준 평가,첨부파일,,,2022-02-25,https://farmer.rda.go.kr/portal/menu1/board_viw.do?menuId=PS03447&m_id=9004_9052&m_mod=0&bbsId=8&nttSn=150&num=63&pageIndex=7,https://farmer.rda.go.kr/portal/contentsFileDownload.do?atchFileGroupCd=A0001524&fileSn=1,8:150,https://farmer.rda.go.kr/portal/menu1/board_lst.do?m_id=9004_9052&m_mod=0&menuId=PS03447&pageIndex=7,html/040_PS03447_p7.html,농촌진흥청 농업인안전365,N,N
fe394e4d5501c8b3,자료실,농기계,농기계 종합보험 농업인 안전보험의 보완적 활용방안,첨부파일,,,2016-09-09,https://farmer.rda.go.kr/portal/menu1/board_viw.do?menuId=PS03447&m_id=9004_9052&m_mod=0&bbsId=8&nttSn=156&num=72&pageIndex=8,https://farmer.rda.go.kr/portal/contentsFileDownload.do?atchFileGroupCd=A0001530&fileSn=1,8:156,https://farmer.rda.go.kr/portal/menu1/board_lst.do?m_id=9004_9052&m_mod=0&menuId=PS03447&pageIndex=8,html/041_PS03447_p8.html,농촌진흥청 농업인안전365,N,N
060bc1174eb8a4fb,공지사항,농기계,『(2023년 조사결과) 농업기계 사고 현황 』 외 간행물 업데이트 알림,자료실 게시물,,,2025-03-19,https://farmer.rda.go.kr/portal/menu1/board_viw.do?menuId=PS03448&m_id=3_18&m_mod=33&bbsId=5&nttSn=199&num=0&pageIndex=4,,5:199,https://farmer.rda.go.kr/portal/menu6/board_lst1.do?m_id=3_18&m_mod=0&menuId=PS03448&pageIndex=4,html/048_PS03448_p4.html,농촌진흥청 농업인안전365,N,N
d4bb14d357b4eeec,공지사항,농기계,『2023 농업기계 사고 현황』 외 5종 간행물 업데이트 알림,자료실 게시물,,,2025-01-03,https://farmer.rda.go.kr/portal/menu1/board_viw.do?menuId=PS03448&m_id=3_18&m_mod=37&bbsId=5&nttSn=183&num=0&pageIndex=4,,5:183,https://farmer.rda.go.kr/portal/menu6/board_lst1.do?m_id=3_18&m_mod=0&menuId=PS03448&pageIndex=4,html/048_PS03448_p4.html,농촌진흥청 농업인안전365,N,N
944246cbaba26cbb,공지사항,농기계,『예초기 안전사용 가이드』 간행물 업데이트 알림,자료실 게시물,,,2023-09-18,https://farmer.rda.go.kr/portal/menu1/board_viw.do?menuId=PS03448&m_id=3_18&m_mod=62&bbsId=5&nttSn=12&num=0&pageIndex=7,,5:12,https://farmer.rda.go.kr/portal/menu6/board_lst1.do?m_id=3_18&m_mod=0&menuId=PS03448&pageIndex=7,html/051_PS03448_p7.html,농촌진흥청 농업인안전365,N,N
c5d7c080765c5199,공지사항,농기계,"리플릿 배부안내 -『농업기계 안전반사장치 활용 가이드』,『농업인안전365』",자료실 게시물,,,2023-01-13,https://farmer.rda.go.kr/portal/menu1/board_viw.do?menuId=PS03448&m_id=3_18&m_mod=72&bbsId=5&nttSn=22&num=0&pageIndex=8,,5:22,https://farmer.rda.go.kr/portal/menu6/board_lst1.do?m_id=3_18&m_mod=0&menuId=PS03448&pageIndex=8,html/052_PS03448_p8.html,농촌진흥청 농업인안전365,N,N
54edf933e6a95117,공지사항,농기계,『2021 농업기계 사고 현황』 간행물 업데이트 알림,자료실 게시물,,,2022-11-02,https://farmer.rda.go.kr/portal/menu1/board_viw.do?menuId=PS03448&m_id=3_18&m_mod=77&bbsId=5&nttSn=27&num=0&pageIndex=8,,5:27,https://farmer.rda.go.kr/portal/menu6/board_lst1.do?m_id=3_18&m_mod=0&menuId=PS03448&pageIndex=8,html/052_PS03448_p8.html,농촌진흥청 농업인안전365,N,N
33850ad9938ff997,홍보,농기계,"(새전북신문) 여성농업인단체 초청, ‘여성 친화형 농기계 개발’ 아이디어 들어",자료실 게시물,,,2026-05-08,https://farmer.rda.go.kr/portal/menu1/board_viw.do?menuId=PS03449&m_id=3_19&m_mod=25&bbsId=6&nttSn=766&num=0&pageIndex=3,,6:766,https://farmer.rda.go.kr/portal/menu6/board_lst1.do?m_id=3_19&m_mod=0&menuId=PS03449&pageIndex=3,html/058_PS03449_p3.html,농촌진흥청 농업인안전365,N,N
1eefec9df712ffee,홍보,농기계,"여성농업인단체 초청, ‘여성 친화형 농기계 개발’ 아이디어 듣는다",자료실 게시물,,,2026-05-08,https://farmer.rda.go.kr/portal/menu1/board_viw.do?menuId=PS03449&m_id=3_19&m_mod=26&bbsId=6&nttSn=765&num=0&pageIndex=3,,6:765,https://farmer.rda.go.kr/portal/menu6/board_lst1.do?m_id=3_19&m_mod=0&menuId=PS03449&pageIndex=3,html/058_PS03449_p3.html,농촌진흥청 농업인안전365,N,N
3c9a342645ba5c94,홍보,농기계,'농업기계 사고신호-강원소방본부 119 출동연계' 시연회,자료실 게시물,,,2025-12-02,https://farmer.rda.go.kr/portal/menu1/board_viw.do?menuId=PS03449&m_id=3_19&m_mod=38&bbsId=6&nttSn=753&num=0&pageIndex=4,,6:753,https://farmer.rda.go.kr/portal/menu6/board_lst1.do?m_id=3_19&m_mod=0&menuId=PS03449&pageIndex=4,html/059_PS03449_p4.html,농촌진흥청 농업인안전365,N,N
228ee7ff1f2ac5de,홍보,농기계,(춘천MBC)농기계 사고나면 119에 자동 신고...,자료실 게시물,,,2025-11-18,https://farmer.rda.go.kr/portal/menu1/board_viw.do?menuId=PS03449&m_id=3_19&m_mod=39&bbsId=6&nttSn=752&num=0&pageIndex=4,,6:752,https://farmer.rda.go.kr/portal/menu6/board_lst1.do?m_id=3_19&m_mod=0&menuId=PS03449&pageIndex=4,html/059_PS03449_p4.html,농촌진흥청 농업인안전365,N,N
a4caec6f7e8782c9,홍보,농기계,“농기계사고 골든타임 사수!”IoT안전시스템-119 출동연계 시연,자료실 게시물,,,2025-11-18,https://farmer.rda.go.kr/portal/menu1/board_viw.do?menuId=PS03449&m_id=3_19&m_mod=40&bbsId=6&nttSn=751&num=0&pageIndex=4,,6:751,https://farmer.rda.go.kr/portal/menu6/board_lst1.do?m_id=3_19&m_mod=0&menuId=PS03449&pageIndex=4,html/059_PS03449_p4.html,농촌진흥청 농업인안전365,N,N
8e5447ec324cf352,홍보,농기계,농업기계 사고 대응 체계 구축 회의 개최,자료실 게시물,,,2025-10-21,https://farmer.rda.go.kr/portal/menu1/board_viw.do?menuId=PS03449&m_id=3_19&m_mod=41&bbsId=6&nttSn=750&num=0&pageIndex=5,,6:750,https://farmer.rda.go.kr/portal/menu6/board_lst1.do?m_id=3_19&m_mod=0&menuId=PS03449&pageIndex=5,html/060_PS03449_p5.html,농촌진흥청 농업인안전365,N,N
85549c54782d1956,홍보,농기계,"(연합뉴스) 농기계 사고 감지되면 119 자동 신고…강원소방, 협력체계 논의",자료실 게시물,,,2025-10-21,https://farmer.rda.go.kr/portal/menu1/board_viw.do?menuId=PS03449&m_id=3_19&m_mod=42&bbsId=6&nttSn=749&num=0&pageIndex=5,,6:749,https://farmer.rda.go.kr/portal/menu6/board_lst1.do?m_id=3_19&m_mod=0&menuId=PS03449&pageIndex=5,html/060_PS03449_p5.html,농촌진흥청 농업인안전365,N,N
e9e2923b43039989,홍보,농기계,(연합뉴스) 예초기 날에 다친 농촌 주민 숨져…경찰 수사,자료실 게시물,,,2025-09-15,https://farmer.rda.go.kr/portal/menu1/board_viw.do?menuId=PS03449&m_id=3_19&m_mod=44&bbsId=6&nttSn=747&num=0&pageIndex=5,,6:747,https://farmer.rda.go.kr/portal/menu6/board_lst1.do?m_id=3_19&m_mod=0&menuId=PS03449&pageIndex=5,html/060_PS03449_p5.html,농촌진흥청 농업인안전365,N,N
9b5d9b565b2ec73f,홍보,농기계,(농민신문) 추석 전 벌초할 때 예초기 사용 주의하세요,자료실 게시물,,,2025-09-15,https://farmer.rda.go.kr/portal/menu1/board_viw.do?menuId=PS03449&m_id=3_19&m_mod=47&bbsId=6&nttSn=744&num=0&pageIndex=5,,6:744,https://farmer.rda.go.kr/portal/menu6/board_lst1.do?m_id=3_19&m_mod=0&menuId=PS03449&pageIndex=5,html/060_PS03449_p5.html,농촌진흥청 농업인안전365,N,N
6fbf18ead8b428b2,홍보,농기계,"(안전신문) 예초기 사고, ‘베이거나 찔림’이 절반… “안전장비 착용”",자료실 게시물,,,2025-09-15,https://farmer.rda.go.kr/portal/menu1/board_viw.do?menuId=PS03449&m_id=3_19&m_mod=48&bbsId=6&nttSn=743&num=0&pageIndex=5,,6:743,https://farmer.rda.go.kr/portal/menu6/board_lst1.do?m_id=3_19&m_mod=0&menuId=PS03449&pageIndex=5,html/060_PS03449_p5.html,농촌진흥청 농업인안전365,N,N
b9cae7f21ce59d09,홍보,농기계,(연합뉴스) 장성 감나무밭서 80대 농민 숨져…농기계 끼임사고 추정,자료실 게시물,,,2025-09-12,https://farmer.rda.go.kr/portal/menu1/board_viw.do?menuId=PS03449&m_id=3_19&m_mod=50&bbsId=6&nttSn=740&num=0&pageIndex=5,,6:740,https://farmer.rda.go.kr/portal/menu6/board_lst1.do?m_id=3_19&m_mod=0&menuId=PS03449&pageIndex=5,html/060_PS03449_p5.html,농촌진흥청 농업인안전365,N,N
8fb7bd690e18e8b8,홍보,농기계,(매일신문) 울릉도 60대 여성 예초기 사고…소방본부 헬기로 W병원 긴급 이송,자료실 게시물,,,2025-08-26,https://farmer.rda.go.kr/portal/menu1/board_viw.do?menuId=PS03449&m_id=3_19&m_mod=51&bbsId=6&nttSn=739&num=0&pageIndex=6,,6:739,https://farmer.rda.go.kr/portal/menu6/board_lst1.do?m_id=3_19&m_mod=0&menuId=PS03449&pageIndex=6,html/061_PS03449_p6.html,농촌진흥청 농업인안전365,N,N
94f75986200bb74d,홍보,농기계,(문화일보) 늙어가는 농촌… 고령자 농기계 사망사고 급증,자료실 게시물,,,2025-08-20,https://farmer.rda.go.kr/portal/menu1/board_viw.do?menuId=PS03449&m_id=3_19&m_mod=53&bbsId=6&nttSn=737&num=0&pageIndex=6,,6:737,https://farmer.rda.go.kr/portal/menu6/board_lst1.do?m_id=3_19&m_mod=0&menuId=PS03449&pageIndex=6,html/061_PS03449_p6.html,농촌진흥청 농업인안전365,N,N
baf39d165f406e51,홍보,농기계,"(프레시안) 강진서 5일장 가던 80대, 자신의 경운기에 깔려 숨져",자료실 게시물,,,2025-08-20,https://farmer.rda.go.kr/portal/menu1/board_viw.do?menuId=PS03449&m_id=3_19&m_mod=54&bbsId=6&nttSn=736&num=0&pageIndex=6,,6:736,https://farmer.rda.go.kr/portal/menu6/board_lst1.do?m_id=3_19&m_mod=0&menuId=PS03449&pageIndex=6,html/061_PS03449_p6.html,농촌진흥청 농업인안전365,N,N
e37f7ca7f9ca77dc,홍보,농기계,"(이데일리) ""남편이 안 들어와""…경운기에 11시간 동안 깔려있던 80대 구조",자료실 게시물,,,2025-07-11,https://farmer.rda.go.kr/portal/menu1/board_viw.do?menuId=PS03449&m_id=3_19&m_mod=72&bbsId=6&nttSn=718&num=0&pageIndex=8,,6:718,https://farmer.rda.go.kr/portal/menu6/board_lst1.do?m_id=3_19&m_mod=0&menuId=PS03449&pageIndex=8,html/063_PS03449_p8.html,농촌진흥청 농업인안전365,N,N
539001ca9857f19a,홍보,농기계,「호남권 교통안전 협의회」 참석 및 IoT 농업기계 사고예방 기술 소개 발표 결과보고,자료실 게시물,,,2025-05-08,https://farmer.rda.go.kr/portal/menu1/board_viw.do?menuId=PS03449&m_id=3_19&m_mod=86&bbsId=6&nttSn=704&num=0&pageIndex=9,,6:704,https://farmer.rda.go.kr/portal/menu6/board_lst1.do?m_id=3_19&m_mod=0&menuId=PS03449&pageIndex=9,html/064_PS03449_p9.html,농촌진흥청 농업인안전365,N,N
f18779637b8db574,홍보,농기계,(한국경제) 추석 맞아 고향서 농사일 돕던 20대 여성…농기계 깔려 숨져,자료실 게시물,,,2025-01-03,https://farmer.rda.go.kr/portal/menu1/board_viw.do?menuId=PS03449&m_id=3_19&m_mod=106&bbsId=6&nttSn=684&num=0&pageIndex=11,,6:684,https://farmer.rda.go.kr/portal/menu6/board_lst1.do?m_id=3_19&m_mod=0&menuId=PS03449&pageIndex=11,html/066_PS03449_p11.html,농촌진흥청 농업인안전365,N,N
8804a587e0420ce6,홍보,농기계,"농진청 ""겨울철 농기계 관리, 영농철에 성능 좌우""",자료실 게시물,,,2024-12-02,https://farmer.rda.go.kr/portal/menu1/board_viw.do?menuId=PS03449&m_id=3_19&m_mod=107&bbsId=6&nttSn=683&num=0&pageIndex=11,,6:683,https://farmer.rda.go.kr/portal/menu6/board_lst1.do?m_id=3_19&m_mod=0&menuId=PS03449&pageIndex=11,html/066_PS03449_p11.html,농촌진흥청 농업인안전365,N,N
d025d6d3ea6ce7c6,홍보,농기계,"겨울철 농기계 관리, 영농철 농기계 성능 좌우",자료실 게시물,,,2024-12-02,https://farmer.rda.go.kr/portal/menu1/board_viw.do?menuId=PS03449&m_id=3_19&m_mod=108&bbsId=6&nttSn=682&num=0&pageIndex=11,,6:682,https://farmer.rda.go.kr/portal/menu6/board_lst1.do?m_id=3_19&m_mod=0&menuId=PS03449&pageIndex=11,html/066_PS03449_p11.html,농촌진흥청 농업인안전365,N,N
1ed678fc396fa5ee,홍보,농기계,“수확철 농기계 사고 주의 철저 당부”,자료실 게시물,,,2024-11-15,https://farmer.rda.go.kr/portal/menu1/board_viw.do?menuId=PS03449&m_id=3_19&m_mod=110&bbsId=6&nttSn=680&num=0&pageIndex=11,,6:680,https://farmer.rda.go.kr/portal/menu6/board_lst1.do?m_id=3_19&m_mod=0&menuId=PS03449&pageIndex=11,html/066_PS03449_p11.html,농촌진흥청 농업인안전365,N,N
39437400e670efd8,자료실,농기계,인간공학과 농업기계설계기술 융합,첨부파일,,,2015-02-05,https://farmer.rda.go.kr/portal/menu1/board_viw.do?menuId=PS03447&m_id=9004_9052&m_mod=0&bbsId=8&nttSn=244&num=119&pageIndex=12,https://farmer.rda.go.kr/portal/contentsFileDownload.do?atchFileGroupCd=A0001584&fileSn=1,8:244,https://farmer.rda.go.kr/portal/menu1/board_lst.do?m_id=9004_9052&m_mod=0&menuId=PS03447&pageIndex=12,html/068_PS03447_p12.html,농촌진흥청 농업인안전365,N,N
1d10aa633142b7c8,자료실,농기계,"인간공학과 농업기계 설계기술의 융합 (이상식 교수, 관동대)",첨부파일,,,2012-01-27,https://farmer.rda.go.kr/portal/menu1/board_viw.do?menuId=PS03447&m_id=9004_9052&m_mod=0&bbsId=8&nttSn=39&num=176&pageIndex=18,https://farmer.rda.go.kr/portal/contentsFileDownload.do?atchFileGroupCd=A0000778&fileSn=1,8:39,https://farmer.rda.go.kr/portal/menu1/board_lst.do?m_id=9004_9052&m_mod=0&menuId=PS03447&pageIndex=18,html/074_PS03447_p18.html,농촌진흥청 농업인안전365,N,N
88a3cc1e3b6b9ece,홍보,농기계,"농촌진흥청, 수확철 농기계사고 주의 철저 당부",자료실 게시물,,,2024-11-15,https://farmer.rda.go.kr/portal/menu1/board_viw.do?menuId=PS03449&m_id=3_19&m_mod=111&bbsId=6&nttSn=679&num=0&pageIndex=12,,6:679,https://farmer.rda.go.kr/portal/menu6/board_lst1.do?m_id=3_19&m_mod=0&menuId=PS03449&pageIndex=12,html/088_PS03449_p12.html,농촌진흥청 농업인안전365,N,N
1d6063d9e73520e0,홍보,농기계,"충남도 농업기술원, 벌초 등 풀 베기 시 예초기 사고 '주의'",자료실 게시물,,,2024-11-01,https://farmer.rda.go.kr/portal/menu1/board_viw.do?menuId=PS03449&m_id=3_19&m_mod=118&bbsId=6&nttSn=672&num=0&pageIndex=12,,6:672,https://farmer.rda.go.kr/portal/menu6/board_lst1.do?m_id=3_19&m_mod=0&menuId=PS03449&pageIndex=12,html/088_PS03449_p12.html,농촌진흥청 농업인안전365,N,N
03d586bb9041a237,홍보,농기계,(뉴스1) 곡성 농로서 트랙터 전복사고...50대 운전자 숨져,자료실 게시물,,,2024-11-01,https://farmer.rda.go.kr/portal/menu1/board_viw.do?menuId=PS03449&m_id=3_19&m_mod=125&bbsId=6&nttSn=665&num=0&pageIndex=13,,6:665,https://farmer.rda.go.kr/portal/menu6/board_lst1.do?m_id=3_19&m_mod=0&menuId=PS03449&pageIndex=13,html/089_PS03449_p13.html,농촌진흥청 농업인안전365,N,N
09b35274c0536b0c,홍보,농기계,"(농기자재신문) 농촌진흥청 개발 ‘농업기계 주행 안내 시스템’, 교통안전시설로 채택",자료실 게시물,,,2024-11-01,https://farmer.rda.go.kr/portal/menu1/board_viw.do?menuId=PS03449&m_id=3_19&m_mod=128&bbsId=6&nttSn=662&num=0&pageIndex=13,,6:662,https://farmer.rda.go.kr/portal/menu6/board_lst1.do?m_id=3_19&m_mod=0&menuId=PS03449&pageIndex=13,html/089_PS03449_p13.html,농촌진흥청 농업인안전365,N,N
85306ddbf58e6c87,홍보,농기계,(뉴시스) 농기계 주행 안내표지판 설치했더니 과속차량 '뚝'…사고예방 효과,자료실 게시물,,,2024-11-01,https://farmer.rda.go.kr/portal/menu1/board_viw.do?menuId=PS03449&m_id=3_19&m_mod=129&bbsId=6&nttSn=661&num=0&pageIndex=13,,6:661,https://farmer.rda.go.kr/portal/menu6/board_lst1.do?m_id=3_19&m_mod=0&menuId=PS03449&pageIndex=13,html/089_PS03449_p13.html,농촌진흥청 농업인안전365,N,N
64cd8c1728ee2cd4,홍보,농기계,"농촌진흥청 개발 '농업기계 주행 안내 시스템', 교통안전시설로 채택",자료실 게시물,,,2024-11-01,https://farmer.rda.go.kr/portal/menu1/board_viw.do?menuId=PS03449&m_id=3_19&m_mod=130&bbsId=6&nttSn=660&num=0&pageIndex=13,,6:660,https://farmer.rda.go.kr/portal/menu6/board_lst1.do?m_id=3_19&m_mod=0&menuId=PS03449&pageIndex=13,html/089_PS03449_p13.html,농촌진흥청 농업인안전365,N,N
519e4bebf79e71fb,홍보,농기계,농업기계 사고정보의 119 상황실(전남소방본부) 데이터 연동 테스트,자료실 게시물,,,2024-07-23,https://farmer.rda.go.kr/portal/menu1/board_viw.do?menuId=PS03449&m_id=3_19&m_mod=131&bbsId=6&nttSn=650&num=0&pageIndex=14,,6:650,https://farmer.rda.go.kr/portal/menu6/board_lst1.do?m_id=3_19&m_mod=0&menuId=PS03449&pageIndex=14,html/090_PS03449_p14.html,농촌진흥청 농업인안전365,N,N
29c2cd3dc3bdd7ea,홍보,농기계,(세이프타임즈) 농협손보 농기계 사고예방 '구슬땀' … 서국동 대표 서안성농협 캠페인,자료실 게시물,,,2024-06-28,https://farmer.rda.go.kr/portal/menu1/board_viw.do?menuId=PS03449&m_id=3_19&m_mod=133&bbsId=6&nttSn=658&num=0&pageIndex=14,,6:658,https://farmer.rda.go.kr/portal/menu6/board_lst1.do?m_id=3_19&m_mod=0&menuId=PS03449&pageIndex=14,html/090_PS03449_p14.html,농촌진흥청 농업인안전365,N,N
a7ab9dcd05f87aef,홍보,농기계,"(노컷뉴스) NH농협손보, 농기계 사고예방 캠페인 전개",자료실 게시물,,,2024-06-28,https://farmer.rda.go.kr/portal/menu1/board_viw.do?menuId=PS03449&m_id=3_19&m_mod=134&bbsId=6&nttSn=657&num=0&pageIndex=14,,6:657,https://farmer.rda.go.kr/portal/menu6/board_lst1.do?m_id=3_19&m_mod=0&menuId=PS03449&pageIndex=14,html/090_PS03449_p14.html,농촌진흥청 농업인안전365,N,N
290d6906ae43515c,홍보,농기계,세종경찰청 협력 '농기계 사고예방 캠페인',자료실 게시물,,,2024-06-24,https://farmer.rda.go.kr/portal/menu1/board_viw.do?menuId=PS03449&m_id=3_19&m_mod=135&bbsId=6&nttSn=656&num=0&pageIndex=14,,6:656,https://farmer.rda.go.kr/portal/menu6/board_lst1.do?m_id=3_19&m_mod=0&menuId=PS03449&pageIndex=14,html/090_PS03449_p14.html,농촌진흥청 농업인안전365,N,N
364bb7b04d642f63,홍보,농기계,『2024 농업기술박람회』 농업기계 안전 장비 전시지원,자료실 게시물,,,2024-06-24,https://farmer.rda.go.kr/portal/menu1/board_viw.do?menuId=PS03449&m_id=3_19&m_mod=136&bbsId=6&nttSn=648&num=0&pageIndex=14,,6:648,https://farmer.rda.go.kr/portal/menu6/board_lst1.do?m_id=3_19&m_mod=0&menuId=PS03449&pageIndex=14,html/090_PS03449_p14.html,농촌진흥청 농업인안전365,N,N
be82bf747a053220,홍보,농기계,NH농협손보 협력 『농기계 사고예방 캠페인』 안전편이 장비 전시지원,자료실 게시물,,,2024-06-24,https://farmer.rda.go.kr/portal/menu1/board_viw.do?menuId=PS03449&m_id=3_19&m_mod=137&bbsId=6&nttSn=647&num=0&pageIndex=14,,6:647,https://farmer.rda.go.kr/portal/menu6/board_lst1.do?m_id=3_19&m_mod=0&menuId=PS03449&pageIndex=14,html/090_PS03449_p14.html,농촌진흥청 농업인안전365,N,N
20003d308704ab0e,홍보,농기계,"(KBS뉴스) 농기계 사고 줄었지만...경운기 사고 비율은 여전히 ""최다""",자료실 게시물,,,2024-05-31,https://farmer.rda.go.kr/portal/menu1/board_viw.do?menuId=PS03449&m_id=3_19&m_mod=143&bbsId=6&nttSn=643&num=0&pageIndex=15,,6:643,https://farmer.rda.go.kr/portal/menu6/board_lst1.do?m_id=3_19&m_mod=0&menuId=PS03449&pageIndex=15,html/091_PS03449_p15.html,농촌진흥청 농업인안전365,N,N
740f568c02021884,홍보,농기계,"(연합뉴스) 영농철 농기계 사고 빈발...""혼자 작업 말아야""",자료실 게시물,,,2024-05-31,https://farmer.rda.go.kr/portal/menu1/board_viw.do?menuId=PS03449&m_id=3_19&m_mod=144&bbsId=6&nttSn=642&num=0&pageIndex=15,,6:642,https://farmer.rda.go.kr/portal/menu6/board_lst1.do?m_id=3_19&m_mod=0&menuId=PS03449&pageIndex=15,html/091_PS03449_p15.html,농촌진흥청 농업인안전365,N,N
d3d8a351f9242132,홍보,농기계,"(데일리안) 농기계 사고, 예방만해도 체감도 150% 상승",자료실 게시물,,,2024-05-31,https://farmer.rda.go.kr/portal/menu1/board_viw.do?menuId=PS03449&m_id=3_19&m_mod=146&bbsId=6&nttSn=640&num=0&pageIndex=15,,6:640,https://farmer.rda.go.kr/portal/menu6/board_lst1.do?m_id=3_19&m_mod=0&menuId=PS03449&pageIndex=15,html/091_PS03449_p15.html,농촌진흥청 농업인안전365,N,N
51cb55b43020b6a9,홍보,농기계,(농민신문) 농기계 사고 주의...끼임 ‘최다’,자료실 게시물,,,2024-05-31,https://farmer.rda.go.kr/portal/menu1/board_viw.do?menuId=PS03449&m_id=3_19&m_mod=147&bbsId=6&nttSn=639&num=0&pageIndex=15,,6:639,https://farmer.rda.go.kr/portal/menu6/board_lst1.do?m_id=3_19&m_mod=0&menuId=PS03449&pageIndex=15,html/091_PS03449_p15.html,농촌진흥청 농업인안전365,N,N
f292e3ba8cf21565,홍보,농기계,"(전북도민일보) ‘끼이고, 깔리고’ 끊임없는 영농철 시기 농기계 사고 주의보",자료실 게시물,,,2024-05-31,https://farmer.rda.go.kr/portal/menu1/board_viw.do?menuId=PS03449&m_id=3_19&m_mod=148&bbsId=6&nttSn=638&num=0&pageIndex=15,,6:638,https://farmer.rda.go.kr/portal/menu6/board_lst1.do?m_id=3_19&m_mod=0&menuId=PS03449&pageIndex=15,html/091_PS03449_p15.html,농촌진흥청 농업인안전365,N,N
438913c1252b6483,홍보,농기계,"(연합뉴스) ""농기계 사고 주의하세요""…3년간 3천729건 발생·229명 사망",자료실 게시물,,,2024-05-31,https://farmer.rda.go.kr/portal/menu1/board_viw.do?menuId=PS03449&m_id=3_19&m_mod=149&bbsId=6&nttSn=637&num=0&pageIndex=15,,6:637,https://farmer.rda.go.kr/portal/menu6/board_lst1.do?m_id=3_19&m_mod=0&menuId=PS03449&pageIndex=15,html/091_PS03449_p15.html,농촌진흥청 농업인안전365,N,N
86bac874580339ad,홍보,농기계,(YTN) 사물인터넷으로 농기계 사고예방 나선다,자료실 게시물,,,2024-05-31,https://farmer.rda.go.kr/portal/menu1/board_viw.do?menuId=PS03449&m_id=3_19&m_mod=150&bbsId=6&nttSn=636&num=0&pageIndex=15,,6:636,https://farmer.rda.go.kr/portal/menu6/board_lst1.do?m_id=3_19&m_mod=0&menuId=PS03449&pageIndex=15,html/091_PS03449_p15.html,농촌진흥청 농업인안전365,N,N
02efd9af45d72799,홍보,농기계,"(NEWS1) 농촌진흥청 ""농기계 사고 줄이기 위한 민관협력 밑그림 마련""",자료실 게시물,,,2024-05-28,https://farmer.rda.go.kr/portal/menu1/board_viw.do?menuId=PS03449&m_id=3_19&m_mod=151&bbsId=6&nttSn=653&num=0&pageIndex=16,,6:653,https://farmer.rda.go.kr/portal/menu6/board_lst1.do?m_id=3_19&m_mod=0&menuId=PS03449&pageIndex=16,html/092_PS03449_p16.html,농촌진흥청 농업인안전365,N,N
e9777acfb271283e,홍보,농기계,"(전북중앙) 농진청, 민관협력 농기계 사고예방 추진계획 수립",자료실 게시물,,,2024-05-28,https://farmer.rda.go.kr/portal/menu1/board_viw.do?menuId=PS03449&m_id=3_19&m_mod=152&bbsId=6&nttSn=652&num=0&pageIndex=16,,6:652,https://farmer.rda.go.kr/portal/menu6/board_lst1.do?m_id=3_19&m_mod=0&menuId=PS03449&pageIndex=16,html/092_PS03449_p16.html,농촌진흥청 농업인안전365,N,N
eabecdfe6cd40ad4,홍보,농기계,농기계 안전사고·교통사고 줄이는 민관협력 ‘밑그림’ 마련,자료실 게시물,,,2024-05-27,https://farmer.rda.go.kr/portal/menu1/board_viw.do?menuId=PS03449&m_id=3_19&m_mod=154&bbsId=6&nttSn=632&num=0&pageIndex=16,,6:632,https://farmer.rda.go.kr/portal/menu6/board_lst1.do?m_id=3_19&m_mod=0&menuId=PS03449&pageIndex=16,html/092_PS03449_p16.html,농촌진흥청 농업인안전365,N,N
958699882466984d,홍보,농기계,"기관 간 협업으로 ""농업기계 사고 예방 기술"" 보급 나선다",자료실 게시물,,,2024-05-20,https://farmer.rda.go.kr/portal/menu1/board_viw.do?menuId=PS03449&m_id=3_19&m_mod=155&bbsId=6&nttSn=631&num=0&pageIndex=16,,6:631,https://farmer.rda.go.kr/portal/menu6/board_lst1.do?m_id=3_19&m_mod=0&menuId=PS03449&pageIndex=16,html/092_PS03449_p16.html,농촌진흥청 농업인안전365,N,N
8a12a441ceded795,홍보,농기계,"농업인 업무상 재해, 넘어짐 많고, 경운기, 사다리에서 많이 발생",자료실 게시물,,,2024-05-07,https://farmer.rda.go.kr/portal/menu1/board_viw.do?menuId=PS03449&m_id=3_19&m_mod=159&bbsId=6&nttSn=630&num=0&pageIndex=16,,6:630,https://farmer.rda.go.kr/portal/menu6/board_lst1.do?m_id=3_19&m_mod=0&menuId=PS03449&pageIndex=16,html/092_PS03449_p16.html,농촌진흥청 농업인안전365,N,N
afec460f1de50873,홍보,농기계,사물인터넷(IoT) 활용 농업기계 교통사고 예방 기술 방송 촬영,자료실 게시물,,,2024-03-07,https://farmer.rda.go.kr/portal/menu1/board_viw.do?menuId=PS03449&m_id=3_19&m_mod=160&bbsId=6&nttSn=496&num=0&pageIndex=16,,6:496,https://farmer.rda.go.kr/portal/menu6/board_lst1.do?m_id=3_19&m_mod=0&menuId=PS03449&pageIndex=16,html/092_PS03449_p16.html,농촌진흥청 농업인안전365,N,N
d075efdc4ac21359,홍보,농기계,"전방100m 트랙터 근접 중..농업기계 주행 정보, 표지판에 띄워 사고 줄인다",자료실 게시물,,,2024-03-07,https://farmer.rda.go.kr/portal/menu1/board_viw.do?menuId=PS03449&m_id=3_19&m_mod=161&bbsId=6&nttSn=1&num=0&pageIndex=17,,6:1,https://farmer.rda.go.kr/portal/menu6/board_lst1.do?m_id=3_19&m_mod=0&menuId=PS03449&pageIndex=17,html/093_PS03449_p17.html,농촌진흥청 농업인안전365,N,N
e7b6b971e4edea4d,홍보,농기계,"(NEWSIS) ""전방 100m 트랙터 근접"" 농기계 주행정보 알려 사고 줄인다",자료실 게시물,,,2024-03-07,https://farmer.rda.go.kr/portal/menu1/board_viw.do?menuId=PS03449&m_id=3_19&m_mod=162&bbsId=6&nttSn=116&num=0&pageIndex=17,,6:116,https://farmer.rda.go.kr/portal/menu6/board_lst1.do?m_id=3_19&m_mod=0&menuId=PS03449&pageIndex=17,html/093_PS03449_p17.html,농촌진흥청 농업인안전365,N,N
39daacc9ba0b324c,홍보,농기계,고장없이 오래 사용하려면 농기계 보관에 신경쓰세요,자료실 게시물,,,2023-12-05,https://farmer.rda.go.kr/portal/menu1/board_viw.do?menuId=PS03449&m_id=3_19&m_mod=175&bbsId=6&nttSn=2&num=0&pageIndex=18,,6:2,https://farmer.rda.go.kr/portal/menu6/board_lst1.do?m_id=3_19&m_mod=0&menuId=PS03449&pageIndex=18,html/094_PS03449_p18.html,농촌진흥청 농업인안전365,N,N
0da19e0760486dd6,홍보,농기계,"(농민신문) 충북 증평농협, 농기계 안전 사고 예방 앞장서!",자료실 게시물,,,2023-10-30,https://farmer.rda.go.kr/portal/menu1/board_viw.do?menuId=PS03449&m_id=3_19&m_mod=178&bbsId=6&nttSn=119&num=0&pageIndex=18,,6:119,https://farmer.rda.go.kr/portal/menu6/board_lst1.do?m_id=3_19&m_mod=0&menuId=PS03449&pageIndex=18,html/094_PS03449_p18.html,농촌진흥청 농업인안전365,N,N
cc690bb5ceb9592e,홍보,농기계,NH농협손보 협력 농기계 사고감지 단말기 지원사업 기술지원,자료실 게시물,,,2023-10-30,https://farmer.rda.go.kr/portal/menu1/board_viw.do?menuId=PS03449&m_id=3_19&m_mod=179&bbsId=6&nttSn=498&num=0&pageIndex=18,,6:498,https://farmer.rda.go.kr/portal/menu6/board_lst1.do?m_id=3_19&m_mod=0&menuId=PS03449&pageIndex=18,html/094_PS03449_p18.html,농촌진흥청 농업인안전365,N,N
8391b10cd796610d,홍보,농기계,(KBS뉴스) '45도 기울면 자동 신고'...농기계 사고 알림 기기 확대,자료실 게시물,,,2023-09-18,https://farmer.rda.go.kr/portal/menu1/board_viw.do?menuId=PS03449&m_id=3_19&m_mod=185&bbsId=6&nttSn=122&num=0&pageIndex=19,,6:122,https://farmer.rda.go.kr/portal/menu6/board_lst1.do?m_id=3_19&m_mod=0&menuId=PS03449&pageIndex=19,html/095_PS03449_p19.html,농촌진흥청 농업인안전365,N,N
d75ebe406231f045,홍보,농기계,"추석 전 벌초, 벌쏘임·예초기사고 주의..최근 5년간 9월 벌쏘임 환자 14,703명 발생",자료실 게시물,,,2023-09-08,https://farmer.rda.go.kr/portal/menu1/board_viw.do?menuId=PS03449&m_id=3_19&m_mod=186&bbsId=6&nttSn=41&num=0&pageIndex=19,,6:41,https://farmer.rda.go.kr/portal/menu6/board_lst1.do?m_id=3_19&m_mod=0&menuId=PS03449&pageIndex=19,html/095_PS03449_p19.html,농촌진흥청 농업인안전365,N,N
78848c85d1403b74,홍보,농기계,(뉴스1) 예초기 사고 3년간 219건…벌초 시기 앞두고 '안전주의보' 발령,자료실 게시물,,,2023-09-06,https://farmer.rda.go.kr/portal/menu1/board_viw.do?menuId=PS03449&m_id=3_19&m_mod=187&bbsId=6&nttSn=123&num=0&pageIndex=19,,6:123,https://farmer.rda.go.kr/portal/menu6/board_lst1.do?m_id=3_19&m_mod=0&menuId=PS03449&pageIndex=19,html/095_PS03449_p19.html,농촌진흥청 농업인안전365,N,N
7d1098f8cfefcd92,홍보,농기계,NH농협손보 협력 농기계 사고감지 단말기 지원사업 기술지원,자료실 게시물,,,2023-09-04,https://farmer.rda.go.kr/portal/menu1/board_viw.do?menuId=PS03449&m_id=3_19&m_mod=191&bbsId=6&nttSn=501&num=0&pageIndex=20,,6:501,https://farmer.rda.go.kr/portal/menu6/board_lst1.do?m_id=3_19&m_mod=0&menuId=PS03449&pageIndex=20,html/096_PS03449_p20.html,농촌진흥청 농업인안전365,N,N
67cd0bd793d5b911,홍보,농기계,"(더 코리아) 고흥군, IoT 활용 농기계 교통안전망 구축",자료실 게시물,,,2023-07-17,https://farmer.rda.go.kr/portal/menu1/board_viw.do?menuId=PS03449&m_id=3_19&m_mod=201&bbsId=6&nttSn=129&num=0&pageIndex=21,,6:129,https://farmer.rda.go.kr/portal/menu6/board_lst1.do?m_id=3_19&m_mod=0&menuId=PS03449&pageIndex=21,html/097_PS03449_p21.html,농촌진흥청 농업인안전365,N,N
c9ce4375f29fd870,홍보,농기계,(MBN) 농로 지나가던 트랙터 추락..제천서 20대 청년 농부 사망,자료실 게시물,,,2023-07-12,https://farmer.rda.go.kr/portal/menu1/board_viw.do?menuId=PS03449&m_id=3_19&m_mod=204&bbsId=6&nttSn=131&num=0&pageIndex=21,,6:131,https://farmer.rda.go.kr/portal/menu6/board_lst1.do?m_id=3_19&m_mod=0&menuId=PS03449&pageIndex=21,html/097_PS03449_p21.html,농촌진흥청 농업인안전365,N,N
7cb9cff678e539ea,홍보,농기계,(News1) 경운기 타고 인근마을 향하던 노부부 참변,자료실 게시물,,,2023-07-07,https://farmer.rda.go.kr/portal/menu1/board_viw.do?menuId=PS03449&m_id=3_19&m_mod=207&bbsId=6&nttSn=132&num=0&pageIndex=21,,6:132,https://farmer.rda.go.kr/portal/menu6/board_lst1.do?m_id=3_19&m_mod=0&menuId=PS03449&pageIndex=21,html/097_PS03449_p21.html,농촌진흥청 농업인안전365,N,N
1b25325078d01b42,홍보,농기계,(한국농기계신문)[전문가 기고]농업인 위험요인 평가기술 개발,자료실 게시물,,,2023-07-07,https://farmer.rda.go.kr/portal/menu1/board_viw.do?menuId=PS03449&m_id=3_19&m_mod=208&bbsId=6&nttSn=43&num=0&pageIndex=21,,6:43,https://farmer.rda.go.kr/portal/menu6/board_lst1.do?m_id=3_19&m_mod=0&menuId=PS03449&pageIndex=21,html/097_PS03449_p21.html,농촌진흥청 농업인안전365,N,N
3302c75a5c53367e,홍보,농기계,농기계 관련 농업인 손상 현황 (농업기술 2016년 10월호 김경수),자료실 게시물,,,2019-03-06,https://farmer.rda.go.kr/portal/menu1/board_viw.do?menuId=PS03449&m_id=3_19&m_mod=692&bbsId=6&nttSn=487&num=0&pageIndex=70,,6:487,https://farmer.rda.go.kr/portal/menu6/board_lst1.do?m_id=3_19&m_mod=0&menuId=PS03449&pageIndex=70,html/098_PS03449_p70.html,농촌진흥청 농업인안전365,N,N
1bf50cd0b9ff409b,홍보,농기계,2019년 농기계사고 예방 캠페인 강사 워크숍,자료실 게시물,,,2019-03-06,https://farmer.rda.go.kr/portal/menu1/board_viw.do?menuId=PS03449&m_id=3_19&m_mod=701&bbsId=6&nttSn=569&num=0&pageIndex=71,,6:569,https://farmer.rda.go.kr/portal/menu6/board_lst1.do?m_id=3_19&m_mod=0&menuId=PS03449&pageIndex=71,html/099_PS03449_p71.html,농촌진흥청 농업인안전365,N,N
0a7bfca11fad4981,홍보,농기계,"NH농협손보, 2018 농기계 사고예방 캠페인 전개",자료실 게시물,,,2018-07-18,https://farmer.rda.go.kr/portal/menu1/board_viw.do?menuId=PS03449&m_id=3_19&m_mod=709&bbsId=6&nttSn=92&num=0&pageIndex=71,,6:92,https://farmer.rda.go.kr/portal/menu6/board_lst1.do?m_id=3_19&m_mod=0&menuId=PS03449&pageIndex=71,html/099_PS03449_p71.html,농촌진흥청 농업인안전365,N,N
fea26b1a82ee589c,홍보,농기계,"NH농협손보, 2017 농기계 사고예방 캠페인",자료실 게시물,,,2017-07-10,https://farmer.rda.go.kr/portal/menu1/board_viw.do?menuId=PS03449&m_id=3_19&m_mod=721&bbsId=6&nttSn=100&num=0&pageIndex=73,,6:100,https://farmer.rda.go.kr/portal/menu6/board_lst1.do?m_id=3_19&m_mod=0&menuId=PS03449&pageIndex=73,html/101_PS03449_p73.html,농촌진흥청 농업인안전365,N,N
cea779cdc57ee7e4,홍보,농기계,5월 농기계 사고 비상 치사율 높아(YTN이슈 인터뷰),자료실 게시물,,,2017-06-02,https://farmer.rda.go.kr/portal/menu1/board_viw.do?menuId=PS03449&m_id=3_19&m_mod=724&bbsId=6&nttSn=102&num=0&pageIndex=73,,6:102,https://farmer.rda.go.kr/portal/menu6/board_lst1.do?m_id=3_19&m_mod=0&menuId=PS03449&pageIndex=73,html/101_PS03449_p73.html,농촌진흥청 농업인안전365,N,N
94e88d87017d5927,홍보,농기계,"봄철 농기계 사고 비상, 일반 차사고 보다 더 크게 다쳐(MBC뉴스)",자료실 게시물,,,2017-06-02,https://farmer.rda.go.kr/portal/menu1/board_viw.do?menuId=PS03449&m_id=3_19&m_mod=725&bbsId=6&nttSn=103&num=0&pageIndex=73,,6:103,https://farmer.rda.go.kr/portal/menu6/board_lst1.do?m_id=3_19&m_mod=0&menuId=PS03449&pageIndex=73,html/101_PS03449_p73.html,농촌진흥청 농업인안전365,N,N
1948505f679e8e1b,홍보,농기계,농기계 관련 농업인 손상 현황,자료실 게시물,,,2016-11-08,https://farmer.rda.go.kr/portal/menu1/board_viw.do?menuId=PS03449&m_id=3_19&m_mod=731&bbsId=6&nttSn=104&num=0&pageIndex=74,,6:104,https://farmer.rda.go.kr/portal/menu6/board_lst1.do?m_id=3_19&m_mod=0&menuId=PS03449&pageIndex=74,html/102_PS03449_p74.html,농촌진흥청 농업인안전365,N,N
1407d80aa3b2fae9,홍보,농기계,"농진청 ""집중호우 잦은 여름 농기계 침수 대비하세요""",자료실 게시물,,,2023-06-05,https://farmer.rda.go.kr/portal/menu1/board_viw.do?menuId=PS03449&m_id=3_19&m_mod=211&bbsId=6&nttSn=45&num=0&pageIndex=22,,6:45,https://farmer.rda.go.kr/portal/menu6/board_lst1.do?m_id=3_19&m_mod=0&menuId=PS03449&pageIndex=22,html/107_PS03449_p22.html,농촌진흥청 농업인안전365,N,N
e70837b81722da1d,홍보,농기계,집중호우 잦은 여름 농기계 침수 대비해야,자료실 게시물,,,2023-06-05,https://farmer.rda.go.kr/portal/menu1/board_viw.do?menuId=PS03449&m_id=3_19&m_mod=212&bbsId=6&nttSn=4&num=0&pageIndex=22,,6:4,https://farmer.rda.go.kr/portal/menu6/board_lst1.do?m_id=3_19&m_mod=0&menuId=PS03449&pageIndex=22,html/107_PS03449_p22.html,농촌진흥청 농업인안전365,N,N
8b4b3e1b97a8ac1b,홍보,농기계,"(농민신문) NH농협손해보험, 농진청과 전남 나주 마한농협서 농기계사고 예방 캠페인",자료실 게시물,,,2023-05-10,https://farmer.rda.go.kr/portal/menu1/board_viw.do?menuId=PS03449&m_id=3_19&m_mod=215&bbsId=6&nttSn=133&num=0&pageIndex=22,,6:133,https://farmer.rda.go.kr/portal/menu6/board_lst1.do?m_id=3_19&m_mod=0&menuId=PS03449&pageIndex=22,html/107_PS03449_p22.html,농촌진흥청 농업인안전365,N,N
24b8077b418fffaf,홍보,농기계,농촌진흥청-농협손해보험 협력 ‘농기계 사고예방 캠페인’,자료실 게시물,,,2023-05-10,https://farmer.rda.go.kr/portal/menu1/board_viw.do?menuId=PS03449&m_id=3_19&m_mod=216&bbsId=6&nttSn=505&num=0&pageIndex=22,,6:505,https://farmer.rda.go.kr/portal/menu6/board_lst1.do?m_id=3_19&m_mod=0&menuId=PS03449&pageIndex=22,html/107_PS03449_p22.html,농촌진흥청 농업인안전365,N,N
02da348a33836ae2,홍보,농기계,"(23년 04월) 한국소비자원, 농기계 체인·벨트에 신체가 끼이는 등의 안전사고 발생",자료실 게시물,,,2023-05-02,https://farmer.rda.go.kr/portal/menu1/board_viw.do?menuId=PS03449&m_id=3_19&m_mod=217&bbsId=6&nttSn=46&num=0&pageIndex=22,,6:46,https://farmer.rda.go.kr/portal/menu6/board_lst1.do?m_id=3_19&m_mod=0&menuId=PS03449&pageIndex=22,html/107_PS03449_p22.html,농촌진흥청 농업인안전365,N,N
63f079854e72738b,홍보,농기계,농기계 체인·벨트에 신체가 끼이는 등의 안전사고 발생해,자료실 게시물,,,2023-05-02,https://farmer.rda.go.kr/portal/menu1/board_viw.do?menuId=PS03449&m_id=3_19&m_mod=218&bbsId=6&nttSn=5&num=0&pageIndex=22,,6:5,https://farmer.rda.go.kr/portal/menu6/board_lst1.do?m_id=3_19&m_mod=0&menuId=PS03449&pageIndex=22,html/107_PS03449_p22.html,농촌진흥청 농업인안전365,N,N
e326231e75cf3a9f,홍보,농기계,『상주농업기계박람회』 안전·편이 장비 전시 참여,자료실 게시물,,,2023-04-26,https://farmer.rda.go.kr/portal/menu1/board_viw.do?menuId=PS03449&m_id=3_19&m_mod=220&bbsId=6&nttSn=506&num=0&pageIndex=22,,6:506,https://farmer.rda.go.kr/portal/menu6/board_lst1.do?m_id=3_19&m_mod=0&menuId=PS03449&pageIndex=22,html/107_PS03449_p22.html,농촌진흥청 농업인안전365,N,N
1d10627757080cad,홍보,농기계,"(23년 03월) '농촌진흥청, IoT 농기계 교통안전시스템 보급' 보도",자료실 게시물,,,2023-04-03,https://farmer.rda.go.kr/portal/menu1/board_viw.do?menuId=PS03449&m_id=3_19&m_mod=225&bbsId=6&nttSn=47&num=0&pageIndex=23,,6:47,https://farmer.rda.go.kr/portal/menu6/board_lst1.do?m_id=3_19&m_mod=0&menuId=PS03449&pageIndex=23,html/108_PS03449_p23.html,농촌진흥청 농업인안전365,N,N
0001291aa6ab897f,홍보,농기계,"곡성군, 농업기계 종합보험 가입비 80% 지원",자료실 게시물,,,2023-02-21,https://farmer.rda.go.kr/portal/menu1/board_viw.do?menuId=PS03449&m_id=3_19&m_mod=241&bbsId=6&nttSn=50&num=0&pageIndex=25,,6:50,https://farmer.rda.go.kr/portal/menu6/board_lst1.do?m_id=3_19&m_mod=0&menuId=PS03449&pageIndex=25,html/110_PS03449_p25.html,농촌진흥청 농업인안전365,N,N
dd6d00b3befb440e,홍보,농기계,(프레시안) 도서·소외지역 농업기계 안전교육·정비 수리 지원 순회,자료실 게시물,,,2023-02-14,https://farmer.rda.go.kr/portal/menu1/board_viw.do?menuId=PS03449&m_id=3_19&m_mod=242&bbsId=6&nttSn=141&num=0&pageIndex=25,,6:141,https://farmer.rda.go.kr/portal/menu6/board_lst1.do?m_id=3_19&m_mod=0&menuId=PS03449&pageIndex=25,html/110_PS03449_p25.html,농촌진흥청 농업인안전365,N,N
36cf683ac9d12ac6,홍보,농기계,"농촌진흥청, 이달의신간(농업기계 사고 현황)",자료실 게시물,,,2022-12-27,https://farmer.rda.go.kr/portal/menu1/board_viw.do?menuId=PS03449&m_id=3_19&m_mod=258&bbsId=6&nttSn=11&num=0&pageIndex=26,,6:11,https://farmer.rda.go.kr/portal/menu6/board_lst1.do?m_id=3_19&m_mod=0&menuId=PS03449&pageIndex=26,html/111_PS03449_p26.html,농촌진흥청 농업인안전365,N,N
198161ec5f953820,홍보,농기계,"(이투데이) NH농협손보, 농기계 사고예방 캠페인 전개",자료실 게시물,,,2022-11-24,https://farmer.rda.go.kr/portal/menu1/board_viw.do?menuId=PS03449&m_id=3_19&m_mod=266&bbsId=6&nttSn=150&num=0&pageIndex=27,,6:150,https://farmer.rda.go.kr/portal/menu6/board_lst1.do?m_id=3_19&m_mod=0&menuId=PS03449&pageIndex=27,html/112_PS03449_p27.html,농촌진흥청 농업인안전365,N,N
7ad1d293ecf8d346,홍보,농기계,(농민신문) 농기계 안전사고 ‘빨간불’,자료실 게시물,,,2022-11-18,https://farmer.rda.go.kr/portal/menu1/board_viw.do?menuId=PS03449&m_id=3_19&m_mod=272&bbsId=6&nttSn=153&num=0&pageIndex=28,,6:153,https://farmer.rda.go.kr/portal/menu6/board_lst1.do?m_id=3_19&m_mod=0&menuId=PS03449&pageIndex=28,html/113_PS03449_p28.html,농촌진흥청 농업인안전365,N,N
88937af987966e3c,홍보,농기계,"본격적인 농번기, 농기계 사고에 주의하세요",자료실 게시물,,,2022-11-18,https://farmer.rda.go.kr/portal/menu1/board_viw.do?menuId=PS03449&m_id=3_19&m_mod=281&bbsId=6&nttSn=21&num=0&pageIndex=29,,6:21,https://farmer.rda.go.kr/portal/menu6/board_lst1.do?m_id=3_19&m_mod=0&menuId=PS03449&pageIndex=29,html/114_PS03449_p29.html,농촌진흥청 농업인안전365,N,N
a0a5e0fef703b8eb,홍보,농기계,"농촌진흥청 IoT 기반 농기계 교통안전, 사고감지 알람 시스템 개발",자료실 게시물,,,2022-11-01,https://farmer.rda.go.kr/portal/menu1/board_viw.do?menuId=PS03449&m_id=3_19&m_mod=290&bbsId=6&nttSn=25&num=0&pageIndex=29,,6:25,https://farmer.rda.go.kr/portal/menu6/board_lst1.do?m_id=3_19&m_mod=0&menuId=PS03449&pageIndex=29,html/114_PS03449_p29.html,농촌진흥청 농업인안전365,N,N
160ce3d1fe7ade1c,홍보,농기계,"농기계사고, 경운기가 50%, 60세 이상 67% 발생!",자료실 게시물,,,2022-10-24,https://farmer.rda.go.kr/portal/menu1/board_viw.do?menuId=PS03449&m_id=3_19&m_mod=310&bbsId=6&nttSn=38&num=0&pageIndex=31,,6:38,https://farmer.rda.go.kr/portal/menu6/board_lst1.do?m_id=3_19&m_mod=0&menuId=PS03449&pageIndex=31,html/116_PS03449_p31.html,농촌진흥청 농업인안전365,N,N
a3eee9b067c9e9e9,홍보,농기계,(경인매일) 인천시 사물인터넷 활용 농기계교통사고 예방,자료실 게시물,,,2021-01-22,https://farmer.rda.go.kr/portal/menu1/board_viw.do?menuId=PS03449&m_id=3_19&m_mod=594&bbsId=6&nttSn=271&num=0&pageIndex=60,,6:271,https://farmer.rda.go.kr/portal/menu6/board_lst1.do?m_id=3_19&m_mod=0&menuId=PS03449&pageIndex=60,html/117_PS03449_p60.html,농촌진흥청 농업인안전365,N,N
f168964e260d296a,홍보,농기계,"전남 장성군, ICT 농기계 교통안전 및 사고감지 알람시스템 현장평가회",자료실 게시물,,,2020-07-03,https://farmer.rda.go.kr/portal/menu1/board_viw.do?menuId=PS03449&m_id=3_19&m_mod=611&bbsId=6&nttSn=548&num=0&pageIndex=62,,6:548,https://farmer.rda.go.kr/portal/menu6/board_lst1.do?m_id=3_19&m_mod=0&menuId=PS03449&pageIndex=62,html/119_PS03449_p62.html,농촌진흥청 농업인안전365,N,N
6dbad02dae8f78f3,홍보,농기계,농기계 안전사고 예방을 위한 사고유형 및 예방법 (농업기술 2020년 4월호 김경수),자료실 게시물,,,2020-03-26,https://farmer.rda.go.kr/portal/menu1/board_viw.do?menuId=PS03449&m_id=3_19&m_mod=622&bbsId=6&nttSn=439&num=0&pageIndex=63,,6:439,https://farmer.rda.go.kr/portal/menu6/board_lst1.do?m_id=3_19&m_mod=0&menuId=PS03449&pageIndex=63,html/120_PS03449_p63.html,농촌진흥청 농업인안전365,N,N
6b588512db44a9d3,홍보,농기계,농기계 사고를 예방하기 위한 안전수칙과 안전 반사판 부착 방법 (농업기술 2019년 4월호 김경수),자료실 게시물,,,2019-10-28,https://farmer.rda.go.kr/portal/menu1/board_viw.do?menuId=PS03449&m_id=3_19&m_mod=639&bbsId=6&nttSn=452&num=0&pageIndex=64,,6:452,https://farmer.rda.go.kr/portal/menu6/board_lst1.do?m_id=3_19&m_mod=0&menuId=PS03449&pageIndex=64,html/121_PS03449_p64.html,농촌진흥청 농업인안전365,N,N
296633366236f6be,홍보,농기계,"경남농기원, '농작업재해 교육과 농기계 사고 예방 캠페인’ 실시",자료실 게시물,,,2019-06-10,https://farmer.rda.go.kr/portal/menu1/board_viw.do?menuId=PS03449&m_id=3_19&m_mod=650&bbsId=6&nttSn=85&num=0&pageIndex=65,,6:85,https://farmer.rda.go.kr/portal/menu6/board_lst1.do?m_id=3_19&m_mod=0&menuId=PS03449&pageIndex=65,html/122_PS03449_p65.html,농촌진흥청 농업인안전365,N,N
fb2f73f09baf1d6d,홍보,농기계,"5~6월 집중하는 농기계 사고 줄이기 적극 나서농촌진흥청, 농기계 사고예방 캠페인 및 농작업사고 안전교육 실시",자료실 게시물,,,2019-06-10,https://farmer.rda.go.kr/portal/menu1/board_viw.do?menuId=PS03449&m_id=3_19&m_mod=651&bbsId=6&nttSn=86&num=0&pageIndex=66,,6:86,https://farmer.rda.go.kr/portal/menu6/board_lst1.do?m_id=3_19&m_mod=0&menuId=PS03449&pageIndex=66,html/123_PS03449_p66.html,농촌진흥청 농업인안전365,N,N
96cd961e11e54a25,홍보,농기계,19년도 농작업 재해예방 및 농기계안전교육 캠페인,자료실 게시물,,,2019-06-10,https://farmer.rda.go.kr/portal/menu1/board_viw.do?menuId=PS03449&m_id=3_19&m_mod=652&bbsId=6&nttSn=562&num=0&pageIndex=66,,6:562,https://farmer.rda.go.kr/portal/menu6/board_lst1.do?m_id=3_19&m_mod=0&menuId=PS03449&pageIndex=66,html/123_PS03449_p66.html,농촌진흥청 농업인안전365,N,N
08bb651c09b77741,홍보,농기계,농업유관기관 농기계 사고예방 캠페인,자료실 게시물,,,2019-03-29,https://farmer.rda.go.kr/portal/menu1/board_viw.do?menuId=PS03449&m_id=3_19&m_mod=658&bbsId=6&nttSn=88&num=0&pageIndex=66,,6:88,https://farmer.rda.go.kr/portal/menu6/board_lst1.do?m_id=3_19&m_mod=0&menuId=PS03449&pageIndex=66,html/123_PS03449_p66.html,농촌진흥청 농업인안전365,N,N
439d49d9d648aa8a,홍보,농기계,19년도 농작업 재해예방 및 농기계안전교육 캠페인,자료실 게시물,,,2019-03-28,https://farmer.rda.go.kr/portal/menu1/board_viw.do?menuId=PS03449&m_id=3_19&m_mod=659&bbsId=6&nttSn=567&num=0&pageIndex=66,,6:567,https://farmer.rda.go.kr/portal/menu6/board_lst1.do?m_id=3_19&m_mod=0&menuId=PS03449&pageIndex=66,html/123_PS03449_p66.html,농촌진흥청 농업인안전365,N,N
278d7337d4f51f76,홍보,농기계,농기계 끼임 사고 사례 및 예방법 (농업기술 2018년 3월호 김경수),자료실 게시물,,,2019-03-27,https://farmer.rda.go.kr/portal/menu1/board_viw.do?menuId=PS03449&m_id=3_19&m_mod=669&bbsId=6&nttSn=465&num=0&pageIndex=67,,6:465,https://farmer.rda.go.kr/portal/menu6/board_lst1.do?m_id=3_19&m_mod=0&menuId=PS03449&pageIndex=67,html/124_PS03449_p67.html,농촌진흥청 농업인안전365,N,N
8d08c1c87b8def92,홍보,농기계,고령농업인 농기계 운전사고 특히 주의 (월간농기계 2017년 10월호 김경수),자료실 게시물,,,2019-03-18,https://farmer.rda.go.kr/portal/menu1/board_viw.do?menuId=PS03449&m_id=3_19&m_mod=676&bbsId=6&nttSn=471&num=0&pageIndex=68,,6:471,https://farmer.rda.go.kr/portal/menu6/board_lst1.do?m_id=3_19&m_mod=0&menuId=PS03449&pageIndex=68,html/125_PS03449_p68.html,농촌진흥청 농업인안전365,N,N
082dd88548b036a7,홍보,농기계,농기계 사고 사례와 예방 (월간원예 2017년 9월호 김경수),자료실 게시물,,,2019-03-18,https://farmer.rda.go.kr/portal/menu1/board_viw.do?menuId=PS03449&m_id=3_19&m_mod=678&bbsId=6&nttSn=473&num=0&pageIndex=68,,6:473,https://farmer.rda.go.kr/portal/menu6/board_lst1.do?m_id=3_19&m_mod=0&menuId=PS03449&pageIndex=68,html/125_PS03449_p68.html,농촌진흥청 농업인안전365,N,N
da8363e17dab6174,홍보,농기계,농기계 사고 사례와 예방 (월간원예 2017년 6월호 김경수),자료실 게시물,,,2019-03-18,https://farmer.rda.go.kr/portal/menu1/board_viw.do?menuId=PS03449&m_id=3_19&m_mod=682&bbsId=6&nttSn=477&num=0&pageIndex=69,,6:477,https://farmer.rda.go.kr/portal/menu6/board_lst1.do?m_id=3_19&m_mod=0&menuId=PS03449&pageIndex=69,html/126_PS03449_p69.html,농촌진흥청 농업인안전365,N,N
ae08f75581fbb84f,홍보,농기계,농기계 안전 사용 지침 (농업기술 2017년 5월호 김경수),자료실 게시물,,,2019-03-18,https://farmer.rda.go.kr/portal/menu1/board_viw.do?menuId=PS03449&m_id=3_19&m_mod=683&bbsId=6&nttSn=478&num=0&pageIndex=69,,6:478,https://farmer.rda.go.kr/portal/menu6/board_lst1.do?m_id=3_19&m_mod=0&menuId=PS03449&pageIndex=69,html/126_PS03449_p69.html,농촌진흥청 농업인안전365,N,N
8d6266c7521f0b24,홍보,농기계,농촌진흥청-NH농협손해보험 협력 농기계사고예방 캠페인,자료실 게시물,,,2022-10-20,https://farmer.rda.go.kr/portal/menu1/board_viw.do?menuId=PS03449&m_id=3_19&m_mod=312&bbsId=6&nttSn=509&num=0&pageIndex=32,,6:509,https://farmer.rda.go.kr/portal/menu6/board_lst1.do?m_id=3_19&m_mod=0&menuId=PS03449&pageIndex=32,html/127_PS03449_p32.html,농촌진흥청 농업인안전365,N,N
1df6c9f74260449d,홍보,농기계,(한겨레신문) IOT 기반 농기계 교통안전 사고 감지 알람 시스템 개발,자료실 게시물,,,2022-09-28,https://farmer.rda.go.kr/portal/menu1/board_viw.do?menuId=PS03449&m_id=3_19&m_mod=322&bbsId=6&nttSn=155&num=0&pageIndex=33,,6:155,https://farmer.rda.go.kr/portal/menu6/board_lst1.do?m_id=3_19&m_mod=0&menuId=PS03449&pageIndex=33,html/128_PS03449_p33.html,농촌진흥청 농업인안전365,N,N
2efda4743bd51bce,홍보,농기계,가급적 경사면에서의 농기계 작업을 피하라(농촌여성신문_안전하고 건강한 영농가이드47),자료실 게시물,,,2022-09-15,https://farmer.rda.go.kr/portal/menu1/board_viw.do?menuId=PS03449&m_id=3_19&m_mod=327&bbsId=6&nttSn=331&num=0&pageIndex=33,,6:331,https://farmer.rda.go.kr/portal/menu6/board_lst1.do?m_id=3_19&m_mod=0&menuId=PS03449&pageIndex=33,html/128_PS03449_p33.html,농촌진흥청 농업인안전365,N,N
824e754c29eb3e7e,홍보,농기계,농기계 운전석의 안전과 편의성을 높여라(농촌여성신문_안전하고 건강한 영농가이드45),자료실 게시물,,,2022-08-31,https://farmer.rda.go.kr/portal/menu1/board_viw.do?menuId=PS03449&m_id=3_19&m_mod=336&bbsId=6&nttSn=335&num=0&pageIndex=34,,6:335,https://farmer.rda.go.kr/portal/menu6/board_lst1.do?m_id=3_19&m_mod=0&menuId=PS03449&pageIndex=34,html/129_PS03449_p34.html,농촌진흥청 농업인안전365,N,N
f20b25ab0a9917c1,홍보,농기계,농기계 이동 위한 안전경로를 확보하라(농촌여성신문_안전하고 건강한 영농가이드44),자료실 게시물,,,2022-08-31,https://farmer.rda.go.kr/portal/menu1/board_viw.do?menuId=PS03449&m_id=3_19&m_mod=337&bbsId=6&nttSn=336&num=0&pageIndex=34,,6:336,https://farmer.rda.go.kr/portal/menu6/board_lst1.do?m_id=3_19&m_mod=0&menuId=PS03449&pageIndex=34,html/129_PS03449_p34.html,농촌진흥청 농업인안전365,N,N
14781446e1aac17a,홍보,농기계,충분한 농기계 훈련과 사용지침 준수해야(농촌여성신문_안전하고 건강한 영농가이드43),자료실 게시물,,,2022-08-31,https://farmer.rda.go.kr/portal/menu1/board_viw.do?menuId=PS03449&m_id=3_19&m_mod=338&bbsId=6&nttSn=337&num=0&pageIndex=34,,6:337,https://farmer.rda.go.kr/portal/menu6/board_lst1.do?m_id=3_19&m_mod=0&menuId=PS03449&pageIndex=34,html/129_PS03449_p34.html,농촌진흥청 농업인안전365,N,N
79ca68792f46abcd,홍보,농기계,안전하게 설계된 농기계를 구입하라(농촌여성신문_안전하고 건강한 영농가이드41),자료실 게시물,,,2022-08-26,https://farmer.rda.go.kr/portal/menu1/board_viw.do?menuId=PS03449&m_id=3_19&m_mod=343&bbsId=6&nttSn=339&num=0&pageIndex=35,,6:339,https://farmer.rda.go.kr/portal/menu6/board_lst1.do?m_id=3_19&m_mod=0&menuId=PS03449&pageIndex=35,html/130_PS03449_p35.html,농촌진흥청 농업인안전365,N,N
c434fc3416960284,홍보,농기계,"전기설비, 전동농기계 안전절차 준수하라(농촌여성신문_안전하고 건강한 영농가이드35)",자료실 게시물,,,2022-08-11,https://farmer.rda.go.kr/portal/menu1/board_viw.do?menuId=PS03449&m_id=3_19&m_mod=352&bbsId=6&nttSn=345&num=0&pageIndex=36,,6:345,https://farmer.rda.go.kr/portal/menu6/board_lst1.do?m_id=3_19&m_mod=0&menuId=PS03449&pageIndex=36,html/131_PS03449_p36.html,농촌진흥청 농업인안전365,N,N
187b7f1990431b55,홍보,농기계,농기계는 안정된 장소에 있어야 안전하고 생산성이 높다(농촌여성신문_안전하고 건강한 영농가이드32),자료실 게시물,,,2022-08-04,https://farmer.rda.go.kr/portal/menu1/board_viw.do?menuId=PS03449&m_id=3_19&m_mod=358&bbsId=6&nttSn=349&num=0&pageIndex=36,,6:349,https://farmer.rda.go.kr/portal/menu6/board_lst1.do?m_id=3_19&m_mod=0&menuId=PS03449&pageIndex=36,html/131_PS03449_p36.html,농촌진흥청 농업인안전365,N,N
00ff88c619de20e3,홍보,농기계,농기계 사고 3건 중 1건 경운기…고령 남성 농업인 낙상사고 많아,자료실 게시물,,,2022-05-24,https://farmer.rda.go.kr/portal/menu1/board_viw.do?menuId=PS03449&m_id=3_19&m_mod=378&bbsId=6&nttSn=58&num=0&pageIndex=38,,6:58,https://farmer.rda.go.kr/portal/menu6/board_lst1.do?m_id=3_19&m_mod=0&menuId=PS03449&pageIndex=38,html/133_PS03449_p38.html,농촌진흥청 농업인안전365,N,N
c32adf57067f1f09,홍보,농기계,농기계 안전사고 예방 캠페인 (2) 농업인 안전 수칙,자료실 게시물,,,2022-05-06,https://farmer.rda.go.kr/portal/menu1/board_viw.do?menuId=PS03449&m_id=3_19&m_mod=388&bbsId=6&nttSn=60&num=0&pageIndex=39,,6:60,https://farmer.rda.go.kr/portal/menu6/board_lst1.do?m_id=3_19&m_mod=0&menuId=PS03449&pageIndex=39,html/134_PS03449_p39.html,농촌진흥청 농업인안전365,N,N
a619e0a50d9337f7,홍보,농기계,농기계 안전사고 예방 캠페인 (1) 농기계 안전 수칙,자료실 게시물,,,2022-04-26,https://farmer.rda.go.kr/portal/menu1/board_viw.do?menuId=PS03449&m_id=3_19&m_mod=393&bbsId=6&nttSn=61&num=0&pageIndex=40,,6:61,https://farmer.rda.go.kr/portal/menu6/board_lst1.do?m_id=3_19&m_mod=0&menuId=PS03449&pageIndex=40,html/135_PS03449_p40.html,농촌진흥청 농업인안전365,N,N
cc3c6f7db490f03a,홍보,농기계,(농민신문) 봄철 농기계 안전사고 급증…“사전점검·감속 운행 필수”,자료실 게시물,,,2022-04-20,https://farmer.rda.go.kr/portal/menu1/board_viw.do?menuId=PS03449&m_id=3_19&m_mod=394&bbsId=6&nttSn=183&num=0&pageIndex=40,,6:183,https://farmer.rda.go.kr/portal/menu6/board_lst1.do?m_id=3_19&m_mod=0&menuId=PS03449&pageIndex=40,html/135_PS03449_p40.html,농촌진흥청 농업인안전365,N,N
4ff869653c3ba7b5,홍보,농기계,"(농민신문) 본격적인 영농철, 농기계 사고 주의하세요",자료실 게시물,,,2022-04-15,https://farmer.rda.go.kr/portal/menu1/board_viw.do?menuId=PS03449&m_id=3_19&m_mod=396&bbsId=6&nttSn=184&num=0&pageIndex=40,,6:184,https://farmer.rda.go.kr/portal/menu6/board_lst1.do?m_id=3_19&m_mod=0&menuId=PS03449&pageIndex=40,html/135_PS03449_p40.html,농촌진흥청 농업인안전365,N,N
73670e48407e28cf,홍보,농기계,"농촌진흥청, 봄철 영농기 농기계 안전사고 주의!",자료실 게시물,,,2022-04-14,https://farmer.rda.go.kr/portal/menu1/board_viw.do?menuId=PS03449&m_id=3_19&m_mod=397&bbsId=6&nttSn=62&num=0&pageIndex=40,,6:62,https://farmer.rda.go.kr/portal/menu6/board_lst1.do?m_id=3_19&m_mod=0&menuId=PS03449&pageIndex=40,html/135_PS03449_p40.html,농촌진흥청 농업인안전365,N,N
175e715437760f40,홍보,농기계,"(연합뉴스) 4~5월 농기계 사고 290건…""간편한 복장·감속 운행 중요""",자료실 게시물,,,2022-04-14,https://farmer.rda.go.kr/portal/menu1/board_viw.do?menuId=PS03449&m_id=3_19&m_mod=398&bbsId=6&nttSn=185&num=0&pageIndex=40,,6:185,https://farmer.rda.go.kr/portal/menu6/board_lst1.do?m_id=3_19&m_mod=0&menuId=PS03449&pageIndex=40,html/135_PS03449_p40.html,농촌진흥청 농업인안전365,N,N
1ef0d4c4bc43b249,홍보,농기계,"(NEWSIS) 전북소방, 영농철 맞아 농기계 안전사고 '주의보'…3년간 1376건",자료실 게시물,,,2022-04-06,https://farmer.rda.go.kr/portal/menu1/board_viw.do?menuId=PS03449&m_id=3_19&m_mod=400&bbsId=6&nttSn=187&num=0&pageIndex=40,,6:187,https://farmer.rda.go.kr/portal/menu6/board_lst1.do?m_id=3_19&m_mod=0&menuId=PS03449&pageIndex=40,html/135_PS03449_p40.html,농촌진흥청 농업인안전365,N,N
7a58314f7a835451,홍보,농기계,"(서울경제) NH농협손보, 농기계 사고예방 캠페인 전개",자료실 게시물,,,2022-04-06,https://farmer.rda.go.kr/portal/menu1/board_viw.do?menuId=PS03449&m_id=3_19&m_mod=401&bbsId=6&nttSn=188&num=0&pageIndex=41,,6:188,https://farmer.rda.go.kr/portal/menu6/board_lst1.do?m_id=3_19&m_mod=0&menuId=PS03449&pageIndex=41,html/136_PS03449_p41.html,농촌진흥청 농업인안전365,N,N
e400eeca5c1a94a5,홍보,농기계,(연합뉴스) 최근 3년간 농기계 사고 2천418건…102명 숨져,자료실 게시물,,,2022-04-06,https://farmer.rda.go.kr/portal/menu1/board_viw.do?menuId=PS03449&m_id=3_19&m_mod=402&bbsId=6&nttSn=189&num=0&pageIndex=41,,6:189,https://farmer.rda.go.kr/portal/menu6/board_lst1.do?m_id=3_19&m_mod=0&menuId=PS03449&pageIndex=41,html/136_PS03449_p41.html,농촌진흥청 농업인안전365,N,N
ea930e34dcf925f7,홍보,농기계,농기계 교통사고 ‘스마트하게’ 예방합니다,자료실 게시물,,,2022-02-25,https://farmer.rda.go.kr/portal/menu1/board_viw.do?menuId=PS03449&m_id=3_19&m_mod=406&bbsId=6&nttSn=63&num=0&pageIndex=41,,6:63,https://farmer.rda.go.kr/portal/menu6/board_lst1.do?m_id=3_19&m_mod=0&menuId=PS03449&pageIndex=41,html/136_PS03449_p41.html,농촌진흥청 농업인안전365,N,N
4ddcba1153999b3a,홍보,농기계,(농민신문) 농기계 교통사고 ‘스마트하게’ 예방합니다,자료실 게시물,,,2022-02-25,https://farmer.rda.go.kr/portal/menu1/board_viw.do?menuId=PS03449&m_id=3_19&m_mod=407&bbsId=6&nttSn=191&num=0&pageIndex=41,,6:191,https://farmer.rda.go.kr/portal/menu6/board_lst1.do?m_id=3_19&m_mod=0&menuId=PS03449&pageIndex=41,html/136_PS03449_p41.html,농촌진흥청 농업인안전365,N,N
c01698b56393f644,홍보,농기계,(내일신문) 농기계 사고 예방 안전지킴이 발족,자료실 게시물,,,2021-07-14,https://farmer.rda.go.kr/portal/menu1/board_viw.do?menuId=PS03449&m_id=3_19&m_mod=504&bbsId=6&nttSn=235&num=0&pageIndex=51,,6:235,https://farmer.rda.go.kr/portal/menu6/board_lst1.do?m_id=3_19&m_mod=0&menuId=PS03449&pageIndex=51,html/138_PS03449_p51.html,농촌진흥청 농업인안전365,N,N
a149af7ad0d908f1,홍보,농기계,NBS 한국농업방송 '농기계 안전사고 예방법' 출연,자료실 게시물,,,2021-05-12,https://farmer.rda.go.kr/portal/menu1/board_viw.do?menuId=PS03449&m_id=3_19&m_mod=553&bbsId=6&nttSn=539&num=0&pageIndex=56,,6:539,https://farmer.rda.go.kr/portal/menu6/board_lst1.do?m_id=3_19&m_mod=0&menuId=PS03449&pageIndex=56,html/143_PS03449_p56.html,농촌진흥청 농업인안전365,N,N
2eb774895442b3b7,홍보,농기계,농기계 교통안전 및 사고감지 시스템 현장기술지원,자료실 게시물,,,2021-04-13,https://farmer.rda.go.kr/portal/menu1/board_viw.do?menuId=PS03449&m_id=3_19&m_mod=561&bbsId=6&nttSn=542&num=0&pageIndex=57,,6:542,https://farmer.rda.go.kr/portal/menu6/board_lst1.do?m_id=3_19&m_mod=0&menuId=PS03449&pageIndex=57,html/144_PS03449_p57.html,농촌진흥청 농업인안전365,N,N
f7c5c00d4d611ac0,홍보,농기계,(연합뉴스) 충남소방본부 '3~5월 농기계 사고 집중...안전 사용하세요',자료실 게시물,,,2021-03-29,https://farmer.rda.go.kr/portal/menu1/board_viw.do?menuId=PS03449&m_id=3_19&m_mod=566&bbsId=6&nttSn=258&num=0&pageIndex=57,,6:258,https://farmer.rda.go.kr/portal/menu6/board_lst1.do?m_id=3_19&m_mod=0&menuId=PS03449&pageIndex=57,html/144_PS03449_p57.html,농촌진흥청 농업인안전365,N,N
09cd1b04cd055659,홍보,농기계,"행안부 ""농기계 사고 조심해야""...'60세 이상' 67% 발생",자료실 게시물,,,2021-03-19,https://farmer.rda.go.kr/portal/menu1/board_viw.do?menuId=PS03449&m_id=3_19&m_mod=576&bbsId=6&nttSn=82&num=0&pageIndex=58,,6:82,https://farmer.rda.go.kr/portal/menu6/board_lst1.do?m_id=3_19&m_mod=0&menuId=PS03449&pageIndex=58,html/145_PS03449_p58.html,농촌진흥청 농업인안전365,N,N
ba01585f118c21e0,홍보,농기계,"(메트로신문) 곡성군, 농업기계 안전사고 예방 캠페인 추진",자료실 게시물,,,2021-02-16,https://farmer.rda.go.kr/portal/menu1/board_viw.do?menuId=PS03449&m_id=3_19&m_mod=585&bbsId=6&nttSn=267&num=0&pageIndex=59,,6:267,https://farmer.rda.go.kr/portal/menu6/board_lst1.do?m_id=3_19&m_mod=0&menuId=PS03449&pageIndex=59,html/146_PS03449_p59.html,농촌진흥청 농업인안전365,N,N
ba57adda686d014c,홍보,농기계,(한국농어민신문) ‘국산 농기계’ 사용농가 만족도 높다,자료실 게시물,,,2022-01-17,https://farmer.rda.go.kr/portal/menu1/board_viw.do?menuId=PS03449&m_id=3_19&m_mod=414&bbsId=6&nttSn=195&num=0&pageIndex=42,,6:195,https://farmer.rda.go.kr/portal/menu6/board_lst1.do?m_id=3_19&m_mod=0&menuId=PS03449&pageIndex=42,html/147_PS03449_p42.html,농촌진흥청 농업인안전365,N,N
45440a8e330b86f0,홍보,농기계,안전하고 건강한 농작업 농기계 안전사고 현황 및 예방 (농업기술 2021년 4월호 김경수),자료실 게시물,,,2021-11-03,https://farmer.rda.go.kr/portal/menu1/board_viw.do?menuId=PS03449&m_id=3_19&m_mod=435&bbsId=6&nttSn=372&num=0&pageIndex=44,,6:372,https://farmer.rda.go.kr/portal/menu6/board_lst1.do?m_id=3_19&m_mod=0&menuId=PS03449&pageIndex=44,html/149_PS03449_p44.html,농촌진흥청 농업인안전365,N,N
b2c3c11105fac44e,홍보,농기계,KBS 6시 내고향 '안농하세요. 수확 철! 농기계 안전사용법' 출연,자료실 게시물,,,2021-10-29,https://farmer.rda.go.kr/portal/menu1/board_viw.do?menuId=PS03449&m_id=3_19&m_mod=440&bbsId=6&nttSn=523&num=0&pageIndex=44,,6:523,https://farmer.rda.go.kr/portal/menu6/board_lst1.do?m_id=3_19&m_mod=0&menuId=PS03449&pageIndex=44,html/149_PS03449_p44.html,농촌진흥청 농업인안전365,N,N
dd630f9b485551ff,홍보,농기계,(KBS NEWS) 농촌진흥청 ‘농기계 안전 시스템’ 제천 등 5곳 보급,자료실 게시물,,,2021-10-07,https://farmer.rda.go.kr/portal/menu1/board_viw.do?menuId=PS03449&m_id=3_19&m_mod=451&bbsId=6&nttSn=204&num=0&pageIndex=46,,6:204,https://farmer.rda.go.kr/portal/menu6/board_lst1.do?m_id=3_19&m_mod=0&menuId=PS03449&pageIndex=46,html/151_PS03449_p46.html,농촌진흥청 농업인안전365,N,N
8e3c4f07b3805286,홍보,농기계,(한국농어민신문) 농기계 교통사고 바로 알려준다...ICT 활용 알람시스템 보급,자료실 게시물,,,2021-10-07,https://farmer.rda.go.kr/portal/menu1/board_viw.do?menuId=PS03449&m_id=3_19&m_mod=452&bbsId=6&nttSn=205&num=0&pageIndex=46,,6:205,https://farmer.rda.go.kr/portal/menu6/board_lst1.do?m_id=3_19&m_mod=0&menuId=PS03449&pageIndex=46,html/151_PS03449_p46.html,농촌진흥청 농업인안전365,N,N
8459c94b4b6e19d6,홍보,농기계,(전북중앙) 농기계 교통안전사고 IoT 기술로 막는다,자료실 게시물,,,2021-10-07,https://farmer.rda.go.kr/portal/menu1/board_viw.do?menuId=PS03449&m_id=3_19&m_mod=453&bbsId=6&nttSn=206&num=0&pageIndex=46,,6:206,https://farmer.rda.go.kr/portal/menu6/board_lst1.do?m_id=3_19&m_mod=0&menuId=PS03449&pageIndex=46,html/151_PS03449_p46.html,농촌진흥청 농업인안전365,N,N
77e1f0db2e04da8f,홍보,농기계,(YTN) 농기계에도 스마트 기술 접목...교통사고 줄인다.,자료실 게시물,,,2021-10-07,https://farmer.rda.go.kr/portal/menu1/board_viw.do?menuId=PS03449&m_id=3_19&m_mod=454&bbsId=6&nttSn=207&num=0&pageIndex=46,,6:207,https://farmer.rda.go.kr/portal/menu6/board_lst1.do?m_id=3_19&m_mod=0&menuId=PS03449&pageIndex=46,html/151_PS03449_p46.html,농촌진흥청 농업인안전365,N,N
052d058595016dd6,홍보,농기계,(목포 MBC) 농기계에도 스마트 기술 접목..사고 줄인다(R),자료실 게시물,,,2021-09-30,https://farmer.rda.go.kr/portal/menu1/board_viw.do?menuId=PS03449&m_id=3_19&m_mod=456&bbsId=6&nttSn=64&num=0&pageIndex=46,,6:64,https://farmer.rda.go.kr/portal/menu6/board_lst1.do?m_id=3_19&m_mod=0&menuId=PS03449&pageIndex=46,html/151_PS03449_p46.html,농촌진흥청 농업인안전365,N,N
ab66cb62af5891b4,홍보,농기계,(MBC뉴스) 무선 스마트 기술로..트랙터·경운기 사고 줄인다.,자료실 게시물,,,2021-09-30,https://farmer.rda.go.kr/portal/menu1/board_viw.do?menuId=PS03449&m_id=3_19&m_mod=457&bbsId=6&nttSn=208&num=0&pageIndex=46,,6:208,https://farmer.rda.go.kr/portal/menu6/board_lst1.do?m_id=3_19&m_mod=0&menuId=PS03449&pageIndex=46,html/151_PS03449_p46.html,농촌진흥청 농업인안전365,N,N
fd1b285c21c1c868,홍보,농기계,"(시사매거진) 농진청, 사물인터넷 기반 농기계 교통안전‧사고감지 알람 시스템 개발",자료실 게시물,,,2021-09-30,https://farmer.rda.go.kr/portal/menu1/board_viw.do?menuId=PS03449&m_id=3_19&m_mod=458&bbsId=6&nttSn=209&num=0&pageIndex=46,,6:209,https://farmer.rda.go.kr/portal/menu6/board_lst1.do?m_id=3_19&m_mod=0&menuId=PS03449&pageIndex=46,html/151_PS03449_p46.html,농촌진흥청 농업인안전365,N,N
1386a63043fe78b5,홍보,농기계,농기계 교통사고 현황과 예방방안(농축산기계신문_김경수),자료실 게시물,,,2021-09-23,https://farmer.rda.go.kr/portal/menu1/board_viw.do?menuId=PS03449&m_id=3_19&m_mod=465&bbsId=6&nttSn=382&num=0&pageIndex=47,,6:382,https://farmer.rda.go.kr/portal/menu6/board_lst1.do?m_id=3_19&m_mod=0&menuId=PS03449&pageIndex=47,html/152_PS03449_p47.html,농촌진흥청 농업인안전365,N,N
6c7b70907f9eb68b,홍보,농기계,농기계 안전사고 사례와 예방방안(농축산기계신문_김경수),자료실 게시물,,,2021-09-23,https://farmer.rda.go.kr/portal/menu1/board_viw.do?menuId=PS03449&m_id=3_19&m_mod=466&bbsId=6&nttSn=383&num=0&pageIndex=47,,6:383,https://farmer.rda.go.kr/portal/menu6/board_lst1.do?m_id=3_19&m_mod=0&menuId=PS03449&pageIndex=47,html/152_PS03449_p47.html,농촌진흥청 농업인안전365,N,N
4f9e772c41ebec7e,발간책자,농기계,2023 농업기계 사고 현황,PDF,,,2025-01-02,https://farmer.rda.go.kr/portal/menu1/contentMain_B.do?m_id=9004_3911&menuId=PS03443&contentsNo=123,https://farmer.rda.go.kr/portal/contentsFileDownload.do?atchFileGroupCd=A0005571&fileSn=1,PS03443:123,https://farmer.rda.go.kr/portal/menu1/contentMain_B.do?m_id=9004_3911&menuId=PS03443,html/ajax_01_PS03443.json,농촌진흥청 농업인안전365,N,N
ee786e6f90cb47e4,발간책자,농기계,농업기계 안전장치 부착 부적합 사례집,첨부파일,,,2023-01-31,https://farmer.rda.go.kr/portal/menu1/contentMain_B.do?m_id=9004_3911&menuId=PS03443&contentsNo=7,https://farmer.rda.go.kr/portal/contentsFileDownload.do?atchFileGroupCd=A0000812&fileSn=1,PS03443:7,https://farmer.rda.go.kr/portal/menu1/contentMain_B.do?m_id=9004_3911&menuId=PS03443,html/ajax_01_PS03443.json,농촌진흥청 농업인안전365,N,N
457494517f582807,발간책자,농기계,2021 농업기계 사고 현황,PDF,,,2022-10-18,https://farmer.rda.go.kr/portal/menu1/contentMain_B.do?m_id=9004_3911&menuId=PS03443&contentsNo=16,https://farmer.rda.go.kr/portal/contentsFileDownload.do?atchFileGroupCd=A0000821&fileSn=1,PS03443:16,https://farmer.rda.go.kr/portal/menu1/contentMain_B.do?m_id=9004_3911&menuId=PS03443,html/ajax_01_PS03443.json,농촌진흥청 농업인안전365,N,N
a35812b864713a1d,발간책자,농기계,농업기계 사고 현황(2019년 조사결과),PDF,,,2021-04-05,https://farmer.rda.go.kr/portal/menu1/contentMain_B.do?m_id=9004_3911&menuId=PS03443&contentsNo=41,https://farmer.rda.go.kr/portal/contentsFileDownload.do?atchFileGroupCd=A0000846&fileSn=1,PS03443:41,https://farmer.rda.go.kr/portal/menu1/contentMain_B.do?m_id=9004_3911&menuId=PS03443,html/ajax_01_PS03443.json,농촌진흥청 농업인안전365,N,N
873680948bead6d5,발간책자,농기계,전남 지역 농기계 교통사고 통계,PDF,,,2020-12-31,https://farmer.rda.go.kr/portal/menu1/contentMain_B.do?m_id=9004_3911&menuId=PS03443&contentsNo=35,https://farmer.rda.go.kr/portal/contentsFileDownload.do?atchFileGroupCd=A0000840&fileSn=1,PS03443:35,https://farmer.rda.go.kr/portal/menu1/contentMain_B.do?m_id=9004_3911&menuId=PS03443,html/ajax_01_PS03443.json,농촌진흥청 농업인안전365,N,N
0e8569d1f9c05380,발간책자,농기계,농업기계 관련 농업인 손상 실태 : 2017년도 조사결과 및 3개년 통합분석 결과,PDF,,,2019-07-04,https://farmer.rda.go.kr/portal/menu1/contentMain_B.do?m_id=9004_3911&menuId=PS03443&contentsNo=45,https://farmer.rda.go.kr/portal/contentsFileDownload.do?atchFileGroupCd=A0000850&fileSn=1,PS03443:45,https://farmer.rda.go.kr/portal/menu1/contentMain_B.do?m_id=9004_3911&menuId=PS03443,html/ajax_01_PS03443.json,농촌진흥청 농업인안전365,N,N
f888042f5a287fd0,발간책자,농기계,그림으로 보는 농업기계 안전사용,PDF,,,2019-01-09,https://farmer.rda.go.kr/portal/menu1/contentMain_B.do?m_id=9004_3911&menuId=PS03443&contentsNo=50,https://farmer.rda.go.kr/portal/contentsFileDownload.do?atchFileGroupCd=A0000855&fileSn=1,PS03443:50,https://farmer.rda.go.kr/portal/menu1/contentMain_B.do?m_id=9004_3911&menuId=PS03443,html/ajax_01_PS03443.json,농촌진흥청 농업인안전365,N,N
cbfb87217d625d7e,발간책자,농기계,농업기계 관련 농업인 손상 실태 : 2015년 농업인 업무상 손상조사 결과 및 손상사례,PDF,,,2017-01-24,https://farmer.rda.go.kr/portal/menu1/contentMain_B.do?m_id=9004_3911&menuId=PS03443&contentsNo=63,https://farmer.rda.go.kr/portal/contentsFileDownload.do?atchFileGroupCd=A0000868&fileSn=1,PS03443:63,https://farmer.rda.go.kr/portal/menu1/contentMain_B.do?m_id=9004_3911&menuId=PS03443,html/ajax_01_PS03443.json,농촌진흥청 농업인안전365,N,N
503338927203ba42,발간책자,농기계,농업기계 안전이용기술(농업기술길잡이 156),PDF,,,2023-05-31,https://farmer.rda.go.kr/portal/menu1/contentMain_B.do?m_id=9004_3911&menuId=PS03443&contentsNo=72,https://farmer.rda.go.kr/portal/contentsFileDownload.do?atchFileGroupCd=A0000877&fileSn=1,PS03443:72,https://farmer.rda.go.kr/portal/menu1/contentMain_B.do?m_id=9004_3911&menuId=PS03443,html/ajax_01_PS03443.json,농촌진흥청 농업인안전365,N,N
049d4e806cfb15cf,발간책자,농기계,농업기계 안전이용지침서,PDF,,,2023-05-31,https://farmer.rda.go.kr/portal/menu1/contentMain_B.do?m_id=9004_3911&menuId=PS03443&contentsNo=79,https://farmer.rda.go.kr/portal/contentsFileDownload.do?atchFileGroupCd=A0000884&fileSn=1,PS03443:79,https://farmer.rda.go.kr/portal/menu1/contentMain_B.do?m_id=9004_3911&menuId=PS03443,html/ajax_01_PS03443.json,농촌진흥청 농업인안전365,N,N
f92b603b5b46df43,발간책자,농기계,콤바인 안전작업 지침서 (작업자의 건강과 안전),PDF,,,2019-02-01,https://farmer.rda.go.kr/portal/menu1/contentMain_B.do?m_id=9004_3911&menuId=PS03443&contentsNo=87,https://farmer.rda.go.kr/portal/contentsFileDownload.do?atchFileGroupCd=A0000892&fileSn=1,PS03443:87,https://farmer.rda.go.kr/portal/menu1/contentMain_B.do?m_id=9004_3911&menuId=PS03443,html/ajax_01_PS03443.json,농촌진흥청 농업인안전365,N,N
5c6246b42ef63efe,발간책자,농기계,사례로 배우는 농업기계 안전사고 예방,PDF,,,2023-05-31,https://farmer.rda.go.kr/portal/menu1/contentMain_B.do?m_id=9004_3911&menuId=PS03443&contentsNo=97,https://farmer.rda.go.kr/portal/contentsFileDownload.do?atchFileGroupCd=A0000902&fileSn=1,PS03443:97,https://farmer.rda.go.kr/portal/menu1/contentMain_B.do?m_id=9004_3911&menuId=PS03443,html/ajax_01_PS03443.json,농촌진흥청 농업인안전365,N,N
59966d3356c2d442,발간책자,농기계,농업기계 안전사고 Zero를 위한 농작업 안전지침서,PDF,,,2023-05-31,https://farmer.rda.go.kr/portal/menu1/contentMain_B.do?m_id=9004_3911&menuId=PS03443&contentsNo=100,https://farmer.rda.go.kr/portal/contentsFileDownload.do?atchFileGroupCd=A0000905&fileSn=1,PS03443:100,https://farmer.rda.go.kr/portal/menu1/contentMain_B.do?m_id=9004_3911&menuId=PS03443,html/ajax_01_PS03443.json,농촌진흥청 농업인안전365,N,N
8190e4eae50cca40,포스터 · OPS,농기계,농작업 재해예방 기본수칙 (트랙터 사고예방),PDF,,,2026-08-21,https://farmer.rda.go.kr/portal/menu1/contentMain_B.do?m_id=9004_3911&menuId=PS03455&contentsNo=74,https://farmer.rda.go.kr/portal/contentsFileDownload.do?atchFileGroupCd=A0006321&fileSn=1,PS03455:74,https://farmer.rda.go.kr/portal/menu1/contentMain_B.do?m_id=9004_3911&menuId=PS03455,html/ajax_02_PS03455.json,농촌진흥청 농업인안전365,N,N
65aaf40c870d1f01,포스터 · OPS,농기계,농작업 재해예방 기본수칙 (예초기 사고예방),PDF,,,2026-08-21,https://farmer.rda.go.kr/portal/menu1/contentMain_B.do?m_id=9004_3911&menuId=PS03455&contentsNo=71,https://farmer.rda.go.kr/portal/contentsFileDownload.do?atchFileGroupCd=A0006318&fileSn=1,PS03455:71,https://farmer.rda.go.kr/portal/menu1/contentMain_B.do?m_id=9004_3911&menuId=PS03455,html/ajax_02_PS03455.json,농촌진흥청 농업인안전365,N,N
6c6251fb77e5ae55,포스터 · OPS,농기계,농작업 재해예방 기본수칙 (경운기 사고예방),PDF,,,2026-08-20,https://farmer.rda.go.kr/portal/menu1/contentMain_B.do?m_id=9004_3911&menuId=PS03455&contentsNo=64,https://farmer.rda.go.kr/portal/contentsFileDownload.do?atchFileGroupCd=A0006311&fileSn=1,PS03455:64,https://farmer.rda.go.kr/portal/menu1/contentMain_B.do?m_id=9004_3911&menuId=PS03455,html/ajax_02_PS03455.json,농촌진흥청 농업인안전365,N,N
526a55d7d526ac3f,포스터 · OPS,농기계,IoT농업기계 교통안전 및 사고감지 알람시스템,PDF,,,2025-04-16,https://farmer.rda.go.kr/portal/menu1/contentMain_B.do?m_id=9004_3911&menuId=PS03455&contentsNo=2,https://farmer.rda.go.kr/portal/contentsFileDownload.do?atchFileGroupCd=A0005629&fileSn=1,PS03455:2,https://farmer.rda.go.kr/portal/menu1/contentMain_B.do?m_id=9004_3911&menuId=PS03455,html/ajax_02_PS03455.json,농촌진흥청 농업인안전365,N,N
405460cc33aeb846,포스터 · OPS,농기계,예초기 안전 사용 가이드,PDF,,,2025-04-17,https://farmer.rda.go.kr/portal/menu1/contentMain_B.do?m_id=9004_3911&menuId=PS03455&contentsNo=15,https://farmer.rda.go.kr/portal/contentsFileDownload.do?atchFileGroupCd=A0005642&fileSn=1,PS03455:15,https://farmer.rda.go.kr/portal/menu1/contentMain_B.do?m_id=9004_3911&menuId=PS03455,html/ajax_02_PS03455.json,농촌진흥청 농업인안전365,N,N
1fa84cd8b05eda2d,카드뉴스,농기계,loT 농업기계 교통안전 및 사고감지 알람시스템,PDF,,,2023-08-25,https://farmer.rda.go.kr/portal/menu1/contentMain_B.do?m_id=9004_3911&menuId=PS65456&contentsNo=1,https://farmer.rda.go.kr/portal/contentsFileDownload.do?atchFileGroupCd=A0000915&fileSn=1,PS65456:1,https://farmer.rda.go.kr/portal/menu1/contentMain_B.do?m_id=9004_3911&menuId=PS65456,html/ajax_03_PS65456.json,농촌진흥청 농업인안전365,N,N
a2e8554e44d11e79,카드뉴스,농기계,농기계 안전사고 예방 캠페인(안농하세요)_⓷ 농기계 사용전후 안전관리,첨부파일,,,2022-11-03,https://farmer.rda.go.kr/portal/menu1/contentMain_B.do?m_id=9004_3911&menuId=PS65456&contentsNo=7,https://farmer.rda.go.kr/portal/contentsFileDownload.do?atchFileGroupCd=A0000921&fileSn=1,PS65456:7,https://farmer.rda.go.kr/portal/menu1/contentMain_B.do?m_id=9004_3911&menuId=PS65456,html/ajax_03_PS65456.json,농촌진흥청 농업인안전365,N,N
e6ca259767afdb75,카드뉴스,농기계,농기계 안전사고 예방 캠페인(안농하세요)_⓶ 농업인 안전 수칙,첨부파일,,,2022-11-03,https://farmer.rda.go.kr/portal/menu1/contentMain_B.do?m_id=9004_3911&menuId=PS65456&contentsNo=9,https://farmer.rda.go.kr/portal/contentsFileDownload.do?atchFileGroupCd=A0000923&fileSn=1,PS65456:9,https://farmer.rda.go.kr/portal/menu1/contentMain_B.do?m_id=9004_3911&menuId=PS65456,html/ajax_03_PS65456.json,농촌진흥청 농업인안전365,N,N
c3fdbd8370b97ba3,카드뉴스,농기계,농기계 안전사고 예방 캠페인(안농하세요)_⓵ 농기계 안전 수칙,첨부파일,,,2022-11-03,https://farmer.rda.go.kr/portal/menu1/contentMain_B.do?m_id=9004_3911&menuId=PS65456&contentsNo=8,https://farmer.rda.go.kr/portal/contentsFileDownload.do?atchFileGroupCd=A0000922&fileSn=1,PS65456:8,https://farmer.rda.go.kr/portal/menu1/contentMain_B.do?m_id=9004_3911&menuId=PS65456,html/ajax_03_PS65456.json,농촌진흥청 농업인안전365,N,N
ae7c04c76697ec17,카드뉴스,농기계,지금 재설정_농기계 안전사고(2021),PDF,,,2022-09-02,https://farmer.rda.go.kr/portal/menu1/contentMain_B.do?m_id=9004_3911&menuId=PS65456&contentsNo=19,https://farmer.rda.go.kr/portal/contentsFileDownload.do?atchFileGroupCd=A0000933&fileSn=1,PS65456:19,https://farmer.rda.go.kr/portal/menu1/contentMain_B.do?m_id=9004_3911&menuId=PS65456,html/ajax_03_PS65456.json,농촌진흥청 농업인안전365,N,N
c5b2704a542d86d1,리플릿,농기계,가지 파쇄기 안전사용 가이드,PDF,,,2024-01-11,https://farmer.rda.go.kr/portal/menu1/contentMain_B.do?m_id=9004_3911&menuId=PS65457&contentsNo=1,https://farmer.rda.go.kr/portal/contentsFileDownload.do?atchFileGroupCd=A0000938&fileSn=1,PS65457:1,https://farmer.rda.go.kr/portal/menu1/contentMain_B.do?m_id=9004_3911&menuId=PS65457,html/ajax_04_PS65457.json,농촌진흥청 농업인안전365,N,N
40e73db263febab3,리플릿,농기계,농업기계안전이용가이드,PDF,,,2023-04-24,https://farmer.rda.go.kr/portal/menu1/contentMain_B.do?m_id=9004_3911&menuId=PS65457&contentsNo=7,https://farmer.rda.go.kr/portal/contentsFileDownload.do?atchFileGroupCd=A0000944&fileSn=1,PS65457:7,https://farmer.rda.go.kr/portal/menu1/contentMain_B.do?m_id=9004_3911&menuId=PS65457,html/ajax_04_PS65457.json,농촌진흥청 농업인안전365,N,N
2d12d5d08bf6b116,리플릿,농기계,시인성이 향상된 농업기계 안전반사장치 활용 가이드,PDF,,,2022-12-26,https://farmer.rda.go.kr/portal/menu1/contentMain_B.do?m_id=9004_3911&menuId=PS65457&contentsNo=11,https://farmer.rda.go.kr/portal/contentsFileDownload.do?atchFileGroupCd=A0000948&fileSn=1,PS65457:11,https://farmer.rda.go.kr/portal/menu1/contentMain_B.do?m_id=9004_3911&menuId=PS65457,html/ajax_04_PS65457.json,농촌진흥청 농업인안전365,N,N
b0a4c59c370ca051,리플릿,농기계,농업기계 안전사고예방지침,PDF,,,2023-04-24,https://farmer.rda.go.kr/portal/menu1/contentMain_B.do?m_id=9004_3911&menuId=PS65457&contentsNo=10,https://farmer.rda.go.kr/portal/contentsFileDownload.do?atchFileGroupCd=A0000947&fileSn=1,PS65457:10,https://farmer.rda.go.kr/portal/menu1/contentMain_B.do?m_id=9004_3911&menuId=PS65457,html/ajax_04_PS65457.json,농촌진흥청 농업인안전365,N,N
d710a228f9d9f2d0,리플릿,농기계,사물인터넷 활용 농기계 교통안전 및 사고감지 알람 시스템 개발보급,PDF,,,2022-11-02,https://farmer.rda.go.kr/portal/menu1/contentMain_B.do?m_id=9004_3911&menuId=PS65457&contentsNo=18,https://farmer.rda.go.kr/portal/contentsFileDownload.do?atchFileGroupCd=A0000955&fileSn=1,PS65457:18,https://farmer.rda.go.kr/portal/menu1/contentMain_B.do?m_id=9004_3911&menuId=PS65457,html/ajax_04_PS65457.json,농촌진흥청 농업인안전365,N,N
