페이지ID,메뉴ID,대분류,페이지명,페이지URL,HTTP상태,본문글자수,추출콘텐츠수,확인날짜수,원천HTML,수집시각
f3fb609bfb32296e,PS03487,안전보건 기본교육,안전보건 기본교육,https://farmer.rda.go.kr/portal/menu3/contentMainPlay1_1.do?m_id=9002_5218_5220&menuId=PS03487,200,3720,46,0,html/001_PS03487.html,2026-08-27T07:17:06+09:00
5fdc20a1892e6048,PS03434,작목별 안전교육,작목별 안전교육,https://farmer.rda.go.kr/portal/menu3/contentMainPlay_Ep.do?m_id=9002_5217&menuId=PS03434,200,2770,34,0,html/002_PS03434.html,2026-08-27T07:17:06+09:00
c9bd5f92988a8369,PS03440,농업인 사고사례,농업인 사고사례,https://farmer.rda.go.kr/portal/menu3/contentMain_new.do?m_id=9001_7272&menuId=PS03440,200,2035,0,0,html/003_PS03440.html,2026-08-27T07:17:06+09:00
99a458c7e28d7459,PS03436,농업인 재해예방 영상,농업인 재해예방 영상,https://farmer.rda.go.kr/portal/menu3/contentMainPlay.do?m_id=9002_55&menuId=PS03436,200,6159,86,0,html/004_PS03436.html,2026-08-27T07:17:07+09:00
6730ff74a45db19f,PS64148,농작업 편이장비,농작업 편이장비,https://farmer.rda.go.kr/portal/menu3/fmwrkCnvncEqpmnLst.do?m_id=9001_43_76&menuId=PS64148,200,1976,0,0,html/005_PS64148.html,2026-08-27T07:17:07+09:00
dd06229dba2e2f2e,PS03429,온열질환(폭염),온열질환(폭염),https://farmer.rda.go.kr/portal/menu3/heatWaveIntro.do?m_id=9000_46&menuId=PS03429,200,3454,0,0,html/006_PS03429.html,2026-08-27T07:17:07+09:00
4f7accdf1f88cde7,PS03443,발간책자,발간책자,https://farmer.rda.go.kr/portal/menu1/contentMain_B.do?m_id=9004_3911&menuId=PS03443,200,1710,0,0,html/007_PS03443.html,2026-08-27T07:17:08+09:00
d86ec587b6a9e616,PS03447,자료실,자료실,https://farmer.rda.go.kr/portal/menu1/board_lst.do?m_id=9004_9052&m_mod=0&menuId=PS03447,200,2288,10,10,html/008_PS03447.html,2026-08-27T07:17:08+09:00
ee2df0a68d9bbb20,PS64140,전체메뉴,전체메뉴,https://farmer.rda.go.kr/portal/menu6/sitemap.do?menuId=PS64140,200,1907,0,0,html/009_PS64140.html,2026-08-27T07:17:08+09:00
ab34f261c336598e,PS64146,예방체조,예방체조,https://farmer.rda.go.kr/portal/menu3/mctmdContentPlay.do?m_id=9000_7272&menuId=PS64146,200,5094,79,0,html/010_PS64146.html,2026-08-27T07:17:09+09:00
d53a2c1ff898165d,PS03465,통증부위별 운동처방,통증부위별 운동처방,https://farmer.rda.go.kr/portal/menu3/painExercise.do?m_id=9000_9051_50&menuId=PS03465,200,1848,0,0,html/011_PS03465.html,2026-08-27T07:17:09+09:00
4e644f469b7d7118,PS65456,카드뉴스,카드뉴스,https://farmer.rda.go.kr/portal/menu1/contentMain_B.do?m_id=9004_3911&menuId=PS65456,200,1710,0,0,html/012_PS65456.html,2026-08-27T07:17:10+09:00
8f9aab5ca338127f,PS65457,리플릿,리플릿,https://farmer.rda.go.kr/portal/menu1/contentMain_B.do?m_id=9004_3911&menuId=PS65457,200,1712,0,0,html/013_PS65457.html,2026-08-27T07:17:10+09:00
708ff8488541c68c,PS03455,포스터 · OPS,포스터 · OPS,https://farmer.rda.go.kr/portal/menu1/contentMain_B.do?m_id=9004_3911&menuId=PS03455,200,1723,0,0,html/014_PS03455.html,2026-08-27T07:17:10+09:00
91a8ed64bb36eb34,PS03456,미디어 배송 서비스,미디어 배송 서비스,https://farmer.rda.go.kr/portal/menu1/mdDlvySvc.do?m_id=9001_7274&menuId=PS03456,200,6712,0,0,html/015_PS03456.html,2026-08-27T07:17:11+09:00
2040a7cdf1b486e6,PS03446,연구성과,연구성과,https://farmer.rda.go.kr/portal/menu1/contentMain_F.do?m_id=9004_3914&menuId=PS03446,200,1805,0,0,html/016_PS03446.html,2026-08-27T07:17:11+09:00
f3cae1a3711194cd,PS64160,유해위험요인,유해위험요인,https://farmer.rda.go.kr/portal/menu1/riskFacktors.do?m_id=0&menuId=PS64160,200,6823,0,0,html/017_PS64160.html,2026-08-27T07:17:11+09:00
ab71a9599f2e2f9b,PS03466,근골격계질환,근골격계질환,https://farmer.rda.go.kr/portal/menu1/PostureExercise.do?m_id=9000_9051_51&m_mod=0&menuId=PS03466,200,7157,1,0,html/018_PS03466.html,2026-08-27T07:17:12+09:00
3414be51997ddc49,PS64135,통계·제도정책,통계·제도정책,https://farmer.rda.go.kr/portal/menu2/fdaIntro.do?m_id=9001_7268&menuId=PS64135,200,2238,0,0,html/019_PS64135.html,2026-08-27T07:17:12+09:00
ef9a9a60f14a189b,PS64136,재해보장 정책보험,재해보장 정책보험,https://farmer.rda.go.kr/portal/menu2/intro01.do?m_id=9001_7269&menuId=PS64136,200,2459,0,0,html/020_PS64136.html,2026-08-27T07:17:12+09:00
c4bfe619fb3d809b,PS64137,농작업안전보건기사,농작업안전보건기사,https://farmer.rda.go.kr/portal/menu2/intro02.do?m_id=9001_7270&menuId=PS64137,200,2450,0,0,html/021_PS64137.html,2026-08-27T07:17:13+09:00
44a2a3d91692755e,PS64141,여성농업인 특수건강검진,여성농업인 특수건강검진,https://farmer.rda.go.kr/portal/menu2/intro03.do?m_id=9001_7273&menuId=PS64141,200,2919,0,0,html/022_PS64141.html,2026-08-27T07:17:13+09:00
d50fb4a28889fe62,PS64129,알림마당,알림마당,https://farmer.rda.go.kr/portal/menu6/intro07.do?m_id=1_7&menuId=PS64129,200,4036,0,0,html/023_PS64129.html,2026-08-27T07:17:14+09:00
adbf6fa0ce8f5d94,PS03448,공지사항,공지사항,https://farmer.rda.go.kr/portal/menu6/board_lst1.do?m_id=3_18&m_mod=0&menuId=PS03448,200,2390,10,13,html/024_PS03448.html,2026-08-27T07:17:14+09:00
e8fcd5fe068473e6,PS03449,홍보,홍보,https://farmer.rda.go.kr/portal/menu6/board_lst1.do?m_id=3_19&m_mod=0&menuId=PS03449,200,2425,10,10,html/025_PS03449.html,2026-08-27T07:17:14+09:00
102a23c126e5243a,PS65453,농업인 개인보호장비,농업인 개인보호장비,https://farmer.rda.go.kr/portal/menu3/fmwrkProtectEqpmnLst.do?m_id=9001_43_77&menuId=PS65453,200,2039,0,0,html/026_PS65453.html,2026-08-27T07:17:15+09:00
6de1555d7b4c22dd,PS03438,한랭질환(한파),한랭질환(한파),https://farmer.rda.go.kr/portal/menu3/coldWaveIntro.do?m_id=9000_46&menuId=PS03438,200,3438,0,0,html/027_PS03438.html,2026-08-27T07:17:15+09:00
a103e3084b38772a,PS03428,농작업 안전지침,농작업 안전지침,https://farmer.rda.go.kr/portal/menu3/SafeManageManualLst.do?m_id=9000_46&menuId=PS03428,200,2027,0,0,html/028_PS03428.html,2026-08-27T07:17:15+09:00
7c286630ac911c0d,PS03426,작업안전수준 진단,작업안전수준 진단,https://farmer.rda.go.kr/portal/menu1/psua/DiagNCheck.do?m_id=9000_45&menuId=PS03426,200,2444,0,0,html/029_PS03426.html,2026-08-27T07:17:16+09:00
1e33e9a604a6a447,PS03466,근골격계질환,근골격계질환,https://farmer.rda.go.kr/portal/menu1/PostureExercise.do?m_id=9000_9051_51&menuId=PS03466,200,7157,1,0,html/030_PS03466.html,2026-08-27T07:17:16+09:00
2e0b889d37503e39,PS03451,농작업부담 분석,농작업부담 분석,https://farmer.rda.go.kr/portal/menu1/checkpoint.do?m_id=9000_42_4817&menuId=PS03451,200,1856,0,0,html/031_PS03451.html,2026-08-27T07:17:16+09:00
4aa4510bd9c594b2,PS03492,농업인 산업재해통계,농업인 산업재해통계,https://farmer.rda.go.kr/portal/menu4/indusAccidentStat.do?m_id=9003_4232&menuId=PS03492,200,1490,0,0,html/032_PS03492.html,2026-08-27T07:17:17+09:00
90f5eb384f1a5f90,PS03498,지역별 건강안전통계,지역별 건강안전통계,https://farmer.rda.go.kr/portal/menu4/areaBasicStat.do?m_id=9003_5215&menuId=PS03498,200,1532,0,0,html/033_PS03498.html,2026-08-27T07:17:17+09:00
73e48951c503cea6,PS03442,건강안전 현황,건강안전 현황,https://farmer.rda.go.kr/portal/menu4/contentMain_M.do?m_id=9003_3908&menuId=PS03442,200,8,0,0,html/034_PS03442.html,2026-08-27T07:17:17+09:00
e2ae44b373538dfe,PS03447,자료실,자료실,https://farmer.rda.go.kr/portal/menu1/board_lst.do?m_id=9004_9052&m_mod=0&menuId=PS03447&pageIndex=2,200,2239,10,10,html/035_PS03447_p2.html,2026-08-27T07:17:18+09:00
b458e0c5b9be1b19,PS03447,자료실,자료실,https://farmer.rda.go.kr/portal/menu1/board_lst.do?m_id=9004_9052&m_mod=0&menuId=PS03447&pageIndex=3,200,2260,10,10,html/036_PS03447_p3.html,2026-08-27T07:17:18+09:00
1f4d1b31cbc98c13,PS03447,자료실,자료실,https://farmer.rda.go.kr/portal/menu1/board_lst.do?m_id=9004_9052&m_mod=0&menuId=PS03447&pageIndex=4,200,2246,10,10,html/037_PS03447_p4.html,2026-08-27T07:17:19+09:00
227b29d1d6a5810f,PS03447,자료실,자료실,https://farmer.rda.go.kr/portal/menu1/board_lst.do?m_id=9004_9052&m_mod=0&menuId=PS03447&pageIndex=5,200,2211,10,10,html/038_PS03447_p5.html,2026-08-27T07:17:19+09:00
599a7ef889b54c0e,PS03447,자료실,자료실,https://farmer.rda.go.kr/portal/menu1/board_lst.do?m_id=9004_9052&m_mod=0&menuId=PS03447&pageIndex=6,200,2150,10,10,html/039_PS03447_p6.html,2026-08-27T07:17:19+09:00
7098d0bed1d4c595,PS03447,자료실,자료실,https://farmer.rda.go.kr/portal/menu1/board_lst.do?m_id=9004_9052&m_mod=0&menuId=PS03447&pageIndex=7,200,2201,10,10,html/040_PS03447_p7.html,2026-08-27T07:17:20+09:00
ef47d65bc54b48bb,PS03447,자료실,자료실,https://farmer.rda.go.kr/portal/menu1/board_lst.do?m_id=9004_9052&m_mod=0&menuId=PS03447&pageIndex=8,200,2252,10,10,html/041_PS03447_p8.html,2026-08-27T07:17:20+09:00
3638ba09d1b7e230,PS03447,자료실,자료실,https://farmer.rda.go.kr/portal/menu1/board_lst.do?m_id=9004_9052&m_mod=0&menuId=PS03447&pageIndex=9,200,2251,10,10,html/042_PS03447_p9.html,2026-08-27T07:17:20+09:00
3174d42f25a038bc,PS03447,자료실,자료실,https://farmer.rda.go.kr/portal/menu1/board_lst.do?m_id=9004_9052&m_mod=0&menuId=PS03447&pageIndex=10,200,2221,10,10,html/043_PS03447_p10.html,2026-08-27T07:17:21+09:00
9e63c4d496356462,PS03447,자료실,자료실,https://farmer.rda.go.kr/portal/menu1/board_lst.do?m_id=9004_9052&m_mod=0&menuId=PS03447&pageIndex=11,200,2213,10,10,html/044_PS03447_p11.html,2026-08-27T07:17:21+09:00
70fba09763a4d196,PS03447,자료실,자료실,https://farmer.rda.go.kr/portal/menu1/board_lst.do?m_id=9004_9052&m_mod=0&menuId=PS03447&pageIndex=23,200,2080,6,6,html/045_PS03447_p23.html,2026-08-27T07:17:22+09:00
ae07c29430273174,PS03448,공지사항,공지사항,https://farmer.rda.go.kr/portal/menu6/board_lst1.do?m_id=3_18&m_mod=0&menuId=PS03448&pageIndex=2,200,2473,10,13,html/046_PS03448_p2.html,2026-08-27T07:17:22+09:00
bd053e65b11da22d,PS03448,공지사항,공지사항,https://farmer.rda.go.kr/portal/menu6/board_lst1.do?m_id=3_18&m_mod=0&menuId=PS03448&pageIndex=3,200,2428,10,13,html/047_PS03448_p3.html,2026-08-27T07:17:22+09:00
0b218df1ea8d8f44,PS03448,공지사항,공지사항,https://farmer.rda.go.kr/portal/menu6/board_lst1.do?m_id=3_18&m_mod=0&menuId=PS03448&pageIndex=4,200,2462,10,13,html/048_PS03448_p4.html,2026-08-27T07:17:23+09:00
0c46d0f1f7a0651b,PS03448,공지사항,공지사항,https://farmer.rda.go.kr/portal/menu6/board_lst1.do?m_id=3_18&m_mod=0&menuId=PS03448&pageIndex=5,200,2453,10,14,html/049_PS03448_p5.html,2026-08-27T07:17:23+09:00
8698baef95bf4503,PS03448,공지사항,공지사항,https://farmer.rda.go.kr/portal/menu6/board_lst1.do?m_id=3_18&m_mod=0&menuId=PS03448&pageIndex=6,200,2452,10,13,html/050_PS03448_p6.html,2026-08-27T07:17:23+09:00
0096dcdc8aa5f5e5,PS03448,공지사항,공지사항,https://farmer.rda.go.kr/portal/menu6/board_lst1.do?m_id=3_18&m_mod=0&menuId=PS03448&pageIndex=7,200,2438,10,13,html/051_PS03448_p7.html,2026-08-27T07:17:24+09:00
f4ec50e543c27f21,PS03448,공지사항,공지사항,https://farmer.rda.go.kr/portal/menu6/board_lst1.do?m_id=3_18&m_mod=0&menuId=PS03448&pageIndex=8,200,2455,10,13,html/052_PS03448_p8.html,2026-08-27T07:17:24+09:00
30230631d0166933,PS03448,공지사항,공지사항,https://farmer.rda.go.kr/portal/menu6/board_lst1.do?m_id=3_18&m_mod=0&menuId=PS03448&pageIndex=9,200,2498,10,13,html/053_PS03448_p9.html,2026-08-27T07:17:24+09:00
1161dd504f744927,PS03448,공지사항,공지사항,https://farmer.rda.go.kr/portal/menu6/board_lst1.do?m_id=3_18&m_mod=0&menuId=PS03448&pageIndex=10,200,2463,10,13,html/054_PS03448_p10.html,2026-08-27T07:17:25+09:00
b114bf614958674b,PS03448,공지사항,공지사항,https://farmer.rda.go.kr/portal/menu6/board_lst1.do?m_id=3_18&m_mod=0&menuId=PS03448&pageIndex=11,200,2463,10,13,html/055_PS03448_p11.html,2026-08-27T07:17:25+09:00
83bcc27940d0ee5e,PS03448,공지사항,공지사항,https://farmer.rda.go.kr/portal/menu6/board_lst1.do?m_id=3_18&m_mod=0&menuId=PS03448&pageIndex=21,200,1954,1,4,html/056_PS03448_p21.html,2026-08-27T07:17:26+09:00
a3094b5b1300342a,PS03449,홍보,홍보,https://farmer.rda.go.kr/portal/menu6/board_lst1.do?m_id=3_19&m_mod=0&menuId=PS03449&pageIndex=2,200,2360,10,10,html/057_PS03449_p2.html,2026-08-27T07:17:26+09:00
90c7625734e4901c,PS03449,홍보,홍보,https://farmer.rda.go.kr/portal/menu6/board_lst1.do?m_id=3_19&m_mod=0&menuId=PS03449&pageIndex=3,200,2409,10,10,html/058_PS03449_p3.html,2026-08-27T07:17:26+09:00
b8531f014f9bddc0,PS03449,홍보,홍보,https://farmer.rda.go.kr/portal/menu6/board_lst1.do?m_id=3_19&m_mod=0&menuId=PS03449&pageIndex=4,200,2392,10,10,html/059_PS03449_p4.html,2026-08-27T07:17:27+09:00
5c5cbd52d4d64bdb,PS03449,홍보,홍보,https://farmer.rda.go.kr/portal/menu6/board_lst1.do?m_id=3_19&m_mod=0&menuId=PS03449&pageIndex=5,200,2367,10,10,html/060_PS03449_p5.html,2026-08-27T07:17:27+09:00
2de7e0b800e83843,PS03449,홍보,홍보,https://farmer.rda.go.kr/portal/menu6/board_lst1.do?m_id=3_19&m_mod=0&menuId=PS03449&pageIndex=6,200,2423,10,10,html/061_PS03449_p6.html,2026-08-27T07:17:27+09:00
be4e86c141197e34,PS03449,홍보,홍보,https://farmer.rda.go.kr/portal/menu6/board_lst1.do?m_id=3_19&m_mod=0&menuId=PS03449&pageIndex=7,200,2397,10,10,html/062_PS03449_p7.html,2026-08-27T07:17:28+09:00
388020e382d840c3,PS03449,홍보,홍보,https://farmer.rda.go.kr/portal/menu6/board_lst1.do?m_id=3_19&m_mod=0&menuId=PS03449&pageIndex=8,200,2416,10,10,html/063_PS03449_p8.html,2026-08-27T07:17:28+09:00
696799c33fa4a79a,PS03449,홍보,홍보,https://farmer.rda.go.kr/portal/menu6/board_lst1.do?m_id=3_19&m_mod=0&menuId=PS03449&pageIndex=9,200,2395,10,10,html/064_PS03449_p9.html,2026-08-27T07:17:28+09:00
d04fef3ff2155af5,PS03449,홍보,홍보,https://farmer.rda.go.kr/portal/menu6/board_lst1.do?m_id=3_19&m_mod=0&menuId=PS03449&pageIndex=10,200,2449,10,10,html/065_PS03449_p10.html,2026-08-27T07:17:29+09:00
165350e8eafbf368,PS03449,홍보,홍보,https://farmer.rda.go.kr/portal/menu6/board_lst1.do?m_id=3_19&m_mod=0&menuId=PS03449&pageIndex=11,200,2417,10,10,html/066_PS03449_p11.html,2026-08-27T07:17:29+09:00
14dfa90f1da74a3d,PS03449,홍보,홍보,https://farmer.rda.go.kr/portal/menu6/board_lst1.do?m_id=3_19&m_mod=0&menuId=PS03449&pageIndex=79,200,2185,8,8,html/067_PS03449_p79.html,2026-08-27T07:17:29+09:00
bf4245ad052dfa2c,PS03447,자료실,자료실,https://farmer.rda.go.kr/portal/menu1/board_lst.do?m_id=9004_9052&m_mod=0&menuId=PS03447&pageIndex=12,200,2226,10,10,html/068_PS03447_p12.html,2026-08-27T07:17:30+09:00
746124a7b2c771d8,PS03447,자료실,자료실,https://farmer.rda.go.kr/portal/menu1/board_lst.do?m_id=9004_9052&m_mod=0&menuId=PS03447&pageIndex=13,200,2228,10,10,html/069_PS03447_p13.html,2026-08-27T07:17:30+09:00
28fe93eaf5e6ebc4,PS03447,자료실,자료실,https://farmer.rda.go.kr/portal/menu1/board_lst.do?m_id=9004_9052&m_mod=0&menuId=PS03447&pageIndex=14,200,2257,10,10,html/070_PS03447_p14.html,2026-08-27T07:17:31+09:00
b8b62d0f9973a130,PS03447,자료실,자료실,https://farmer.rda.go.kr/portal/menu1/board_lst.do?m_id=9004_9052&m_mod=0&menuId=PS03447&pageIndex=15,200,2384,10,10,html/071_PS03447_p15.html,2026-08-27T07:17:31+09:00
8511ed35a345ee31,PS03447,자료실,자료실,https://farmer.rda.go.kr/portal/menu1/board_lst.do?m_id=9004_9052&m_mod=0&menuId=PS03447&pageIndex=16,200,2384,10,10,html/072_PS03447_p16.html,2026-08-27T07:17:31+09:00
e35b5d779b87a26c,PS03447,자료실,자료실,https://farmer.rda.go.kr/portal/menu1/board_lst.do?m_id=9004_9052&m_mod=0&menuId=PS03447&pageIndex=17,200,2331,10,10,html/073_PS03447_p17.html,2026-08-27T07:17:32+09:00
2f3ec2519d865f2b,PS03447,자료실,자료실,https://farmer.rda.go.kr/portal/menu1/board_lst.do?m_id=9004_9052&m_mod=0&menuId=PS03447&pageIndex=18,200,2364,10,10,html/074_PS03447_p18.html,2026-08-27T07:17:32+09:00
319f7f557de44c84,PS03447,자료실,자료실,https://farmer.rda.go.kr/portal/menu1/board_lst.do?m_id=9004_9052&m_mod=0&menuId=PS03447&pageIndex=19,200,2363,10,10,html/075_PS03447_p19.html,2026-08-27T07:17:32+09:00
63fb2b3e3329badc,PS03447,자료실,자료실,https://farmer.rda.go.kr/portal/menu1/board_lst.do?m_id=9004_9052&m_mod=0&menuId=PS03447&pageIndex=20,200,2336,10,10,html/076_PS03447_p20.html,2026-08-27T07:17:33+09:00
87405423fee911e1,PS03447,자료실,자료실,https://farmer.rda.go.kr/portal/menu1/board_lst.do?m_id=9004_9052&m_mod=0&menuId=PS03447&pageIndex=21,200,2335,10,10,html/077_PS03447_p21.html,2026-08-27T07:17:33+09:00
54a3904b5e18fa32,PS03447,자료실,자료실,https://farmer.rda.go.kr/portal/menu1/board_lst.do?m_id=9004_9052&m_mod=0&menuId=PS03447&pageIndex=22,200,2307,10,10,html/078_PS03447_p22.html,2026-08-27T07:17:34+09:00
f5b0c6788707bcb2,PS03448,공지사항,공지사항,https://farmer.rda.go.kr/portal/menu6/board_lst1.do?m_id=3_18&m_mod=0&menuId=PS03448&pageIndex=12,200,2427,10,13,html/079_PS03448_p12.html,2026-08-27T07:17:34+09:00
12b5f30119174beb,PS03448,공지사항,공지사항,https://farmer.rda.go.kr/portal/menu6/board_lst1.do?m_id=3_18&m_mod=0&menuId=PS03448&pageIndex=13,200,2424,10,13,html/080_PS03448_p13.html,2026-08-27T07:17:34+09:00
67ef08f74d1b741d,PS03448,공지사항,공지사항,https://farmer.rda.go.kr/portal/menu6/board_lst1.do?m_id=3_18&m_mod=0&menuId=PS03448&pageIndex=14,200,2476,10,13,html/081_PS03448_p14.html,2026-08-27T07:17:35+09:00
2c17ffc6e3ccd3b3,PS03448,공지사항,공지사항,https://farmer.rda.go.kr/portal/menu6/board_lst1.do?m_id=3_18&m_mod=0&menuId=PS03448&pageIndex=15,200,2415,10,13,html/082_PS03448_p15.html,2026-08-27T07:17:35+09:00
c2435a4100315b14,PS03448,공지사항,공지사항,https://farmer.rda.go.kr/portal/menu6/board_lst1.do?m_id=3_18&m_mod=0&menuId=PS03448&pageIndex=16,200,2407,10,13,html/083_PS03448_p16.html,2026-08-27T07:17:35+09:00
76cec5d959c3fbb3,PS03448,공지사항,공지사항,https://farmer.rda.go.kr/portal/menu6/board_lst1.do?m_id=3_18&m_mod=0&menuId=PS03448&pageIndex=17,200,2420,10,13,html/084_PS03448_p17.html,2026-08-27T07:17:36+09:00
20dbbd7ab2d6979e,PS03448,공지사항,공지사항,https://farmer.rda.go.kr/portal/menu6/board_lst1.do?m_id=3_18&m_mod=0&menuId=PS03448&pageIndex=18,200,2420,10,13,html/085_PS03448_p18.html,2026-08-27T07:17:36+09:00
9bd2e9dda6a7fcb1,PS03448,공지사항,공지사항,https://farmer.rda.go.kr/portal/menu6/board_lst1.do?m_id=3_18&m_mod=0&menuId=PS03448&pageIndex=19,200,2433,10,13,html/086_PS03448_p19.html,2026-08-27T07:17:36+09:00
51ce7fb73fddccde,PS03448,공지사항,공지사항,https://farmer.rda.go.kr/portal/menu6/board_lst1.do?m_id=3_18&m_mod=0&menuId=PS03448&pageIndex=20,200,2332,10,13,html/087_PS03448_p20.html,2026-08-27T07:17:37+09:00
d837819802687ba8,PS03449,홍보,홍보,https://farmer.rda.go.kr/portal/menu6/board_lst1.do?m_id=3_19&m_mod=0&menuId=PS03449&pageIndex=12,200,2321,10,10,html/088_PS03449_p12.html,2026-08-27T07:17:37+09:00
3167d9397b457910,PS03449,홍보,홍보,https://farmer.rda.go.kr/portal/menu6/board_lst1.do?m_id=3_19&m_mod=0&menuId=PS03449&pageIndex=13,200,2431,10,10,html/089_PS03449_p13.html,2026-08-27T07:17:38+09:00
35ec14bdad185146,PS03449,홍보,홍보,https://farmer.rda.go.kr/portal/menu6/board_lst1.do?m_id=3_19&m_mod=0&menuId=PS03449&pageIndex=14,200,2403,10,10,html/090_PS03449_p14.html,2026-08-27T07:17:38+09:00
f2c4bc5d092e6d7c,PS03449,홍보,홍보,https://farmer.rda.go.kr/portal/menu6/board_lst1.do?m_id=3_19&m_mod=0&menuId=PS03449&pageIndex=15,200,2400,10,10,html/091_PS03449_p15.html,2026-08-27T07:17:38+09:00
6012e1c1a68714ea,PS03449,홍보,홍보,https://farmer.rda.go.kr/portal/menu6/board_lst1.do?m_id=3_19&m_mod=0&menuId=PS03449&pageIndex=16,200,2420,10,10,html/092_PS03449_p16.html,2026-08-27T07:17:39+09:00
6c36d29465aec89a,PS03449,홍보,홍보,https://farmer.rda.go.kr/portal/menu6/board_lst1.do?m_id=3_19&m_mod=0&menuId=PS03449&pageIndex=17,200,2499,10,10,html/093_PS03449_p17.html,2026-08-27T07:17:39+09:00
9eb99f3e07b46638,PS03449,홍보,홍보,https://farmer.rda.go.kr/portal/menu6/board_lst1.do?m_id=3_19&m_mod=0&menuId=PS03449&pageIndex=18,200,2413,10,10,html/094_PS03449_p18.html,2026-08-27T07:17:39+09:00
84f4167114e35594,PS03449,홍보,홍보,https://farmer.rda.go.kr/portal/menu6/board_lst1.do?m_id=3_19&m_mod=0&menuId=PS03449&pageIndex=19,200,2446,10,10,html/095_PS03449_p19.html,2026-08-27T07:17:40+09:00
22af43833e9238f5,PS03449,홍보,홍보,https://farmer.rda.go.kr/portal/menu6/board_lst1.do?m_id=3_19&m_mod=0&menuId=PS03449&pageIndex=20,200,2450,10,10,html/096_PS03449_p20.html,2026-08-27T07:17:40+09:00
82078077ab70b703,PS03449,홍보,홍보,https://farmer.rda.go.kr/portal/menu6/board_lst1.do?m_id=3_19&m_mod=0&menuId=PS03449&pageIndex=21,200,2384,10,10,html/097_PS03449_p21.html,2026-08-27T07:17:40+09:00
91747d3dfeaa902c,PS03449,홍보,홍보,https://farmer.rda.go.kr/portal/menu6/board_lst1.do?m_id=3_19&m_mod=0&menuId=PS03449&pageIndex=70,200,2464,10,10,html/098_PS03449_p70.html,2026-08-27T07:17:41+09:00
ac0d506e68ab749b,PS03449,홍보,홍보,https://farmer.rda.go.kr/portal/menu6/board_lst1.do?m_id=3_19&m_mod=0&menuId=PS03449&pageIndex=71,200,2286,10,10,html/099_PS03449_p71.html,2026-08-27T07:17:41+09:00
3fd8114e799d93c7,PS03449,홍보,홍보,https://farmer.rda.go.kr/portal/menu6/board_lst1.do?m_id=3_19&m_mod=0&menuId=PS03449&pageIndex=72,200,2257,10,10,html/100_PS03449_p72.html,2026-08-27T07:17:42+09:00
4eff4ab904cf49b0,PS03449,홍보,홍보,https://farmer.rda.go.kr/portal/menu6/board_lst1.do?m_id=3_19&m_mod=0&menuId=PS03449&pageIndex=73,200,2284,10,10,html/101_PS03449_p73.html,2026-08-27T07:17:42+09:00
e1970a7bbac90db1,PS03449,홍보,홍보,https://farmer.rda.go.kr/portal/menu6/board_lst1.do?m_id=3_19&m_mod=0&menuId=PS03449&pageIndex=74,200,2237,10,10,html/102_PS03449_p74.html,2026-08-27T07:17:42+09:00
ad9ca8e50f02ebbd,PS03449,홍보,홍보,https://farmer.rda.go.kr/portal/menu6/board_lst1.do?m_id=3_19&m_mod=0&menuId=PS03449&pageIndex=75,200,2273,10,10,html/103_PS03449_p75.html,2026-08-27T07:17:43+09:00
ca9e42dafdeb9bfc,PS03449,홍보,홍보,https://farmer.rda.go.kr/portal/menu6/board_lst1.do?m_id=3_19&m_mod=0&menuId=PS03449&pageIndex=76,200,2283,10,10,html/104_PS03449_p76.html,2026-08-27T07:17:43+09:00
139eb1df4e61a4d7,PS03449,홍보,홍보,https://farmer.rda.go.kr/portal/menu6/board_lst1.do?m_id=3_19&m_mod=0&menuId=PS03449&pageIndex=77,200,2273,10,10,html/105_PS03449_p77.html,2026-08-27T07:17:43+09:00
208193f94edea8c9,PS03449,홍보,홍보,https://farmer.rda.go.kr/portal/menu6/board_lst1.do?m_id=3_19&m_mod=0&menuId=PS03449&pageIndex=78,200,2275,10,10,html/106_PS03449_p78.html,2026-08-27T07:17:44+09:00
fa5973e188536f14,PS03449,홍보,홍보,https://farmer.rda.go.kr/portal/menu6/board_lst1.do?m_id=3_19&m_mod=0&menuId=PS03449&pageIndex=22,200,2411,10,10,html/107_PS03449_p22.html,2026-08-27T07:17:44+09:00
e9cada20accf93c2,PS03449,홍보,홍보,https://farmer.rda.go.kr/portal/menu6/board_lst1.do?m_id=3_19&m_mod=0&menuId=PS03449&pageIndex=23,200,2447,10,10,html/108_PS03449_p23.html,2026-08-27T07:17:45+09:00
7b13493adee8a971,PS03449,홍보,홍보,https://farmer.rda.go.kr/portal/menu6/board_lst1.do?m_id=3_19&m_mod=0&menuId=PS03449&pageIndex=24,200,2405,10,10,html/109_PS03449_p24.html,2026-08-27T07:17:45+09:00
17aeeaa58946e85c,PS03449,홍보,홍보,https://farmer.rda.go.kr/portal/menu6/board_lst1.do?m_id=3_19&m_mod=0&menuId=PS03449&pageIndex=25,200,2462,10,10,html/110_PS03449_p25.html,2026-08-27T07:17:45+09:00
6493ebb5c56e5635,PS03449,홍보,홍보,https://farmer.rda.go.kr/portal/menu6/board_lst1.do?m_id=3_19&m_mod=0&menuId=PS03449&pageIndex=26,200,2371,10,10,html/111_PS03449_p26.html,2026-08-27T07:17:46+09:00
c4317728912e073a,PS03449,홍보,홍보,https://farmer.rda.go.kr/portal/menu6/board_lst1.do?m_id=3_19&m_mod=0&menuId=PS03449&pageIndex=27,200,2395,10,10,html/112_PS03449_p27.html,2026-08-27T07:17:46+09:00
0dccf3644a96890a,PS03449,홍보,홍보,https://farmer.rda.go.kr/portal/menu6/board_lst1.do?m_id=3_19&m_mod=0&menuId=PS03449&pageIndex=28,200,2376,10,10,html/113_PS03449_p28.html,2026-08-27T07:17:46+09:00
004653ade62027ef,PS03449,홍보,홍보,https://farmer.rda.go.kr/portal/menu6/board_lst1.do?m_id=3_19&m_mod=0&menuId=PS03449&pageIndex=29,200,2438,10,10,html/114_PS03449_p29.html,2026-08-27T07:17:47+09:00
9a809d0fcb4a3c98,PS03449,홍보,홍보,https://farmer.rda.go.kr/portal/menu6/board_lst1.do?m_id=3_19&m_mod=0&menuId=PS03449&pageIndex=30,200,2403,10,10,html/115_PS03449_p30.html,2026-08-27T07:17:47+09:00
690e8045ee5f243c,PS03449,홍보,홍보,https://farmer.rda.go.kr/portal/menu6/board_lst1.do?m_id=3_19&m_mod=0&menuId=PS03449&pageIndex=31,200,2348,10,10,html/116_PS03449_p31.html,2026-08-27T07:17:47+09:00
770eaa46dcb88ef9,PS03449,홍보,홍보,https://farmer.rda.go.kr/portal/menu6/board_lst1.do?m_id=3_19&m_mod=0&menuId=PS03449&pageIndex=60,200,2436,10,10,html/117_PS03449_p60.html,2026-08-27T07:17:48+09:00
142136948f0f477c,PS03449,홍보,홍보,https://farmer.rda.go.kr/portal/menu6/board_lst1.do?m_id=3_19&m_mod=0&menuId=PS03449&pageIndex=61,200,2376,10,10,html/118_PS03449_p61.html,2026-08-27T07:17:48+09:00
ea07497dfa2f3970,PS03449,홍보,홍보,https://farmer.rda.go.kr/portal/menu6/board_lst1.do?m_id=3_19&m_mod=0&menuId=PS03449&pageIndex=62,200,2491,10,10,html/119_PS03449_p62.html,2026-08-27T07:17:49+09:00
003bd3b2466feb9a,PS03449,홍보,홍보,https://farmer.rda.go.kr/portal/menu6/board_lst1.do?m_id=3_19&m_mod=0&menuId=PS03449&pageIndex=63,200,2450,10,10,html/120_PS03449_p63.html,2026-08-27T07:17:49+09:00
994ed7e346406ae1,PS03449,홍보,홍보,https://farmer.rda.go.kr/portal/menu6/board_lst1.do?m_id=3_19&m_mod=0&menuId=PS03449&pageIndex=64,200,2490,10,10,html/121_PS03449_p64.html,2026-08-27T07:17:49+09:00
c0dea8dd83e2f5a5,PS03449,홍보,홍보,https://farmer.rda.go.kr/portal/menu6/board_lst1.do?m_id=3_19&m_mod=0&menuId=PS03449&pageIndex=65,200,2377,10,10,html/122_PS03449_p65.html,2026-08-27T07:17:50+09:00
759f0451f8d5957a,PS03449,홍보,홍보,https://farmer.rda.go.kr/portal/menu6/board_lst1.do?m_id=3_19&m_mod=0&menuId=PS03449&pageIndex=66,200,2348,10,10,html/123_PS03449_p66.html,2026-08-27T07:17:50+09:00
22e1c5e758782feb,PS03449,홍보,홍보,https://farmer.rda.go.kr/portal/menu6/board_lst1.do?m_id=3_19&m_mod=0&menuId=PS03449&pageIndex=67,200,2489,10,10,html/124_PS03449_p67.html,2026-08-27T07:17:50+09:00
b565b4396bd8383c,PS03449,홍보,홍보,https://farmer.rda.go.kr/portal/menu6/board_lst1.do?m_id=3_19&m_mod=0&menuId=PS03449&pageIndex=68,200,2438,10,10,html/125_PS03449_p68.html,2026-08-27T07:17:51+09:00
d5fc0947c0dc9da7,PS03449,홍보,홍보,https://farmer.rda.go.kr/portal/menu6/board_lst1.do?m_id=3_19&m_mod=0&menuId=PS03449&pageIndex=69,200,2448,10,10,html/126_PS03449_p69.html,2026-08-27T07:17:51+09:00
9bb388fe13e2694a,PS03449,홍보,홍보,https://farmer.rda.go.kr/portal/menu6/board_lst1.do?m_id=3_19&m_mod=0&menuId=PS03449&pageIndex=32,200,2491,10,10,html/127_PS03449_p32.html,2026-08-27T07:17:52+09:00
f448bc10686da875,PS03449,홍보,홍보,https://farmer.rda.go.kr/portal/menu6/board_lst1.do?m_id=3_19&m_mod=0&menuId=PS03449&pageIndex=33,200,2474,10,10,html/128_PS03449_p33.html,2026-08-27T07:17:52+09:00
b63fb59cc52f8d68,PS03449,홍보,홍보,https://farmer.rda.go.kr/portal/menu6/board_lst1.do?m_id=3_19&m_mod=0&menuId=PS03449&pageIndex=34,200,2447,10,10,html/129_PS03449_p34.html,2026-08-27T07:17:52+09:00
d1ef955c8afc648e,PS03449,홍보,홍보,https://farmer.rda.go.kr/portal/menu6/board_lst1.do?m_id=3_19&m_mod=0&menuId=PS03449&pageIndex=35,200,2458,10,10,html/130_PS03449_p35.html,2026-08-27T07:17:53+09:00
767c5c34074ecb69,PS03449,홍보,홍보,https://farmer.rda.go.kr/portal/menu6/board_lst1.do?m_id=3_19&m_mod=0&menuId=PS03449&pageIndex=36,200,2495,10,10,html/131_PS03449_p36.html,2026-08-27T07:17:53+09:00
82684606c7ff32d0,PS03449,홍보,홍보,https://farmer.rda.go.kr/portal/menu6/board_lst1.do?m_id=3_19&m_mod=0&menuId=PS03449&pageIndex=37,200,2374,10,10,html/132_PS03449_p37.html,2026-08-27T07:17:53+09:00
0eb06f0488124198,PS03449,홍보,홍보,https://farmer.rda.go.kr/portal/menu6/board_lst1.do?m_id=3_19&m_mod=0&menuId=PS03449&pageIndex=38,200,2420,10,10,html/133_PS03449_p38.html,2026-08-27T07:17:54+09:00
a856ae2847ae13e0,PS03449,홍보,홍보,https://farmer.rda.go.kr/portal/menu6/board_lst1.do?m_id=3_19&m_mod=0&menuId=PS03449&pageIndex=39,200,2366,10,10,html/134_PS03449_p39.html,2026-08-27T07:17:54+09:00
cd255295f7c8cc7d,PS03449,홍보,홍보,https://farmer.rda.go.kr/portal/menu6/board_lst1.do?m_id=3_19&m_mod=0&menuId=PS03449&pageIndex=40,200,2426,10,10,html/135_PS03449_p40.html,2026-08-27T07:17:54+09:00
458f41b00608310c,PS03449,홍보,홍보,https://farmer.rda.go.kr/portal/menu6/board_lst1.do?m_id=3_19&m_mod=0&menuId=PS03449&pageIndex=41,200,2419,10,10,html/136_PS03449_p41.html,2026-08-27T07:17:55+09:00
a80f4136c8829dfb,PS03449,홍보,홍보,https://farmer.rda.go.kr/portal/menu6/board_lst1.do?m_id=3_19&m_mod=0&menuId=PS03449&pageIndex=50,200,2436,10,10,html/137_PS03449_p50.html,2026-08-27T07:17:55+09:00
65d130e34051fe62,PS03449,홍보,홍보,https://farmer.rda.go.kr/portal/menu6/board_lst1.do?m_id=3_19&m_mod=0&menuId=PS03449&pageIndex=51,200,2413,10,10,html/138_PS03449_p51.html,2026-08-27T07:17:56+09:00
e3aa08274f408e6e,PS03449,홍보,홍보,https://farmer.rda.go.kr/portal/menu6/board_lst1.do?m_id=3_19&m_mod=0&menuId=PS03449&pageIndex=52,200,2419,10,10,html/139_PS03449_p52.html,2026-08-27T07:17:56+09:00
9dc4a6726ddfd589,PS03449,홍보,홍보,https://farmer.rda.go.kr/portal/menu6/board_lst1.do?m_id=3_19&m_mod=0&menuId=PS03449&pageIndex=53,200,2432,10,10,html/140_PS03449_p53.html,2026-08-27T07:17:56+09:00
e332f6a21225f96e,PS03449,홍보,홍보,https://farmer.rda.go.kr/portal/menu6/board_lst1.do?m_id=3_19&m_mod=0&menuId=PS03449&pageIndex=54,200,2431,10,10,html/141_PS03449_p54.html,2026-08-27T07:17:57+09:00
8876d6881d18593d,PS03449,홍보,홍보,https://farmer.rda.go.kr/portal/menu6/board_lst1.do?m_id=3_19&m_mod=0&menuId=PS03449&pageIndex=55,200,2493,10,10,html/142_PS03449_p55.html,2026-08-27T07:17:57+09:00
2c146a179a19b95c,PS03449,홍보,홍보,https://farmer.rda.go.kr/portal/menu6/board_lst1.do?m_id=3_19&m_mod=0&menuId=PS03449&pageIndex=56,200,2382,10,10,html/143_PS03449_p56.html,2026-08-27T07:17:57+09:00
de86b711f0b12712,PS03449,홍보,홍보,https://farmer.rda.go.kr/portal/menu6/board_lst1.do?m_id=3_19&m_mod=0&menuId=PS03449&pageIndex=57,200,2382,10,10,html/144_PS03449_p57.html,2026-08-27T07:17:58+09:00
de2b29477495b96c,PS03449,홍보,홍보,https://farmer.rda.go.kr/portal/menu6/board_lst1.do?m_id=3_19&m_mod=0&menuId=PS03449&pageIndex=58,200,2366,10,10,html/145_PS03449_p58.html,2026-08-27T07:17:58+09:00
2b5547b089e49d1b,PS03449,홍보,홍보,https://farmer.rda.go.kr/portal/menu6/board_lst1.do?m_id=3_19&m_mod=0&menuId=PS03449&pageIndex=59,200,2399,10,10,html/146_PS03449_p59.html,2026-08-27T07:17:58+09:00
c3d4c75d8fb44782,PS03449,홍보,홍보,https://farmer.rda.go.kr/portal/menu6/board_lst1.do?m_id=3_19&m_mod=0&menuId=PS03449&pageIndex=42,200,2382,10,10,html/147_PS03449_p42.html,2026-08-27T07:17:59+09:00
0db542d358e26f5f,PS03449,홍보,홍보,https://farmer.rda.go.kr/portal/menu6/board_lst1.do?m_id=3_19&m_mod=0&menuId=PS03449&pageIndex=43,200,2440,10,10,html/148_PS03449_p43.html,2026-08-27T07:17:59+09:00
5bc9b13c09ed7d8e,PS03449,홍보,홍보,https://farmer.rda.go.kr/portal/menu6/board_lst1.do?m_id=3_19&m_mod=0&menuId=PS03449&pageIndex=44,200,2513,10,10,html/149_PS03449_p44.html,2026-08-27T07:18:00+09:00
b8e62f6c8044d07e,PS03449,홍보,홍보,https://farmer.rda.go.kr/portal/menu6/board_lst1.do?m_id=3_19&m_mod=0&menuId=PS03449&pageIndex=45,200,2424,10,10,html/150_PS03449_p45.html,2026-08-27T07:18:00+09:00
e74113f4e8fc26fc,PS03449,홍보,홍보,https://farmer.rda.go.kr/portal/menu6/board_lst1.do?m_id=3_19&m_mod=0&menuId=PS03449&pageIndex=46,200,2423,10,10,html/151_PS03449_p46.html,2026-08-27T07:18:00+09:00
d0080dbc6473869a,PS03449,홍보,홍보,https://farmer.rda.go.kr/portal/menu6/board_lst1.do?m_id=3_19&m_mod=0&menuId=PS03449&pageIndex=47,200,2402,10,10,html/152_PS03449_p47.html,2026-08-27T07:18:01+09:00
6331962bc37cf99d,PS03449,홍보,홍보,https://farmer.rda.go.kr/portal/menu6/board_lst1.do?m_id=3_19&m_mod=0&menuId=PS03449&pageIndex=48,200,2440,10,10,html/153_PS03449_p48.html,2026-08-27T07:18:01+09:00
0d3aa87fd3a8ced9,PS03449,홍보,홍보,https://farmer.rda.go.kr/portal/menu6/board_lst1.do?m_id=3_19&m_mod=0&menuId=PS03449&pageIndex=49,200,2436,10,10,html/154_PS03449_p49.html,2026-08-27T07:18:01+09:00
