병해충,작물,기상요인,기상열,순위상관계수,비교단위수,근거연도,근거등급,관계방향,해석주의
갈색무늬병,사과,기온,평균기온_C,0.384,50,2024·2026,참고 가능,같이 증가,관측자료의 연관성으로 인과관계나 2027년 실제 기상을 뜻하지 않음
갈색무늬병,사과,습도,평균습도_퍼센트,0.2267,50,2024·2026,약함,같이 증가,관측자료의 연관성으로 인과관계나 2027년 실제 기상을 뜻하지 않음
갈색무늬병,사과,강수량,지점평균누적강수량_mm,0.2385,50,2024·2026,약함,같이 증가,관측자료의 연관성으로 인과관계나 2027년 실제 기상을 뜻하지 않음
갈색무늬병,사과,풍속,평균풍속_m_s,-0.1337,50,2024·2026,약함,반대 방향,관측자료의 연관성으로 인과관계나 2027년 실제 기상을 뜻하지 않음
갈색무늬병,포도,기온,평균기온_C,0.4725,56,2024·2026,참고 가능,같이 증가,관측자료의 연관성으로 인과관계나 2027년 실제 기상을 뜻하지 않음
갈색무늬병,포도,습도,평균습도_퍼센트,0.6339,56,2024·2026,비교적 뚜렷,같이 증가,관측자료의 연관성으로 인과관계나 2027년 실제 기상을 뜻하지 않음
갈색무늬병,포도,강수량,지점평균누적강수량_mm,0.18,56,2024·2026,약함,같이 증가,관측자료의 연관성으로 인과관계나 2027년 실제 기상을 뜻하지 않음
갈색무늬병,포도,풍속,평균풍속_m_s,-0.1341,56,2024·2026,약함,반대 방향,관측자료의 연관성으로 인과관계나 2027년 실제 기상을 뜻하지 않음
갈색여치,배,기온,평균기온_C,,17,2024,자료 부족,판단 불가,관측자료의 연관성으로 인과관계나 2027년 실제 기상을 뜻하지 않음
갈색여치,배,습도,평균습도_퍼센트,,17,2024,자료 부족,판단 불가,관측자료의 연관성으로 인과관계나 2027년 실제 기상을 뜻하지 않음
갈색여치,배,강수량,지점평균누적강수량_mm,,17,2024,자료 부족,판단 불가,관측자료의 연관성으로 인과관계나 2027년 실제 기상을 뜻하지 않음
갈색여치,배,풍속,평균풍속_m_s,,17,2024,자료 부족,판단 불가,관측자료의 연관성으로 인과관계나 2027년 실제 기상을 뜻하지 않음
갈색여치,사과,기온,평균기온_C,0.2571,18,2024,약함,같이 증가,관측자료의 연관성으로 인과관계나 2027년 실제 기상을 뜻하지 않음
갈색여치,사과,습도,평균습도_퍼센트,-0.1169,18,2024,약함,반대 방향,관측자료의 연관성으로 인과관계나 2027년 실제 기상을 뜻하지 않음
갈색여치,사과,강수량,지점평균누적강수량_mm,-0.1169,18,2024,약함,반대 방향,관측자료의 연관성으로 인과관계나 2027년 실제 기상을 뜻하지 않음
갈색여치,사과,풍속,평균풍속_m_s,-0.3039,18,2024,참고 가능,반대 방향,관측자료의 연관성으로 인과관계나 2027년 실제 기상을 뜻하지 않음
감꼭지나방,감,기온,평균기온_C,0.4885,16,2026,참고 가능,같이 증가,관측자료의 연관성으로 인과관계나 2027년 실제 기상을 뜻하지 않음
감꼭지나방,감,습도,평균습도_퍼센트,0.0807,16,2026,약함,뚜렷한 방향 없음,관측자료의 연관성으로 인과관계나 2027년 실제 기상을 뜻하지 않음
감꼭지나방,감,강수량,지점평균누적강수량_mm,-0.487,16,2026,참고 가능,반대 방향,관측자료의 연관성으로 인과관계나 2027년 실제 기상을 뜻하지 않음
감꼭지나방,감,풍속,평균풍속_m_s,-0.2779,16,2026,약함,반대 방향,관측자료의 연관성으로 인과관계나 2027년 실제 기상을 뜻하지 않음
검은무늬병,양파,기온,평균기온_C,,15,2026,자료 부족,판단 불가,관측자료의 연관성으로 인과관계나 2027년 실제 기상을 뜻하지 않음
검은무늬병,양파,습도,평균습도_퍼센트,,15,2026,자료 부족,판단 불가,관측자료의 연관성으로 인과관계나 2027년 실제 기상을 뜻하지 않음
검은무늬병,양파,강수량,지점평균누적강수량_mm,,15,2026,자료 부족,판단 불가,관측자료의 연관성으로 인과관계나 2027년 실제 기상을 뜻하지 않음
검은무늬병,양파,풍속,평균풍속_m_s,,15,2026,자료 부족,판단 불가,관측자료의 연관성으로 인과관계나 2027년 실제 기상을 뜻하지 않음
검은별무늬병,배,기온,평균기온_C,0.1531,57,2024·2026,약함,같이 증가,관측자료의 연관성으로 인과관계나 2027년 실제 기상을 뜻하지 않음
검은별무늬병,배,습도,평균습도_퍼센트,-0.0427,57,2024·2026,약함,뚜렷한 방향 없음,관측자료의 연관성으로 인과관계나 2027년 실제 기상을 뜻하지 않음
검은별무늬병,배,강수량,지점평균누적강수량_mm,-0.1208,57,2024·2026,약함,반대 방향,관측자료의 연관성으로 인과관계나 2027년 실제 기상을 뜻하지 않음
검은별무늬병,배,풍속,평균풍속_m_s,0.3433,57,2024·2026,참고 가능,같이 증가,관측자료의 연관성으로 인과관계나 2027년 실제 기상을 뜻하지 않음
검은점무늬병,감귤,기온,평균기온_C,,4,2026,자료 부족,판단 불가,관측자료의 연관성으로 인과관계나 2027년 실제 기상을 뜻하지 않음
검은점무늬병,감귤,습도,평균습도_퍼센트,,4,2026,자료 부족,판단 불가,관측자료의 연관성으로 인과관계나 2027년 실제 기상을 뜻하지 않음
검은점무늬병,감귤,강수량,지점평균누적강수량_mm,,4,2026,자료 부족,판단 불가,관측자료의 연관성으로 인과관계나 2027년 실제 기상을 뜻하지 않음
검은점무늬병,감귤,풍속,평균풍속_m_s,,4,2026,자료 부족,판단 불가,관측자료의 연관성으로 인과관계나 2027년 실제 기상을 뜻하지 않음
겹무늬병,배,기온,평균기온_C,0.2503,57,2024·2026,약함,같이 증가,관측자료의 연관성으로 인과관계나 2027년 실제 기상을 뜻하지 않음
겹무늬병,배,습도,평균습도_퍼센트,0.2061,57,2024·2026,약함,같이 증가,관측자료의 연관성으로 인과관계나 2027년 실제 기상을 뜻하지 않음
겹무늬병,배,강수량,지점평균누적강수량_mm,-0.0756,57,2024·2026,약함,뚜렷한 방향 없음,관측자료의 연관성으로 인과관계나 2027년 실제 기상을 뜻하지 않음
겹무늬병,배,풍속,평균풍속_m_s,0.0267,57,2024·2026,약함,뚜렷한 방향 없음,관측자료의 연관성으로 인과관계나 2027년 실제 기상을 뜻하지 않음
겹무늬썩음병,사과,기온,평균기온_C,0.0445,50,2024·2026,약함,뚜렷한 방향 없음,관측자료의 연관성으로 인과관계나 2027년 실제 기상을 뜻하지 않음
겹무늬썩음병,사과,습도,평균습도_퍼센트,-0.1237,50,2024·2026,약함,반대 방향,관측자료의 연관성으로 인과관계나 2027년 실제 기상을 뜻하지 않음
겹무늬썩음병,사과,강수량,지점평균누적강수량_mm,-0.0346,50,2024·2026,약함,뚜렷한 방향 없음,관측자료의 연관성으로 인과관계나 2027년 실제 기상을 뜻하지 않음
겹무늬썩음병,사과,풍속,평균풍속_m_s,-0.1534,50,2024·2026,약함,반대 방향,관측자료의 연관성으로 인과관계나 2027년 실제 기상을 뜻하지 않음
고자리파리,양파,기온,평균기온_C,0.1809,30,2024·2026,약함,같이 증가,관측자료의 연관성으로 인과관계나 2027년 실제 기상을 뜻하지 않음
고자리파리,양파,습도,평균습도_퍼센트,0.2406,30,2024·2026,약함,같이 증가,관측자료의 연관성으로 인과관계나 2027년 실제 기상을 뜻하지 않음
고자리파리,양파,강수량,지점평균누적강수량_mm,0.0446,30,2024·2026,약함,뚜렷한 방향 없음,관측자료의 연관성으로 인과관계나 2027년 실제 기상을 뜻하지 않음
고자리파리,양파,풍속,평균풍속_m_s,0.4212,30,2024·2026,참고 가능,같이 증가,관측자료의 연관성으로 인과관계나 2027년 실제 기상을 뜻하지 않음
과심곰팡이,사과,기온,평균기온_C,0.0891,18,2024,약함,뚜렷한 방향 없음,관측자료의 연관성으로 인과관계나 2027년 실제 기상을 뜻하지 않음
과심곰팡이,사과,습도,평균습도_퍼센트,-0.194,18,2024,약함,반대 방향,관측자료의 연관성으로 인과관계나 2027년 실제 기상을 뜻하지 않음
과심곰팡이,사과,강수량,지점평균누적강수량_mm,-0.2211,18,2024,약함,반대 방향,관측자료의 연관성으로 인과관계나 2027년 실제 기상을 뜻하지 않음
과심곰팡이,사과,풍속,평균풍속_m_s,-0.1734,18,2024,약함,반대 방향,관측자료의 연관성으로 인과관계나 2027년 실제 기상을 뜻하지 않음
과피얼룩병,배,기온,평균기온_C,-0.051,17,2024,약함,뚜렷한 방향 없음,관측자료의 연관성으로 인과관계나 2027년 실제 기상을 뜻하지 않음
과피얼룩병,배,습도,평균습도_퍼센트,-0.3572,17,2024,참고 가능,반대 방향,관측자료의 연관성으로 인과관계나 2027년 실제 기상을 뜻하지 않음
과피얼룩병,배,강수량,지점평균누적강수량_mm,0.2552,17,2024,약함,같이 증가,관측자료의 연관성으로 인과관계나 2027년 실제 기상을 뜻하지 않음
과피얼룩병,배,풍속,평균풍속_m_s,0.1021,17,2024,약함,같이 증가,관측자료의 연관성으로 인과관계나 2027년 실제 기상을 뜻하지 않음
궤양병,감귤,기온,평균기온_C,,4,2026,자료 부족,판단 불가,관측자료의 연관성으로 인과관계나 2027년 실제 기상을 뜻하지 않음
궤양병,감귤,습도,평균습도_퍼센트,,4,2026,자료 부족,판단 불가,관측자료의 연관성으로 인과관계나 2027년 실제 기상을 뜻하지 않음
궤양병,감귤,강수량,지점평균누적강수량_mm,,4,2026,자료 부족,판단 불가,관측자료의 연관성으로 인과관계나 2027년 실제 기상을 뜻하지 않음
궤양병,감귤,풍속,평균풍속_m_s,,4,2026,자료 부족,판단 불가,관측자료의 연관성으로 인과관계나 2027년 실제 기상을 뜻하지 않음
귤굴나방,감귤,기온,평균기온_C,,4,2026,자료 부족,판단 불가,관측자료의 연관성으로 인과관계나 2027년 실제 기상을 뜻하지 않음
귤굴나방,감귤,습도,평균습도_퍼센트,,4,2026,자료 부족,판단 불가,관측자료의 연관성으로 인과관계나 2027년 실제 기상을 뜻하지 않음
귤굴나방,감귤,강수량,지점평균누적강수량_mm,,4,2026,자료 부족,판단 불가,관측자료의 연관성으로 인과관계나 2027년 실제 기상을 뜻하지 않음
귤굴나방,감귤,풍속,평균풍속_m_s,,4,2026,자료 부족,판단 불가,관측자료의 연관성으로 인과관계나 2027년 실제 기상을 뜻하지 않음
귤응애,감귤,기온,평균기온_C,,4,2026,자료 부족,판단 불가,관측자료의 연관성으로 인과관계나 2027년 실제 기상을 뜻하지 않음
귤응애,감귤,습도,평균습도_퍼센트,,4,2026,자료 부족,판단 불가,관측자료의 연관성으로 인과관계나 2027년 실제 기상을 뜻하지 않음
귤응애,감귤,강수량,지점평균누적강수량_mm,,4,2026,자료 부족,판단 불가,관측자료의 연관성으로 인과관계나 2027년 실제 기상을 뜻하지 않음
귤응애,감귤,풍속,평균풍속_m_s,,4,2026,자료 부족,판단 불가,관측자료의 연관성으로 인과관계나 2027년 실제 기상을 뜻하지 않음
그을음병,사과,기온,평균기온_C,,18,2024,자료 부족,판단 불가,관측자료의 연관성으로 인과관계나 2027년 실제 기상을 뜻하지 않음
그을음병,사과,습도,평균습도_퍼센트,,18,2024,자료 부족,판단 불가,관측자료의 연관성으로 인과관계나 2027년 실제 기상을 뜻하지 않음
그을음병,사과,강수량,지점평균누적강수량_mm,,18,2024,자료 부족,판단 불가,관측자료의 연관성으로 인과관계나 2027년 실제 기상을 뜻하지 않음
그을음병,사과,풍속,평균풍속_m_s,,18,2024,자료 부족,판단 불가,관측자료의 연관성으로 인과관계나 2027년 실제 기상을 뜻하지 않음
깍지벌레,감귤,기온,평균기온_C,,4,2026,자료 부족,판단 불가,관측자료의 연관성으로 인과관계나 2027년 실제 기상을 뜻하지 않음
깍지벌레,감귤,습도,평균습도_퍼센트,,4,2026,자료 부족,판단 불가,관측자료의 연관성으로 인과관계나 2027년 실제 기상을 뜻하지 않음
깍지벌레,감귤,강수량,지점평균누적강수량_mm,,4,2026,자료 부족,판단 불가,관측자료의 연관성으로 인과관계나 2027년 실제 기상을 뜻하지 않음
깍지벌레,감귤,풍속,평균풍속_m_s,,4,2026,자료 부족,판단 불가,관측자료의 연관성으로 인과관계나 2027년 실제 기상을 뜻하지 않음
깍지벌레류,감,기온,평균기온_C,0.599,16,2026,참고 가능,같이 증가,관측자료의 연관성으로 인과관계나 2027년 실제 기상을 뜻하지 않음
깍지벌레류,감,습도,평균습도_퍼센트,0.1266,16,2026,약함,같이 증가,관측자료의 연관성으로 인과관계나 2027년 실제 기상을 뜻하지 않음
깍지벌레류,감,강수량,지점평균누적강수량_mm,-0.2428,16,2026,약함,반대 방향,관측자료의 연관성으로 인과관계나 2027년 실제 기상을 뜻하지 않음
깍지벌레류,감,풍속,평균풍속_m_s,-0.2001,16,2026,약함,반대 방향,관측자료의 연관성으로 인과관계나 2027년 실제 기상을 뜻하지 않음
깍지벌레류,배,기온,평균기온_C,0.1145,57,2024·2026,약함,같이 증가,관측자료의 연관성으로 인과관계나 2027년 실제 기상을 뜻하지 않음
깍지벌레류,배,습도,평균습도_퍼센트,0.1335,57,2024·2026,약함,같이 증가,관측자료의 연관성으로 인과관계나 2027년 실제 기상을 뜻하지 않음
깍지벌레류,배,강수량,지점평균누적강수량_mm,-0.1207,57,2024·2026,약함,반대 방향,관측자료의 연관성으로 인과관계나 2027년 실제 기상을 뜻하지 않음
깍지벌레류,배,풍속,평균풍속_m_s,0.374,57,2024·2026,참고 가능,같이 증가,관측자료의 연관성으로 인과관계나 2027년 실제 기상을 뜻하지 않음
깜부기병,보리,기온,평균기온_C,0.7165,24,2026,비교적 뚜렷,같이 증가,관측자료의 연관성으로 인과관계나 2027년 실제 기상을 뜻하지 않음
깜부기병,보리,습도,평균습도_퍼센트,0.4578,24,2026,참고 가능,같이 증가,관측자료의 연관성으로 인과관계나 2027년 실제 기상을 뜻하지 않음
깜부기병,보리,강수량,지점평균누적강수량_mm,0.5014,24,2026,비교적 뚜렷,같이 증가,관측자료의 연관성으로 인과관계나 2027년 실제 기상을 뜻하지 않음
깜부기병,보리,풍속,평균풍속_m_s,-0.1242,24,2026,약함,반대 방향,관측자료의 연관성으로 인과관계나 2027년 실제 기상을 뜻하지 않음
깨씨무늬병,논벼,기온,평균기온_C,0.3214,56,2024·2026,참고 가능,같이 증가,관측자료의 연관성으로 인과관계나 2027년 실제 기상을 뜻하지 않음
깨씨무늬병,논벼,습도,평균습도_퍼센트,0.2903,56,2024·2026,약함,같이 증가,관측자료의 연관성으로 인과관계나 2027년 실제 기상을 뜻하지 않음
깨씨무늬병,논벼,강수량,지점평균누적강수량_mm,0.0174,56,2024·2026,약함,뚜렷한 방향 없음,관측자료의 연관성으로 인과관계나 2027년 실제 기상을 뜻하지 않음
깨씨무늬병,논벼,풍속,평균풍속_m_s,-0.054,56,2024·2026,약함,뚜렷한 방향 없음,관측자료의 연관성으로 인과관계나 2027년 실제 기상을 뜻하지 않음
꼬마배나무이,배,기온,평균기온_C,,17,2024,자료 부족,판단 불가,관측자료의 연관성으로 인과관계나 2027년 실제 기상을 뜻하지 않음
꼬마배나무이,배,습도,평균습도_퍼센트,,17,2024,자료 부족,판단 불가,관측자료의 연관성으로 인과관계나 2027년 실제 기상을 뜻하지 않음
꼬마배나무이,배,강수량,지점평균누적강수량_mm,,17,2024,자료 부족,판단 불가,관측자료의 연관성으로 인과관계나 2027년 실제 기상을 뜻하지 않음
꼬마배나무이,배,풍속,평균풍속_m_s,,17,2024,자료 부족,판단 불가,관측자료의 연관성으로 인과관계나 2027년 실제 기상을 뜻하지 않음
꽃노랑총채벌레,고추,기온,평균기온_C,0.0437,12,2024,약함,뚜렷한 방향 없음,관측자료의 연관성으로 인과관계나 2027년 실제 기상을 뜻하지 않음
꽃노랑총채벌레,고추,습도,평균습도_퍼센트,-0.0437,12,2024,약함,뚜렷한 방향 없음,관측자료의 연관성으로 인과관계나 2027년 실제 기상을 뜻하지 않음
꽃노랑총채벌레,고추,강수량,지점평균누적강수량_mm,-0.3057,12,2024,참고 가능,반대 방향,관측자료의 연관성으로 인과관계나 2027년 실제 기상을 뜻하지 않음
꽃노랑총채벌레,고추,풍속,평균풍속_m_s,0.131,12,2024,약함,같이 증가,관측자료의 연관성으로 인과관계나 2027년 실제 기상을 뜻하지 않음
꽃매미,포도,기온,평균기온_C,0.2799,56,2024·2026,약함,같이 증가,관측자료의 연관성으로 인과관계나 2027년 실제 기상을 뜻하지 않음
꽃매미,포도,습도,평균습도_퍼센트,0.2262,56,2024·2026,약함,같이 증가,관측자료의 연관성으로 인과관계나 2027년 실제 기상을 뜻하지 않음
꽃매미,포도,강수량,지점평균누적강수량_mm,0.0879,56,2024·2026,약함,뚜렷한 방향 없음,관측자료의 연관성으로 인과관계나 2027년 실제 기상을 뜻하지 않음
꽃매미,포도,풍속,평균풍속_m_s,-0.2997,56,2024·2026,약함,반대 방향,관측자료의 연관성으로 인과관계나 2027년 실제 기상을 뜻하지 않음
끝동매미충,논벼,기온,평균기온_C,0.1302,56,2024·2026,약함,같이 증가,관측자료의 연관성으로 인과관계나 2027년 실제 기상을 뜻하지 않음
끝동매미충,논벼,습도,평균습도_퍼센트,0.2536,56,2024·2026,약함,같이 증가,관측자료의 연관성으로 인과관계나 2027년 실제 기상을 뜻하지 않음
끝동매미충,논벼,강수량,지점평균누적강수량_mm,0.1444,56,2024·2026,약함,같이 증가,관측자료의 연관성으로 인과관계나 2027년 실제 기상을 뜻하지 않음
끝동매미충,논벼,풍속,평균풍속_m_s,0.0033,56,2024·2026,약함,뚜렷한 방향 없음,관측자료의 연관성으로 인과관계나 2027년 실제 기상을 뜻하지 않음
나무좀,사과,기온,평균기온_C,-0.1235,18,2024,약함,반대 방향,관측자료의 연관성으로 인과관계나 2027년 실제 기상을 뜻하지 않음
나무좀,사과,습도,평균습도_퍼센트,0.0657,18,2024,약함,뚜렷한 방향 없음,관측자료의 연관성으로 인과관계나 2027년 실제 기상을 뜻하지 않음
나무좀,사과,강수량,지점평균누적강수량_mm,-0.1835,18,2024,약함,반대 방향,관측자료의 연관성으로 인과관계나 2027년 실제 기상을 뜻하지 않음
나무좀,사과,풍속,평균풍속_m_s,-0.1575,18,2024,약함,반대 방향,관측자료의 연관성으로 인과관계나 2027년 실제 기상을 뜻하지 않음
난지형마늘-고자리파리,마늘,기온,평균기온_C,0.083,42,2024·2026,약함,뚜렷한 방향 없음,관측자료의 연관성으로 인과관계나 2027년 실제 기상을 뜻하지 않음
난지형마늘-고자리파리,마늘,습도,평균습도_퍼센트,0.2221,42,2024·2026,약함,같이 증가,관측자료의 연관성으로 인과관계나 2027년 실제 기상을 뜻하지 않음
난지형마늘-고자리파리,마늘,강수량,지점평균누적강수량_mm,0.4441,42,2024·2026,참고 가능,같이 증가,관측자료의 연관성으로 인과관계나 2027년 실제 기상을 뜻하지 않음
난지형마늘-고자리파리,마늘,풍속,평균풍속_m_s,0.2289,42,2024·2026,약함,같이 증가,관측자료의 연관성으로 인과관계나 2027년 실제 기상을 뜻하지 않음
난지형마늘-녹병,마늘,기온,평균기온_C,0.4089,18,2026,참고 가능,같이 증가,관측자료의 연관성으로 인과관계나 2027년 실제 기상을 뜻하지 않음
난지형마늘-녹병,마늘,습도,평균습도_퍼센트,0.2726,18,2026,약함,같이 증가,관측자료의 연관성으로 인과관계나 2027년 실제 기상을 뜻하지 않음
난지형마늘-녹병,마늘,강수량,지점평균누적강수량_mm,0.3748,18,2026,참고 가능,같이 증가,관측자료의 연관성으로 인과관계나 2027년 실제 기상을 뜻하지 않음
난지형마늘-녹병,마늘,풍속,평균풍속_m_s,0.2385,18,2026,약함,같이 증가,관측자료의 연관성으로 인과관계나 2027년 실제 기상을 뜻하지 않음
난지형마늘-무름병,마늘,기온,평균기온_C,0.2495,18,2026,약함,같이 증가,관측자료의 연관성으로 인과관계나 2027년 실제 기상을 뜻하지 않음
난지형마늘-무름병,마늘,습도,평균습도_퍼센트,0.5654,18,2026,참고 가능,같이 증가,관측자료의 연관성으로 인과관계나 2027년 실제 기상을 뜻하지 않음
난지형마늘-무름병,마늘,강수량,지점평균누적강수량_mm,0.2889,18,2026,약함,같이 증가,관측자료의 연관성으로 인과관계나 2027년 실제 기상을 뜻하지 않음
난지형마늘-무름병,마늘,풍속,평균풍속_m_s,-0.0184,18,2026,약함,뚜렷한 방향 없음,관측자료의 연관성으로 인과관계나 2027년 실제 기상을 뜻하지 않음
난지형마늘-바이러스,마늘,기온,평균기온_C,0.3067,18,2026,참고 가능,같이 증가,관측자료의 연관성으로 인과관계나 2027년 실제 기상을 뜻하지 않음
난지형마늘-바이러스,마늘,습도,평균습도_퍼센트,0.5111,18,2026,참고 가능,같이 증가,관측자료의 연관성으로 인과관계나 2027년 실제 기상을 뜻하지 않음
난지형마늘-바이러스,마늘,강수량,지점평균누적강수량_mm,0.3407,18,2026,참고 가능,같이 증가,관측자료의 연관성으로 인과관계나 2027년 실제 기상을 뜻하지 않음
난지형마늘-바이러스,마늘,풍속,평균풍속_m_s,0.1704,18,2026,약함,같이 증가,관측자료의 연관성으로 인과관계나 2027년 실제 기상을 뜻하지 않음
난지형마늘-뿌리응애,마늘,기온,평균기온_C,0.2135,18,2026,약함,같이 증가,관측자료의 연관성으로 인과관계나 2027년 실제 기상을 뜻하지 않음
난지형마늘-뿌리응애,마늘,습도,평균습도_퍼센트,0.4819,18,2026,참고 가능,같이 증가,관측자료의 연관성으로 인과관계나 2027년 실제 기상을 뜻하지 않음
난지형마늘-뿌리응애,마늘,강수량,지점평균누적강수량_mm,0.4781,18,2026,참고 가능,같이 증가,관측자료의 연관성으로 인과관계나 2027년 실제 기상을 뜻하지 않음
난지형마늘-뿌리응애,마늘,풍속,평균풍속_m_s,0.4743,18,2026,참고 가능,같이 증가,관측자료의 연관성으로 인과관계나 2027년 실제 기상을 뜻하지 않음
난지형마늘-잎마름병,마늘,기온,평균기온_C,0.3112,18,2026,참고 가능,같이 증가,관측자료의 연관성으로 인과관계나 2027년 실제 기상을 뜻하지 않음
난지형마늘-잎마름병,마늘,습도,평균습도_퍼센트,-0.3063,18,2026,참고 가능,반대 방향,관측자료의 연관성으로 인과관계나 2027년 실제 기상을 뜻하지 않음
난지형마늘-잎마름병,마늘,강수량,지점평균누적강수량_mm,-0.0369,18,2026,약함,뚜렷한 방향 없음,관측자료의 연관성으로 인과관계나 2027년 실제 기상을 뜻하지 않음
난지형마늘-잎마름병,마늘,풍속,평균풍속_m_s,0.5954,18,2026,참고 가능,같이 증가,관측자료의 연관성으로 인과관계나 2027년 실제 기상을 뜻하지 않음
난지형마늘-잎집썩음병,마늘,기온,평균기온_C,0.2571,18,2026,약함,같이 증가,관측자료의 연관성으로 인과관계나 2027년 실제 기상을 뜻하지 않음
난지형마늘-잎집썩음병,마늘,습도,평균습도_퍼센트,0.3974,18,2026,참고 가능,같이 증가,관측자료의 연관성으로 인과관계나 2027년 실제 기상을 뜻하지 않음
난지형마늘-잎집썩음병,마늘,강수량,지점평균누적강수량_mm,0.3506,18,2026,참고 가능,같이 증가,관측자료의 연관성으로 인과관계나 2027년 실제 기상을 뜻하지 않음
난지형마늘-잎집썩음병,마늘,풍속,평균풍속_m_s,0.3039,18,2026,참고 가능,같이 증가,관측자료의 연관성으로 인과관계나 2027년 실제 기상을 뜻하지 않음
난지형마늘-흑색썩음균핵병,마늘,기온,평균기온_C,0.366,42,2024·2026,참고 가능,같이 증가,관측자료의 연관성으로 인과관계나 2027년 실제 기상을 뜻하지 않음
난지형마늘-흑색썩음균핵병,마늘,습도,평균습도_퍼센트,0.4908,42,2024·2026,참고 가능,같이 증가,관측자료의 연관성으로 인과관계나 2027년 실제 기상을 뜻하지 않음
난지형마늘-흑색썩음균핵병,마늘,강수량,지점평균누적강수량_mm,0.5394,42,2024·2026,비교적 뚜렷,같이 증가,관측자료의 연관성으로 인과관계나 2027년 실제 기상을 뜻하지 않음
난지형마늘-흑색썩음균핵병,마늘,풍속,평균풍속_m_s,-0.0296,42,2024·2026,약함,뚜렷한 방향 없음,관측자료의 연관성으로 인과관계나 2027년 실제 기상을 뜻하지 않음
노균병,양파,기온,평균기온_C,0.3474,30,2024·2026,참고 가능,같이 증가,관측자료의 연관성으로 인과관계나 2027년 실제 기상을 뜻하지 않음
노균병,양파,습도,평균습도_퍼센트,0.4026,30,2024·2026,참고 가능,같이 증가,관측자료의 연관성으로 인과관계나 2027년 실제 기상을 뜻하지 않음
노균병,양파,강수량,지점평균누적강수량_mm,0.3785,30,2024·2026,참고 가능,같이 증가,관측자료의 연관성으로 인과관계나 2027년 실제 기상을 뜻하지 않음
노균병,양파,풍속,평균풍속_m_s,-0.0874,30,2024·2026,약함,뚜렷한 방향 없음,관측자료의 연관성으로 인과관계나 2027년 실제 기상을 뜻하지 않음
노균병,포도,기온,평균기온_C,0.171,40,2026,약함,같이 증가,관측자료의 연관성으로 인과관계나 2027년 실제 기상을 뜻하지 않음
노균병,포도,습도,평균습도_퍼센트,0.3386,40,2026,참고 가능,같이 증가,관측자료의 연관성으로 인과관계나 2027년 실제 기상을 뜻하지 않음
노균병,포도,강수량,지점평균누적강수량_mm,0.0166,40,2026,약함,뚜렷한 방향 없음,관측자료의 연관성으로 인과관계나 2027년 실제 기상을 뜻하지 않음
노균병,포도,풍속,평균풍속_m_s,0.0706,40,2026,약함,뚜렷한 방향 없음,관측자료의 연관성으로 인과관계나 2027년 실제 기상을 뜻하지 않음
노린재류,감,기온,평균기온_C,0.2502,16,2026,약함,같이 증가,관측자료의 연관성으로 인과관계나 2027년 실제 기상을 뜻하지 않음
노린재류,감,습도,평균습도_퍼센트,-0.1133,16,2026,약함,반대 방향,관측자료의 연관성으로 인과관계나 2027년 실제 기상을 뜻하지 않음
노린재류,감,강수량,지점평균누적강수량_mm,-0.0898,16,2026,약함,뚜렷한 방향 없음,관측자료의 연관성으로 인과관계나 2027년 실제 기상을 뜻하지 않음
노린재류,감,풍속,평균풍속_m_s,-0.2163,16,2026,약함,반대 방향,관측자료의 연관성으로 인과관계나 2027년 실제 기상을 뜻하지 않음
노린재류,사과,기온,평균기온_C,0.1691,50,2024·2026,약함,같이 증가,관측자료의 연관성으로 인과관계나 2027년 실제 기상을 뜻하지 않음
노린재류,사과,습도,평균습도_퍼센트,0.0038,50,2024·2026,약함,뚜렷한 방향 없음,관측자료의 연관성으로 인과관계나 2027년 실제 기상을 뜻하지 않음
노린재류,사과,강수량,지점평균누적강수량_mm,-0.3028,50,2024·2026,참고 가능,반대 방향,관측자료의 연관성으로 인과관계나 2027년 실제 기상을 뜻하지 않음
노린재류,사과,풍속,평균풍속_m_s,0.1235,50,2024·2026,약함,같이 증가,관측자료의 연관성으로 인과관계나 2027년 실제 기상을 뜻하지 않음
노지고추-담배나방,고추,기온,평균기온_C,0.2746,27,2026,약함,같이 증가,관측자료의 연관성으로 인과관계나 2027년 실제 기상을 뜻하지 않음
노지고추-담배나방,고추,습도,평균습도_퍼센트,0.643,27,2026,비교적 뚜렷,같이 증가,관측자료의 연관성으로 인과관계나 2027년 실제 기상을 뜻하지 않음
노지고추-담배나방,고추,강수량,지점평균누적강수량_mm,0.3892,27,2026,참고 가능,같이 증가,관측자료의 연관성으로 인과관계나 2027년 실제 기상을 뜻하지 않음
노지고추-담배나방,고추,풍속,평균풍속_m_s,-0.0737,27,2026,약함,뚜렷한 방향 없음,관측자료의 연관성으로 인과관계나 2027년 실제 기상을 뜻하지 않음
노지고추-무름병,고추,기온,평균기온_C,-0.0151,27,2026,약함,뚜렷한 방향 없음,관측자료의 연관성으로 인과관계나 2027년 실제 기상을 뜻하지 않음
노지고추-무름병,고추,습도,평균습도_퍼센트,0.3443,27,2026,참고 가능,같이 증가,관측자료의 연관성으로 인과관계나 2027년 실제 기상을 뜻하지 않음
노지고추-무름병,고추,강수량,지점평균누적강수량_mm,0.1158,27,2026,약함,같이 증가,관측자료의 연관성으로 인과관계나 2027년 실제 기상을 뜻하지 않음
노지고추-무름병,고추,풍속,평균풍속_m_s,-0.3269,27,2026,참고 가능,반대 방향,관측자료의 연관성으로 인과관계나 2027년 실제 기상을 뜻하지 않음
노지고추-바이러스,고추,기온,평균기온_C,0.0624,12,2024,약함,뚜렷한 방향 없음,관측자료의 연관성으로 인과관계나 2027년 실제 기상을 뜻하지 않음
노지고추-바이러스,고추,습도,평균습도_퍼센트,0.4913,12,2024,참고 가능,같이 증가,관측자료의 연관성으로 인과관계나 2027년 실제 기상을 뜻하지 않음
노지고추-바이러스,고추,강수량,지점평균누적강수량_mm,0.2183,12,2024,약함,같이 증가,관측자료의 연관성으로 인과관계나 2027년 실제 기상을 뜻하지 않음
노지고추-바이러스,고추,풍속,평균풍속_m_s,0.2807,12,2024,약함,같이 증가,관측자료의 연관성으로 인과관계나 2027년 실제 기상을 뜻하지 않음
노지고추-세균점무늬병,고추,기온,평균기온_C,0.2072,27,2026,약함,같이 증가,관측자료의 연관성으로 인과관계나 2027년 실제 기상을 뜻하지 않음
노지고추-세균점무늬병,고추,습도,평균습도_퍼센트,0.5408,27,2026,비교적 뚜렷,같이 증가,관측자료의 연관성으로 인과관계나 2027년 실제 기상을 뜻하지 않음
노지고추-세균점무늬병,고추,강수량,지점평균누적강수량_mm,0.1888,27,2026,약함,같이 증가,관측자료의 연관성으로 인과관계나 2027년 실제 기상을 뜻하지 않음
노지고추-세균점무늬병,고추,풍속,평균풍속_m_s,0.2435,27,2026,약함,같이 증가,관측자료의 연관성으로 인과관계나 2027년 실제 기상을 뜻하지 않음
노지고추-역병,고추,기온,평균기온_C,0.3892,27,2026,참고 가능,같이 증가,관측자료의 연관성으로 인과관계나 2027년 실제 기상을 뜻하지 않음
노지고추-역병,고추,습도,평균습도_퍼센트,0.2965,27,2026,약함,같이 증가,관측자료의 연관성으로 인과관계나 2027년 실제 기상을 뜻하지 않음
노지고추-역병,고추,강수량,지점평균누적강수량_mm,0.0428,27,2026,약함,뚜렷한 방향 없음,관측자료의 연관성으로 인과관계나 2027년 실제 기상을 뜻하지 않음
노지고추-역병,고추,풍속,평균풍속_m_s,0.1531,27,2026,약함,같이 증가,관측자료의 연관성으로 인과관계나 2027년 실제 기상을 뜻하지 않음
노지고추-진딧물류,고추,기온,평균기온_C,0.0208,27,2026,약함,뚜렷한 방향 없음,관측자료의 연관성으로 인과관계나 2027년 실제 기상을 뜻하지 않음
노지고추-진딧물류,고추,습도,평균습도_퍼센트,0.3864,27,2026,참고 가능,같이 증가,관측자료의 연관성으로 인과관계나 2027년 실제 기상을 뜻하지 않음
노지고추-진딧물류,고추,강수량,지점평균누적강수량_mm,0.4238,27,2026,참고 가능,같이 증가,관측자료의 연관성으로 인과관계나 2027년 실제 기상을 뜻하지 않음
노지고추-진딧물류,고추,풍속,평균풍속_m_s,-0.18,27,2026,약함,반대 방향,관측자료의 연관성으로 인과관계나 2027년 실제 기상을 뜻하지 않음
노지고추-총채벌레류,고추,기온,평균기온_C,-0.049,27,2026,약함,뚜렷한 방향 없음,관측자료의 연관성으로 인과관계나 2027년 실제 기상을 뜻하지 않음
노지고추-총채벌레류,고추,습도,평균습도_퍼센트,0.4783,27,2026,참고 가능,같이 증가,관측자료의 연관성으로 인과관계나 2027년 실제 기상을 뜻하지 않음
노지고추-총채벌레류,고추,강수량,지점평균누적강수량_mm,0.4679,27,2026,참고 가능,같이 증가,관측자료의 연관성으로 인과관계나 2027년 실제 기상을 뜻하지 않음
노지고추-총채벌레류,고추,풍속,평균풍속_m_s,-0.1157,27,2026,약함,반대 방향,관측자료의 연관성으로 인과관계나 2027년 실제 기상을 뜻하지 않음
노지고추-탄저병,고추,기온,평균기온_C,0.2998,27,2026,약함,같이 증가,관측자료의 연관성으로 인과관계나 2027년 실제 기상을 뜻하지 않음
노지고추-탄저병,고추,습도,평균습도_퍼센트,0.6395,27,2026,비교적 뚜렷,같이 증가,관측자료의 연관성으로 인과관계나 2027년 실제 기상을 뜻하지 않음
노지고추-탄저병,고추,강수량,지점평균누적강수량_mm,0.3245,27,2026,참고 가능,같이 증가,관측자료의 연관성으로 인과관계나 2027년 실제 기상을 뜻하지 않음
노지고추-탄저병,고추,풍속,평균풍속_m_s,-0.0911,27,2026,약함,뚜렷한 방향 없음,관측자료의 연관성으로 인과관계나 2027년 실제 기상을 뜻하지 않음
노지고추-풋마름병,고추,기온,평균기온_C,0.2032,27,2026,약함,같이 증가,관측자료의 연관성으로 인과관계나 2027년 실제 기상을 뜻하지 않음
노지고추-풋마름병,고추,습도,평균습도_퍼센트,0.46,27,2026,참고 가능,같이 증가,관측자료의 연관성으로 인과관계나 2027년 실제 기상을 뜻하지 않음
노지고추-풋마름병,고추,강수량,지점평균누적강수량_mm,0.219,27,2026,약함,같이 증가,관측자료의 연관성으로 인과관계나 2027년 실제 기상을 뜻하지 않음
노지고추-풋마름병,고추,풍속,평균풍속_m_s,-0.0728,27,2026,약함,뚜렷한 방향 없음,관측자료의 연관성으로 인과관계나 2027년 실제 기상을 뜻하지 않음
녹병,마늘,기온,평균기온_C,0.6024,24,2024,비교적 뚜렷,같이 증가,관측자료의 연관성으로 인과관계나 2027년 실제 기상을 뜻하지 않음
녹병,마늘,습도,평균습도_퍼센트,0.3392,24,2024,참고 가능,같이 증가,관측자료의 연관성으로 인과관계나 2027년 실제 기상을 뜻하지 않음
녹병,마늘,강수량,지점평균누적강수량_mm,0.5339,24,2024,비교적 뚜렷,같이 증가,관측자료의 연관성으로 인과관계나 2027년 실제 기상을 뜻하지 않음
녹병,마늘,풍속,평균풍속_m_s,-0.0282,24,2024,약함,뚜렷한 방향 없음,관측자료의 연관성으로 인과관계나 2027년 실제 기상을 뜻하지 않음
녹병,보리,기온,평균기온_C,,24,2026,자료 부족,판단 불가,관측자료의 연관성으로 인과관계나 2027년 실제 기상을 뜻하지 않음
녹병,보리,습도,평균습도_퍼센트,,24,2026,자료 부족,판단 불가,관측자료의 연관성으로 인과관계나 2027년 실제 기상을 뜻하지 않음
녹병,보리,강수량,지점평균누적강수량_mm,,24,2026,자료 부족,판단 불가,관측자료의 연관성으로 인과관계나 2027년 실제 기상을 뜻하지 않음
녹병,보리,풍속,평균풍속_m_s,,24,2026,자료 부족,판단 불가,관측자료의 연관성으로 인과관계나 2027년 실제 기상을 뜻하지 않음
녹병,양파,기온,평균기온_C,0.3093,15,2026,참고 가능,같이 증가,관측자료의 연관성으로 인과관계나 2027년 실제 기상을 뜻하지 않음
녹병,양파,습도,평균습도_퍼센트,0.0,15,2026,약함,뚜렷한 방향 없음,관측자료의 연관성으로 인과관계나 2027년 실제 기상을 뜻하지 않음
녹병,양파,강수량,지점평균누적강수량_mm,0.1856,15,2026,약함,같이 증가,관측자료의 연관성으로 인과관계나 2027년 실제 기상을 뜻하지 않음
녹병,양파,풍속,평균풍속_m_s,-0.0619,15,2026,약함,뚜렷한 방향 없음,관측자료의 연관성으로 인과관계나 2027년 실제 기상을 뜻하지 않음
담배가루이,고추,기온,평균기온_C,,12,2024,자료 부족,판단 불가,관측자료의 연관성으로 인과관계나 2027년 실제 기상을 뜻하지 않음
담배가루이,고추,습도,평균습도_퍼센트,,12,2024,자료 부족,판단 불가,관측자료의 연관성으로 인과관계나 2027년 실제 기상을 뜻하지 않음
담배가루이,고추,강수량,지점평균누적강수량_mm,,12,2024,자료 부족,판단 불가,관측자료의 연관성으로 인과관계나 2027년 실제 기상을 뜻하지 않음
담배가루이,고추,풍속,평균풍속_m_s,,12,2024,자료 부족,판단 불가,관측자료의 연관성으로 인과관계나 2027년 실제 기상을 뜻하지 않음
담배거세미나방,콩,기온,평균기온_C,0.4757,27,2026,참고 가능,같이 증가,관측자료의 연관성으로 인과관계나 2027년 실제 기상을 뜻하지 않음
담배거세미나방,콩,습도,평균습도_퍼센트,0.2471,27,2026,약함,같이 증가,관측자료의 연관성으로 인과관계나 2027년 실제 기상을 뜻하지 않음
담배거세미나방,콩,강수량,지점평균누적강수량_mm,0.2739,27,2026,약함,같이 증가,관측자료의 연관성으로 인과관계나 2027년 실제 기상을 뜻하지 않음
담배거세미나방,콩,풍속,평균풍속_m_s,0.37,27,2026,참고 가능,같이 증가,관측자료의 연관성으로 인과관계나 2027년 실제 기상을 뜻하지 않음
담배나방,고추,기온,평균기온_C,0.5728,12,2024,참고 가능,같이 증가,관측자료의 연관성으로 인과관계나 2027년 실제 기상을 뜻하지 않음
담배나방,고추,습도,평균습도_퍼센트,-0.0218,12,2024,약함,뚜렷한 방향 없음,관측자료의 연관성으로 인과관계나 2027년 실제 기상을 뜻하지 않음
담배나방,고추,강수량,지점평균누적강수량_mm,0.1668,12,2024,약함,같이 증가,관측자료의 연관성으로 인과관계나 2027년 실제 기상을 뜻하지 않음
담배나방,고추,풍속,평균풍속_m_s,0.1523,12,2024,약함,같이 증가,관측자료의 연관성으로 인과관계나 2027년 실제 기상을 뜻하지 않음
더뎅이병,감귤,기온,평균기온_C,,4,2026,자료 부족,판단 불가,관측자료의 연관성으로 인과관계나 2027년 실제 기상을 뜻하지 않음
더뎅이병,감귤,습도,평균습도_퍼센트,,4,2026,자료 부족,판단 불가,관측자료의 연관성으로 인과관계나 2027년 실제 기상을 뜻하지 않음
더뎅이병,감귤,강수량,지점평균누적강수량_mm,,4,2026,자료 부족,판단 불가,관측자료의 연관성으로 인과관계나 2027년 실제 기상을 뜻하지 않음
더뎅이병,감귤,풍속,평균풍속_m_s,,4,2026,자료 부족,판단 불가,관측자료의 연관성으로 인과관계나 2027년 실제 기상을 뜻하지 않음
둥근무늬낙엽병,감,기온,평균기온_C,0.0681,16,2026,약함,뚜렷한 방향 없음,관측자료의 연관성으로 인과관계나 2027년 실제 기상을 뜻하지 않음
둥근무늬낙엽병,감,습도,평균습도_퍼센트,0.1523,16,2026,약함,같이 증가,관측자료의 연관성으로 인과관계나 2027년 실제 기상을 뜻하지 않음
둥근무늬낙엽병,감,강수량,지점평균누적강수량_mm,0.2398,16,2026,약함,같이 증가,관측자료의 연관성으로 인과관계나 2027년 실제 기상을 뜻하지 않음
둥근무늬낙엽병,감,풍속,평균풍속_m_s,-0.1621,16,2026,약함,반대 방향,관측자료의 연관성으로 인과관계나 2027년 실제 기상을 뜻하지 않음
매점병,감,기온,평균기온_C,0.257,16,2026,약함,같이 증가,관측자료의 연관성으로 인과관계나 2027년 실제 기상을 뜻하지 않음
매점병,감,습도,평균습도_퍼센트,0.5854,16,2026,참고 가능,같이 증가,관측자료의 연관성으로 인과관계나 2027년 실제 기상을 뜻하지 않음
매점병,감,강수량,지점평균누적강수량_mm,0.1063,16,2026,약함,같이 증가,관측자료의 연관성으로 인과관계나 2027년 실제 기상을 뜻하지 않음
매점병,감,풍속,평균풍속_m_s,0.4096,16,2026,참고 가능,같이 증가,관측자료의 연관성으로 인과관계나 2027년 실제 기상을 뜻하지 않음
먹노린재,논벼,기온,평균기온_C,0.0889,56,2024·2026,약함,뚜렷한 방향 없음,관측자료의 연관성으로 인과관계나 2027년 실제 기상을 뜻하지 않음
먹노린재,논벼,습도,평균습도_퍼센트,0.3898,56,2024·2026,참고 가능,같이 증가,관측자료의 연관성으로 인과관계나 2027년 실제 기상을 뜻하지 않음
먹노린재,논벼,강수량,지점평균누적강수량_mm,0.2365,56,2024·2026,약함,같이 증가,관측자료의 연관성으로 인과관계나 2027년 실제 기상을 뜻하지 않음
먹노린재,논벼,풍속,평균풍속_m_s,0.0914,56,2024·2026,약함,뚜렷한 방향 없음,관측자료의 연관성으로 인과관계나 2027년 실제 기상을 뜻하지 않음
멸강나방,논벼,기온,평균기온_C,-0.1126,56,2024·2026,약함,반대 방향,관측자료의 연관성으로 인과관계나 2027년 실제 기상을 뜻하지 않음
멸강나방,논벼,습도,평균습도_퍼센트,-0.0793,56,2024·2026,약함,뚜렷한 방향 없음,관측자료의 연관성으로 인과관계나 2027년 실제 기상을 뜻하지 않음
멸강나방,논벼,강수량,지점평균누적강수량_mm,0.0125,56,2024·2026,약함,뚜렷한 방향 없음,관측자료의 연관성으로 인과관계나 2027년 실제 기상을 뜻하지 않음
멸강나방,논벼,풍속,평균풍속_m_s,-0.121,56,2024·2026,약함,반대 방향,관측자료의 연관성으로 인과관계나 2027년 실제 기상을 뜻하지 않음
멸강나방_유충,보리,기온,평균기온_C,0.0753,24,2026,약함,뚜렷한 방향 없음,관측자료의 연관성으로 인과관계나 2027년 실제 기상을 뜻하지 않음
멸강나방_유충,보리,습도,평균습도_퍼센트,0.2862,24,2026,약함,같이 증가,관측자료의 연관성으로 인과관계나 2027년 실제 기상을 뜻하지 않음
멸강나방_유충,보리,강수량,지점평균누적강수량_mm,0.3163,24,2026,참고 가능,같이 증가,관측자료의 연관성으로 인과관계나 2027년 실제 기상을 뜻하지 않음
멸강나방_유충,보리,풍속,평균풍속_m_s,0.2862,24,2026,약함,같이 증가,관측자료의 연관성으로 인과관계나 2027년 실제 기상을 뜻하지 않음
모무늬낙엽병,감,기온,평균기온_C,0.041,16,2026,약함,뚜렷한 방향 없음,관측자료의 연관성으로 인과관계나 2027년 실제 기상을 뜻하지 않음
모무늬낙엽병,감,습도,평균습도_퍼센트,0.287,16,2026,약함,같이 증가,관측자료의 연관성으로 인과관계나 2027년 실제 기상을 뜻하지 않음
모무늬낙엽병,감,강수량,지점평균누적강수량_mm,0.287,16,2026,약함,같이 증가,관측자료의 연관성으로 인과관계나 2027년 실제 기상을 뜻하지 않음
모무늬낙엽병,감,풍속,평균풍속_m_s,0.123,16,2026,약함,같이 증가,관측자료의 연관성으로 인과관계나 2027년 실제 기상을 뜻하지 않음
바이러스,콩,기온,평균기온_C,,27,2026,자료 부족,판단 불가,관측자료의 연관성으로 인과관계나 2027년 실제 기상을 뜻하지 않음
바이러스,콩,습도,평균습도_퍼센트,,27,2026,자료 부족,판단 불가,관측자료의 연관성으로 인과관계나 2027년 실제 기상을 뜻하지 않음
바이러스,콩,강수량,지점평균누적강수량_mm,,27,2026,자료 부족,판단 불가,관측자료의 연관성으로 인과관계나 2027년 실제 기상을 뜻하지 않음
바이러스,콩,풍속,평균풍속_m_s,,27,2026,자료 부족,판단 불가,관측자료의 연관성으로 인과관계나 2027년 실제 기상을 뜻하지 않음
바이러스병,논벼,기온,평균기온_C,-0.0889,42,2026,약함,뚜렷한 방향 없음,관측자료의 연관성으로 인과관계나 2027년 실제 기상을 뜻하지 않음
바이러스병,논벼,습도,평균습도_퍼센트,0.0716,42,2026,약함,뚜렷한 방향 없음,관측자료의 연관성으로 인과관계나 2027년 실제 기상을 뜻하지 않음
바이러스병,논벼,강수량,지점평균누적강수량_mm,0.0217,42,2026,약함,뚜렷한 방향 없음,관측자료의 연관성으로 인과관계나 2027년 실제 기상을 뜻하지 않음
바이러스병,논벼,풍속,평균풍속_m_s,0.0797,42,2026,약함,뚜렷한 방향 없음,관측자료의 연관성으로 인과관계나 2027년 실제 기상을 뜻하지 않음
바이러스병,보리,기온,평균기온_C,,24,2026,자료 부족,판단 불가,관측자료의 연관성으로 인과관계나 2027년 실제 기상을 뜻하지 않음
바이러스병,보리,습도,평균습도_퍼센트,,24,2026,자료 부족,판단 불가,관측자료의 연관성으로 인과관계나 2027년 실제 기상을 뜻하지 않음
바이러스병,보리,강수량,지점평균누적강수량_mm,,24,2026,자료 부족,판단 불가,관측자료의 연관성으로 인과관계나 2027년 실제 기상을 뜻하지 않음
바이러스병,보리,풍속,평균풍속_m_s,,24,2026,자료 부족,판단 불가,관측자료의 연관성으로 인과관계나 2027년 실제 기상을 뜻하지 않음
벼검은줄오갈병,논벼,기온,평균기온_C,,14,2024,자료 부족,판단 불가,관측자료의 연관성으로 인과관계나 2027년 실제 기상을 뜻하지 않음
벼검은줄오갈병,논벼,습도,평균습도_퍼센트,,14,2024,자료 부족,판단 불가,관측자료의 연관성으로 인과관계나 2027년 실제 기상을 뜻하지 않음
벼검은줄오갈병,논벼,강수량,지점평균누적강수량_mm,,14,2024,자료 부족,판단 불가,관측자료의 연관성으로 인과관계나 2027년 실제 기상을 뜻하지 않음
벼검은줄오갈병,논벼,풍속,평균풍속_m_s,,14,2024,자료 부족,판단 불가,관측자료의 연관성으로 인과관계나 2027년 실제 기상을 뜻하지 않음
벼멸구,논벼,기온,평균기온_C,0.2093,56,2024·2026,약함,같이 증가,관측자료의 연관성으로 인과관계나 2027년 실제 기상을 뜻하지 않음
벼멸구,논벼,습도,평균습도_퍼센트,0.1242,56,2024·2026,약함,같이 증가,관측자료의 연관성으로 인과관계나 2027년 실제 기상을 뜻하지 않음
벼멸구,논벼,강수량,지점평균누적강수량_mm,0.0421,56,2024·2026,약함,뚜렷한 방향 없음,관측자료의 연관성으로 인과관계나 2027년 실제 기상을 뜻하지 않음
벼멸구,논벼,풍속,평균풍속_m_s,-0.0346,56,2024·2026,약함,뚜렷한 방향 없음,관측자료의 연관성으로 인과관계나 2027년 실제 기상을 뜻하지 않음
벼물바구미,논벼,기온,평균기온_C,-0.45,56,2024·2026,참고 가능,반대 방향,관측자료의 연관성으로 인과관계나 2027년 실제 기상을 뜻하지 않음
벼물바구미,논벼,습도,평균습도_퍼센트,0.0278,56,2024·2026,약함,뚜렷한 방향 없음,관측자료의 연관성으로 인과관계나 2027년 실제 기상을 뜻하지 않음
벼물바구미,논벼,강수량,지점평균누적강수량_mm,0.2074,56,2024·2026,약함,같이 증가,관측자료의 연관성으로 인과관계나 2027년 실제 기상을 뜻하지 않음
벼물바구미,논벼,풍속,평균풍속_m_s,-0.1858,56,2024·2026,약함,반대 방향,관측자료의 연관성으로 인과관계나 2027년 실제 기상을 뜻하지 않음
벼애나방,논벼,기온,평균기온_C,0.0739,42,2026,약함,뚜렷한 방향 없음,관측자료의 연관성으로 인과관계나 2027년 실제 기상을 뜻하지 않음
벼애나방,논벼,습도,평균습도_퍼센트,0.2785,42,2026,약함,같이 증가,관측자료의 연관성으로 인과관계나 2027년 실제 기상을 뜻하지 않음
벼애나방,논벼,강수량,지점평균누적강수량_mm,0.1991,42,2026,약함,같이 증가,관측자료의 연관성으로 인과관계나 2027년 실제 기상을 뜻하지 않음
벼애나방,논벼,풍속,평균풍속_m_s,0.0129,42,2026,약함,뚜렷한 방향 없음,관측자료의 연관성으로 인과관계나 2027년 실제 기상을 뜻하지 않음
벼애잎굴파리,논벼,기온,평균기온_C,-0.4278,56,2024·2026,참고 가능,반대 방향,관측자료의 연관성으로 인과관계나 2027년 실제 기상을 뜻하지 않음
벼애잎굴파리,논벼,습도,평균습도_퍼센트,-0.091,56,2024·2026,약함,뚜렷한 방향 없음,관측자료의 연관성으로 인과관계나 2027년 실제 기상을 뜻하지 않음
벼애잎굴파리,논벼,강수량,지점평균누적강수량_mm,0.075,56,2024·2026,약함,뚜렷한 방향 없음,관측자료의 연관성으로 인과관계나 2027년 실제 기상을 뜻하지 않음
벼애잎굴파리,논벼,풍속,평균풍속_m_s,-0.0309,56,2024·2026,약함,뚜렷한 방향 없음,관측자료의 연관성으로 인과관계나 2027년 실제 기상을 뜻하지 않음
벼잎벌레,논벼,기온,평균기온_C,-0.1818,56,2024·2026,약함,반대 방향,관측자료의 연관성으로 인과관계나 2027년 실제 기상을 뜻하지 않음
벼잎벌레,논벼,습도,평균습도_퍼센트,0.0005,56,2024·2026,약함,뚜렷한 방향 없음,관측자료의 연관성으로 인과관계나 2027년 실제 기상을 뜻하지 않음
벼잎벌레,논벼,강수량,지점평균누적강수량_mm,0.003,56,2024·2026,약함,뚜렷한 방향 없음,관측자료의 연관성으로 인과관계나 2027년 실제 기상을 뜻하지 않음
벼잎벌레,논벼,풍속,평균풍속_m_s,-0.0414,56,2024·2026,약함,뚜렷한 방향 없음,관측자료의 연관성으로 인과관계나 2027년 실제 기상을 뜻하지 않음
벼잎선충,논벼,기온,평균기온_C,0.2615,42,2026,약함,같이 증가,관측자료의 연관성으로 인과관계나 2027년 실제 기상을 뜻하지 않음
벼잎선충,논벼,습도,평균습도_퍼센트,0.157,42,2026,약함,같이 증가,관측자료의 연관성으로 인과관계나 2027년 실제 기상을 뜻하지 않음
벼잎선충,논벼,강수량,지점평균누적강수량_mm,0.2226,42,2026,약함,같이 증가,관측자료의 연관성으로 인과관계나 2027년 실제 기상을 뜻하지 않음
벼잎선충,논벼,풍속,평균풍속_m_s,0.1214,42,2026,약함,같이 증가,관측자료의 연관성으로 인과관계나 2027년 실제 기상을 뜻하지 않음
벼줄기굴파리,논벼,기온,평균기온_C,-0.4154,56,2024·2026,참고 가능,반대 방향,관측자료의 연관성으로 인과관계나 2027년 실제 기상을 뜻하지 않음
벼줄기굴파리,논벼,습도,평균습도_퍼센트,-0.1418,56,2024·2026,약함,반대 방향,관측자료의 연관성으로 인과관계나 2027년 실제 기상을 뜻하지 않음
벼줄기굴파리,논벼,강수량,지점평균누적강수량_mm,-0.1035,56,2024·2026,약함,반대 방향,관측자료의 연관성으로 인과관계나 2027년 실제 기상을 뜻하지 않음
벼줄기굴파리,논벼,풍속,평균풍속_m_s,0.1134,56,2024·2026,약함,같이 증가,관측자료의 연관성으로 인과관계나 2027년 실제 기상을 뜻하지 않음
보리굴파리,보리,기온,평균기온_C,0.0753,24,2026,약함,뚜렷한 방향 없음,관측자료의 연관성으로 인과관계나 2027년 실제 기상을 뜻하지 않음
보리굴파리,보리,습도,평균습도_퍼센트,0.2862,24,2026,약함,같이 증가,관측자료의 연관성으로 인과관계나 2027년 실제 기상을 뜻하지 않음
보리굴파리,보리,강수량,지점평균누적강수량_mm,0.3163,24,2026,참고 가능,같이 증가,관측자료의 연관성으로 인과관계나 2027년 실제 기상을 뜻하지 않음
보리굴파리,보리,풍속,평균풍속_m_s,0.2862,24,2026,약함,같이 증가,관측자료의 연관성으로 인과관계나 2027년 실제 기상을 뜻하지 않음
복숭아순나방,배,기온,평균기온_C,0.0036,57,2024·2026,약함,뚜렷한 방향 없음,관측자료의 연관성으로 인과관계나 2027년 실제 기상을 뜻하지 않음
복숭아순나방,배,습도,평균습도_퍼센트,-0.0842,57,2024·2026,약함,뚜렷한 방향 없음,관측자료의 연관성으로 인과관계나 2027년 실제 기상을 뜻하지 않음
복숭아순나방,배,강수량,지점평균누적강수량_mm,-0.171,57,2024·2026,약함,반대 방향,관측자료의 연관성으로 인과관계나 2027년 실제 기상을 뜻하지 않음
복숭아순나방,배,풍속,평균풍속_m_s,-0.0131,57,2024·2026,약함,뚜렷한 방향 없음,관측자료의 연관성으로 인과관계나 2027년 실제 기상을 뜻하지 않음
복숭아순나방,복숭아,기온,평균기온_C,0.4104,53,2024·2026,참고 가능,같이 증가,관측자료의 연관성으로 인과관계나 2027년 실제 기상을 뜻하지 않음
복숭아순나방,복숭아,습도,평균습도_퍼센트,0.364,53,2024·2026,참고 가능,같이 증가,관측자료의 연관성으로 인과관계나 2027년 실제 기상을 뜻하지 않음
복숭아순나방,복숭아,강수량,지점평균누적강수량_mm,0.0474,53,2024·2026,약함,뚜렷한 방향 없음,관측자료의 연관성으로 인과관계나 2027년 실제 기상을 뜻하지 않음
복숭아순나방,복숭아,풍속,평균풍속_m_s,0.0874,53,2024·2026,약함,뚜렷한 방향 없음,관측자료의 연관성으로 인과관계나 2027년 실제 기상을 뜻하지 않음
복숭아순나방,사과,기온,평균기온_C,0.1151,50,2024·2026,약함,같이 증가,관측자료의 연관성으로 인과관계나 2027년 실제 기상을 뜻하지 않음
복숭아순나방,사과,습도,평균습도_퍼센트,0.0439,50,2024·2026,약함,뚜렷한 방향 없음,관측자료의 연관성으로 인과관계나 2027년 실제 기상을 뜻하지 않음
복숭아순나방,사과,강수량,지점평균누적강수량_mm,-0.362,50,2024·2026,참고 가능,반대 방향,관측자료의 연관성으로 인과관계나 2027년 실제 기상을 뜻하지 않음
복숭아순나방,사과,풍속,평균풍속_m_s,-0.0609,50,2024·2026,약함,뚜렷한 방향 없음,관측자료의 연관성으로 인과관계나 2027년 실제 기상을 뜻하지 않음
복숭아순나방붙이,사과,기온,평균기온_C,-0.1103,50,2024·2026,약함,반대 방향,관측자료의 연관성으로 인과관계나 2027년 실제 기상을 뜻하지 않음
복숭아순나방붙이,사과,습도,평균습도_퍼센트,-0.1269,50,2024·2026,약함,반대 방향,관측자료의 연관성으로 인과관계나 2027년 실제 기상을 뜻하지 않음
복숭아순나방붙이,사과,강수량,지점평균누적강수량_mm,-0.1613,50,2024·2026,약함,반대 방향,관측자료의 연관성으로 인과관계나 2027년 실제 기상을 뜻하지 않음
복숭아순나방붙이,사과,풍속,평균풍속_m_s,0.0205,50,2024·2026,약함,뚜렷한 방향 없음,관측자료의 연관성으로 인과관계나 2027년 실제 기상을 뜻하지 않음
복숭아심식나방,배,기온,평균기온_C,0.2105,57,2024·2026,약함,같이 증가,관측자료의 연관성으로 인과관계나 2027년 실제 기상을 뜻하지 않음
복숭아심식나방,배,습도,평균습도_퍼센트,0.1828,57,2024·2026,약함,같이 증가,관측자료의 연관성으로 인과관계나 2027년 실제 기상을 뜻하지 않음
복숭아심식나방,배,강수량,지점평균누적강수량_mm,-0.1377,57,2024·2026,약함,반대 방향,관측자료의 연관성으로 인과관계나 2027년 실제 기상을 뜻하지 않음
복숭아심식나방,배,풍속,평균풍속_m_s,-0.2291,57,2024·2026,약함,반대 방향,관측자료의 연관성으로 인과관계나 2027년 실제 기상을 뜻하지 않음
복숭아심식나방,복숭아,기온,평균기온_C,0.4322,53,2024·2026,참고 가능,같이 증가,관측자료의 연관성으로 인과관계나 2027년 실제 기상을 뜻하지 않음
복숭아심식나방,복숭아,습도,평균습도_퍼센트,0.3344,53,2024·2026,참고 가능,같이 증가,관측자료의 연관성으로 인과관계나 2027년 실제 기상을 뜻하지 않음
복숭아심식나방,복숭아,강수량,지점평균누적강수량_mm,-0.0335,53,2024·2026,약함,뚜렷한 방향 없음,관측자료의 연관성으로 인과관계나 2027년 실제 기상을 뜻하지 않음
복숭아심식나방,복숭아,풍속,평균풍속_m_s,0.1356,53,2024·2026,약함,같이 증가,관측자료의 연관성으로 인과관계나 2027년 실제 기상을 뜻하지 않음
복숭아심식나방,사과,기온,평균기온_C,0.1793,50,2024·2026,약함,같이 증가,관측자료의 연관성으로 인과관계나 2027년 실제 기상을 뜻하지 않음
복숭아심식나방,사과,습도,평균습도_퍼센트,0.0093,50,2024·2026,약함,뚜렷한 방향 없음,관측자료의 연관성으로 인과관계나 2027년 실제 기상을 뜻하지 않음
복숭아심식나방,사과,강수량,지점평균누적강수량_mm,-0.2425,50,2024·2026,약함,반대 방향,관측자료의 연관성으로 인과관계나 2027년 실제 기상을 뜻하지 않음
복숭아심식나방,사과,풍속,평균풍속_m_s,-0.2459,50,2024·2026,약함,반대 방향,관측자료의 연관성으로 인과관계나 2027년 실제 기상을 뜻하지 않음
볼록총채벌레,감귤,기온,평균기온_C,,4,2026,자료 부족,판단 불가,관측자료의 연관성으로 인과관계나 2027년 실제 기상을 뜻하지 않음
볼록총채벌레,감귤,습도,평균습도_퍼센트,,4,2026,자료 부족,판단 불가,관측자료의 연관성으로 인과관계나 2027년 실제 기상을 뜻하지 않음
볼록총채벌레,감귤,강수량,지점평균누적강수량_mm,,4,2026,자료 부족,판단 불가,관측자료의 연관성으로 인과관계나 2027년 실제 기상을 뜻하지 않음
볼록총채벌레,감귤,풍속,평균풍속_m_s,,4,2026,자료 부족,판단 불가,관측자료의 연관성으로 인과관계나 2027년 실제 기상을 뜻하지 않음
부란병,사과,기온,평균기온_C,-0.0748,50,2024·2026,약함,뚜렷한 방향 없음,관측자료의 연관성으로 인과관계나 2027년 실제 기상을 뜻하지 않음
부란병,사과,습도,평균습도_퍼센트,-0.1595,50,2024·2026,약함,반대 방향,관측자료의 연관성으로 인과관계나 2027년 실제 기상을 뜻하지 않음
부란병,사과,강수량,지점평균누적강수량_mm,-0.3001,50,2024·2026,참고 가능,반대 방향,관측자료의 연관성으로 인과관계나 2027년 실제 기상을 뜻하지 않음
부란병,사과,풍속,평균풍속_m_s,0.0735,50,2024·2026,약함,뚜렷한 방향 없음,관측자료의 연관성으로 인과관계나 2027년 실제 기상을 뜻하지 않음
붉은곰팡이병,보리,기온,평균기온_C,0.3673,24,2026,참고 가능,같이 증가,관측자료의 연관성으로 인과관계나 2027년 실제 기상을 뜻하지 않음
붉은곰팡이병,보리,습도,평균습도_퍼센트,0.5412,24,2026,비교적 뚜렷,같이 증가,관측자료의 연관성으로 인과관계나 2027년 실제 기상을 뜻하지 않음
붉은곰팡이병,보리,강수량,지점평균누적강수량_mm,0.4224,24,2026,참고 가능,같이 증가,관측자료의 연관성으로 인과관계나 2027년 실제 기상을 뜻하지 않음
붉은곰팡이병,보리,풍속,평균풍속_m_s,0.289,24,2026,약함,같이 증가,관측자료의 연관성으로 인과관계나 2027년 실제 기상을 뜻하지 않음
붉은별무늬병,배,기온,평균기온_C,-0.0444,57,2024·2026,약함,뚜렷한 방향 없음,관측자료의 연관성으로 인과관계나 2027년 실제 기상을 뜻하지 않음
붉은별무늬병,배,습도,평균습도_퍼센트,-0.051,57,2024·2026,약함,뚜렷한 방향 없음,관측자료의 연관성으로 인과관계나 2027년 실제 기상을 뜻하지 않음
붉은별무늬병,배,강수량,지점평균누적강수량_mm,-0.0259,57,2024·2026,약함,뚜렷한 방향 없음,관측자료의 연관성으로 인과관계나 2027년 실제 기상을 뜻하지 않음
붉은별무늬병,배,풍속,평균풍속_m_s,0.1816,57,2024·2026,약함,같이 증가,관측자료의 연관성으로 인과관계나 2027년 실제 기상을 뜻하지 않음
붉은별무늬병,사과,기온,평균기온_C,-0.1702,50,2024·2026,약함,반대 방향,관측자료의 연관성으로 인과관계나 2027년 실제 기상을 뜻하지 않음
붉은별무늬병,사과,습도,평균습도_퍼센트,-0.017,50,2024·2026,약함,뚜렷한 방향 없음,관측자료의 연관성으로 인과관계나 2027년 실제 기상을 뜻하지 않음
붉은별무늬병,사과,강수량,지점평균누적강수량_mm,0.0961,50,2024·2026,약함,뚜렷한 방향 없음,관측자료의 연관성으로 인과관계나 2027년 실제 기상을 뜻하지 않음
붉은별무늬병,사과,풍속,평균풍속_m_s,0.0546,50,2024·2026,약함,뚜렷한 방향 없음,관측자료의 연관성으로 인과관계나 2027년 실제 기상을 뜻하지 않음
사과굴나방,사과,기온,평균기온_C,0.0533,50,2024·2026,약함,뚜렷한 방향 없음,관측자료의 연관성으로 인과관계나 2027년 실제 기상을 뜻하지 않음
사과굴나방,사과,습도,평균습도_퍼센트,-0.0577,50,2024·2026,약함,뚜렷한 방향 없음,관측자료의 연관성으로 인과관계나 2027년 실제 기상을 뜻하지 않음
사과굴나방,사과,강수량,지점평균누적강수량_mm,-0.2428,50,2024·2026,약함,반대 방향,관측자료의 연관성으로 인과관계나 2027년 실제 기상을 뜻하지 않음
사과굴나방,사과,풍속,평균풍속_m_s,-0.0486,50,2024·2026,약함,뚜렷한 방향 없음,관측자료의 연관성으로 인과관계나 2027년 실제 기상을 뜻하지 않음
사과무늬잎말이나방,배,기온,평균기온_C,-0.0938,57,2024·2026,약함,뚜렷한 방향 없음,관측자료의 연관성으로 인과관계나 2027년 실제 기상을 뜻하지 않음
사과무늬잎말이나방,배,습도,평균습도_퍼센트,-0.1257,57,2024·2026,약함,반대 방향,관측자료의 연관성으로 인과관계나 2027년 실제 기상을 뜻하지 않음
사과무늬잎말이나방,배,강수량,지점평균누적강수량_mm,-0.1469,57,2024·2026,약함,반대 방향,관측자료의 연관성으로 인과관계나 2027년 실제 기상을 뜻하지 않음
사과무늬잎말이나방,배,풍속,평균풍속_m_s,-0.0692,57,2024·2026,약함,뚜렷한 방향 없음,관측자료의 연관성으로 인과관계나 2027년 실제 기상을 뜻하지 않음
사과무늬잎말이나방,사과,기온,평균기온_C,-0.0419,50,2024·2026,약함,뚜렷한 방향 없음,관측자료의 연관성으로 인과관계나 2027년 실제 기상을 뜻하지 않음
사과무늬잎말이나방,사과,습도,평균습도_퍼센트,-0.2268,50,2024·2026,약함,반대 방향,관측자료의 연관성으로 인과관계나 2027년 실제 기상을 뜻하지 않음
사과무늬잎말이나방,사과,강수량,지점평균누적강수량_mm,-0.2817,50,2024·2026,약함,반대 방향,관측자료의 연관성으로 인과관계나 2027년 실제 기상을 뜻하지 않음
사과무늬잎말이나방,사과,풍속,평균풍속_m_s,-0.1415,50,2024·2026,약함,반대 방향,관측자료의 연관성으로 인과관계나 2027년 실제 기상을 뜻하지 않음
사과애모무늬잎말이나방,배,기온,평균기온_C,-0.0601,57,2024·2026,약함,뚜렷한 방향 없음,관측자료의 연관성으로 인과관계나 2027년 실제 기상을 뜻하지 않음
사과애모무늬잎말이나방,배,습도,평균습도_퍼센트,-0.1163,57,2024·2026,약함,반대 방향,관측자료의 연관성으로 인과관계나 2027년 실제 기상을 뜻하지 않음
사과애모무늬잎말이나방,배,강수량,지점평균누적강수량_mm,-0.2055,57,2024·2026,약함,반대 방향,관측자료의 연관성으로 인과관계나 2027년 실제 기상을 뜻하지 않음
사과애모무늬잎말이나방,배,풍속,평균풍속_m_s,0.112,57,2024·2026,약함,같이 증가,관측자료의 연관성으로 인과관계나 2027년 실제 기상을 뜻하지 않음
사과애모무늬잎말이나방,사과,기온,평균기온_C,0.009,50,2024·2026,약함,뚜렷한 방향 없음,관측자료의 연관성으로 인과관계나 2027년 실제 기상을 뜻하지 않음
사과애모무늬잎말이나방,사과,습도,평균습도_퍼센트,-0.1009,50,2024·2026,약함,반대 방향,관측자료의 연관성으로 인과관계나 2027년 실제 기상을 뜻하지 않음
사과애모무늬잎말이나방,사과,강수량,지점평균누적강수량_mm,-0.2537,50,2024·2026,약함,반대 방향,관측자료의 연관성으로 인과관계나 2027년 실제 기상을 뜻하지 않음
사과애모무늬잎말이나방,사과,풍속,평균풍속_m_s,-0.17,50,2024·2026,약함,반대 방향,관측자료의 연관성으로 인과관계나 2027년 실제 기상을 뜻하지 않음
사과응애,사과,기온,평균기온_C,0.3618,18,2024,참고 가능,같이 증가,관측자료의 연관성으로 인과관계나 2027년 실제 기상을 뜻하지 않음
사과응애,사과,습도,평균습도_퍼센트,-0.1685,18,2024,약함,반대 방향,관측자료의 연관성으로 인과관계나 2027년 실제 기상을 뜻하지 않음
사과응애,사과,강수량,지점평균누적강수량_mm,-0.3226,18,2024,참고 가능,반대 방향,관측자료의 연관성으로 인과관계나 2027년 실제 기상을 뜻하지 않음
사과응애,사과,풍속,평균풍속_m_s,0.0118,18,2024,약함,뚜렷한 방향 없음,관측자료의 연관성으로 인과관계나 2027년 실제 기상을 뜻하지 않음
사과혹진딧물,사과,기온,평균기온_C,0.0364,18,2024,약함,뚜렷한 방향 없음,관측자료의 연관성으로 인과관계나 2027년 실제 기상을 뜻하지 않음
사과혹진딧물,사과,습도,평균습도_퍼센트,-0.0833,18,2024,약함,뚜렷한 방향 없음,관측자료의 연관성으로 인과관계나 2027년 실제 기상을 뜻하지 않음
사과혹진딧물,사과,강수량,지점평균누적강수량_mm,-0.2242,18,2024,약함,반대 방향,관측자료의 연관성으로 인과관계나 2027년 실제 기상을 뜻하지 않음
사과혹진딧물,사과,풍속,평균풍속_m_s,-0.1326,18,2024,약함,반대 방향,관측자료의 연관성으로 인과관계나 2027년 실제 기상을 뜻하지 않음
세균구멍병,복숭아,기온,평균기온_C,0.4959,53,2024·2026,참고 가능,같이 증가,관측자료의 연관성으로 인과관계나 2027년 실제 기상을 뜻하지 않음
세균구멍병,복숭아,습도,평균습도_퍼센트,0.4206,53,2024·2026,참고 가능,같이 증가,관측자료의 연관성으로 인과관계나 2027년 실제 기상을 뜻하지 않음
세균구멍병,복숭아,강수량,지점평균누적강수량_mm,0.0696,53,2024·2026,약함,뚜렷한 방향 없음,관측자료의 연관성으로 인과관계나 2027년 실제 기상을 뜻하지 않음
세균구멍병,복숭아,풍속,평균풍속_m_s,-0.0978,53,2024·2026,약함,뚜렷한 방향 없음,관측자료의 연관성으로 인과관계나 2027년 실제 기상을 뜻하지 않음
세균벼알마름병,논벼,기온,평균기온_C,0.039,56,2024·2026,약함,뚜렷한 방향 없음,관측자료의 연관성으로 인과관계나 2027년 실제 기상을 뜻하지 않음
세균벼알마름병,논벼,습도,평균습도_퍼센트,0.0327,56,2024·2026,약함,뚜렷한 방향 없음,관측자료의 연관성으로 인과관계나 2027년 실제 기상을 뜻하지 않음
세균벼알마름병,논벼,강수량,지점평균누적강수량_mm,-0.2035,56,2024·2026,약함,반대 방향,관측자료의 연관성으로 인과관계나 2027년 실제 기상을 뜻하지 않음
세균벼알마름병,논벼,풍속,평균풍속_m_s,-0.0826,56,2024·2026,약함,뚜렷한 방향 없음,관측자료의 연관성으로 인과관계나 2027년 실제 기상을 뜻하지 않음
세균병,콩,기온,평균기온_C,0.2384,27,2026,약함,같이 증가,관측자료의 연관성으로 인과관계나 2027년 실제 기상을 뜻하지 않음
세균병,콩,습도,평균습도_퍼센트,0.0772,27,2026,약함,뚜렷한 방향 없음,관측자료의 연관성으로 인과관계나 2027년 실제 기상을 뜻하지 않음
세균병,콩,강수량,지점평균누적강수량_mm,0.1662,27,2026,약함,같이 증가,관측자료의 연관성으로 인과관계나 2027년 실제 기상을 뜻하지 않음
세균병,콩,풍속,평균풍속_m_s,-0.2322,27,2026,약함,반대 방향,관측자료의 연관성으로 인과관계나 2027년 실제 기상을 뜻하지 않음
세균점무늬병,마늘,기온,평균기온_C,0.4343,24,2024,참고 가능,같이 증가,관측자료의 연관성으로 인과관계나 2027년 실제 기상을 뜻하지 않음
세균점무늬병,마늘,습도,평균습도_퍼센트,0.184,24,2024,약함,같이 증가,관측자료의 연관성으로 인과관계나 2027년 실제 기상을 뜻하지 않음
세균점무늬병,마늘,강수량,지점평균누적강수량_mm,0.4796,24,2024,참고 가능,같이 증가,관측자료의 연관성으로 인과관계나 2027년 실제 기상을 뜻하지 않음
세균점무늬병,마늘,풍속,평균풍속_m_s,0.0798,24,2024,약함,뚜렷한 방향 없음,관측자료의 연관성으로 인과관계나 2027년 실제 기상을 뜻하지 않음
시설고추-바이러스,고추,기온,평균기온_C,,12,2024,자료 부족,판단 불가,관측자료의 연관성으로 인과관계나 2027년 실제 기상을 뜻하지 않음
시설고추-바이러스,고추,습도,평균습도_퍼센트,,12,2024,자료 부족,판단 불가,관측자료의 연관성으로 인과관계나 2027년 실제 기상을 뜻하지 않음
시설고추-바이러스,고추,강수량,지점평균누적강수량_mm,,12,2024,자료 부족,판단 불가,관측자료의 연관성으로 인과관계나 2027년 실제 기상을 뜻하지 않음
시설고추-바이러스,고추,풍속,평균풍속_m_s,,12,2024,자료 부족,판단 불가,관측자료의 연관성으로 인과관계나 2027년 실제 기상을 뜻하지 않음
애매미충,배,기온,평균기온_C,,17,2024,자료 부족,판단 불가,관측자료의 연관성으로 인과관계나 2027년 실제 기상을 뜻하지 않음
애매미충,배,습도,평균습도_퍼센트,,17,2024,자료 부족,판단 불가,관측자료의 연관성으로 인과관계나 2027년 실제 기상을 뜻하지 않음
애매미충,배,강수량,지점평균누적강수량_mm,,17,2024,자료 부족,판단 불가,관측자료의 연관성으로 인과관계나 2027년 실제 기상을 뜻하지 않음
애매미충,배,풍속,평균풍속_m_s,,17,2024,자료 부족,판단 불가,관측자료의 연관성으로 인과관계나 2027년 실제 기상을 뜻하지 않음
애멸구,논벼,기온,평균기온_C,0.0585,56,2024·2026,약함,뚜렷한 방향 없음,관측자료의 연관성으로 인과관계나 2027년 실제 기상을 뜻하지 않음
애멸구,논벼,습도,평균습도_퍼센트,0.1669,56,2024·2026,약함,같이 증가,관측자료의 연관성으로 인과관계나 2027년 실제 기상을 뜻하지 않음
애멸구,논벼,강수량,지점평균누적강수량_mm,0.1212,56,2024·2026,약함,같이 증가,관측자료의 연관성으로 인과관계나 2027년 실제 기상을 뜻하지 않음
애멸구,논벼,풍속,평균풍속_m_s,0.0523,56,2024·2026,약함,뚜렷한 방향 없음,관측자료의 연관성으로 인과관계나 2027년 실제 기상을 뜻하지 않음
여름무-검은썩음병,무,기온,평균기온_C,,3,2026,자료 부족,판단 불가,관측자료의 연관성으로 인과관계나 2027년 실제 기상을 뜻하지 않음
여름무-검은썩음병,무,습도,평균습도_퍼센트,,3,2026,자료 부족,판단 불가,관측자료의 연관성으로 인과관계나 2027년 실제 기상을 뜻하지 않음
여름무-검은썩음병,무,강수량,지점평균누적강수량_mm,,3,2026,자료 부족,판단 불가,관측자료의 연관성으로 인과관계나 2027년 실제 기상을 뜻하지 않음
여름무-검은썩음병,무,풍속,평균풍속_m_s,,3,2026,자료 부족,판단 불가,관측자료의 연관성으로 인과관계나 2027년 실제 기상을 뜻하지 않음
여름무-노균병,무,기온,평균기온_C,,3,2026,자료 부족,판단 불가,관측자료의 연관성으로 인과관계나 2027년 실제 기상을 뜻하지 않음
여름무-노균병,무,습도,평균습도_퍼센트,,3,2026,자료 부족,판단 불가,관측자료의 연관성으로 인과관계나 2027년 실제 기상을 뜻하지 않음
여름무-노균병,무,강수량,지점평균누적강수량_mm,,3,2026,자료 부족,판단 불가,관측자료의 연관성으로 인과관계나 2027년 실제 기상을 뜻하지 않음
여름무-노균병,무,풍속,평균풍속_m_s,,3,2026,자료 부족,판단 불가,관측자료의 연관성으로 인과관계나 2027년 실제 기상을 뜻하지 않음
여름무-무름병,무,기온,평균기온_C,,3,2026,자료 부족,판단 불가,관측자료의 연관성으로 인과관계나 2027년 실제 기상을 뜻하지 않음
여름무-무름병,무,습도,평균습도_퍼센트,,3,2026,자료 부족,판단 불가,관측자료의 연관성으로 인과관계나 2027년 실제 기상을 뜻하지 않음
여름무-무름병,무,강수량,지점평균누적강수량_mm,,3,2026,자료 부족,판단 불가,관측자료의 연관성으로 인과관계나 2027년 실제 기상을 뜻하지 않음
여름무-무름병,무,풍속,평균풍속_m_s,,3,2026,자료 부족,판단 불가,관측자료의 연관성으로 인과관계나 2027년 실제 기상을 뜻하지 않음
여름무-바이러스병,무,기온,평균기온_C,,3,2026,자료 부족,판단 불가,관측자료의 연관성으로 인과관계나 2027년 실제 기상을 뜻하지 않음
여름무-바이러스병,무,습도,평균습도_퍼센트,,3,2026,자료 부족,판단 불가,관측자료의 연관성으로 인과관계나 2027년 실제 기상을 뜻하지 않음
여름무-바이러스병,무,강수량,지점평균누적강수량_mm,,3,2026,자료 부족,판단 불가,관측자료의 연관성으로 인과관계나 2027년 실제 기상을 뜻하지 않음
여름무-바이러스병,무,풍속,평균풍속_m_s,,3,2026,자료 부족,판단 불가,관측자료의 연관성으로 인과관계나 2027년 실제 기상을 뜻하지 않음
여름무-뿌리혹병,무,기온,평균기온_C,,3,2026,자료 부족,판단 불가,관측자료의 연관성으로 인과관계나 2027년 실제 기상을 뜻하지 않음
여름무-뿌리혹병,무,습도,평균습도_퍼센트,,3,2026,자료 부족,판단 불가,관측자료의 연관성으로 인과관계나 2027년 실제 기상을 뜻하지 않음
여름무-뿌리혹병,무,강수량,지점평균누적강수량_mm,,3,2026,자료 부족,판단 불가,관측자료의 연관성으로 인과관계나 2027년 실제 기상을 뜻하지 않음
여름무-뿌리혹병,무,풍속,평균풍속_m_s,,3,2026,자료 부족,판단 불가,관측자료의 연관성으로 인과관계나 2027년 실제 기상을 뜻하지 않음
여름배추-검은무늬병,배추,기온,평균기온_C,,3,2026,자료 부족,판단 불가,관측자료의 연관성으로 인과관계나 2027년 실제 기상을 뜻하지 않음
여름배추-검은무늬병,배추,습도,평균습도_퍼센트,,3,2026,자료 부족,판단 불가,관측자료의 연관성으로 인과관계나 2027년 실제 기상을 뜻하지 않음
여름배추-검은무늬병,배추,강수량,지점평균누적강수량_mm,,3,2026,자료 부족,판단 불가,관측자료의 연관성으로 인과관계나 2027년 실제 기상을 뜻하지 않음
여름배추-검은무늬병,배추,풍속,평균풍속_m_s,,3,2026,자료 부족,판단 불가,관측자료의 연관성으로 인과관계나 2027년 실제 기상을 뜻하지 않음
여름배추-노균병,배추,기온,평균기온_C,,3,2026,자료 부족,판단 불가,관측자료의 연관성으로 인과관계나 2027년 실제 기상을 뜻하지 않음
여름배추-노균병,배추,습도,평균습도_퍼센트,,3,2026,자료 부족,판단 불가,관측자료의 연관성으로 인과관계나 2027년 실제 기상을 뜻하지 않음
여름배추-노균병,배추,강수량,지점평균누적강수량_mm,,3,2026,자료 부족,판단 불가,관측자료의 연관성으로 인과관계나 2027년 실제 기상을 뜻하지 않음
여름배추-노균병,배추,풍속,평균풍속_m_s,,3,2026,자료 부족,판단 불가,관측자료의 연관성으로 인과관계나 2027년 실제 기상을 뜻하지 않음
여름배추-무름병,배추,기온,평균기온_C,,3,2026,자료 부족,판단 불가,관측자료의 연관성으로 인과관계나 2027년 실제 기상을 뜻하지 않음
여름배추-무름병,배추,습도,평균습도_퍼센트,,3,2026,자료 부족,판단 불가,관측자료의 연관성으로 인과관계나 2027년 실제 기상을 뜻하지 않음
여름배추-무름병,배추,강수량,지점평균누적강수량_mm,,3,2026,자료 부족,판단 불가,관측자료의 연관성으로 인과관계나 2027년 실제 기상을 뜻하지 않음
여름배추-무름병,배추,풍속,평균풍속_m_s,,3,2026,자료 부족,판단 불가,관측자료의 연관성으로 인과관계나 2027년 실제 기상을 뜻하지 않음
여름배추-바이러스병,배추,기온,평균기온_C,,3,2026,자료 부족,판단 불가,관측자료의 연관성으로 인과관계나 2027년 실제 기상을 뜻하지 않음
여름배추-바이러스병,배추,습도,평균습도_퍼센트,,3,2026,자료 부족,판단 불가,관측자료의 연관성으로 인과관계나 2027년 실제 기상을 뜻하지 않음
여름배추-바이러스병,배추,강수량,지점평균누적강수량_mm,,3,2026,자료 부족,판단 불가,관측자료의 연관성으로 인과관계나 2027년 실제 기상을 뜻하지 않음
여름배추-바이러스병,배추,풍속,평균풍속_m_s,,3,2026,자료 부족,판단 불가,관측자료의 연관성으로 인과관계나 2027년 실제 기상을 뜻하지 않음
여름배추-배추좀나방,배추,기온,평균기온_C,,3,2026,자료 부족,판단 불가,관측자료의 연관성으로 인과관계나 2027년 실제 기상을 뜻하지 않음
여름배추-배추좀나방,배추,습도,평균습도_퍼센트,,3,2026,자료 부족,판단 불가,관측자료의 연관성으로 인과관계나 2027년 실제 기상을 뜻하지 않음
여름배추-배추좀나방,배추,강수량,지점평균누적강수량_mm,,3,2026,자료 부족,판단 불가,관측자료의 연관성으로 인과관계나 2027년 실제 기상을 뜻하지 않음
여름배추-배추좀나방,배추,풍속,평균풍속_m_s,,3,2026,자료 부족,판단 불가,관측자료의 연관성으로 인과관계나 2027년 실제 기상을 뜻하지 않음
여름배추-뿌리마름병,배추,기온,평균기온_C,,3,2026,자료 부족,판단 불가,관측자료의 연관성으로 인과관계나 2027년 실제 기상을 뜻하지 않음
여름배추-뿌리마름병,배추,습도,평균습도_퍼센트,,3,2026,자료 부족,판단 불가,관측자료의 연관성으로 인과관계나 2027년 실제 기상을 뜻하지 않음
여름배추-뿌리마름병,배추,강수량,지점평균누적강수량_mm,,3,2026,자료 부족,판단 불가,관측자료의 연관성으로 인과관계나 2027년 실제 기상을 뜻하지 않음
여름배추-뿌리마름병,배추,풍속,평균풍속_m_s,,3,2026,자료 부족,판단 불가,관측자료의 연관성으로 인과관계나 2027년 실제 기상을 뜻하지 않음
여름배추-진딧물류,배추,기온,평균기온_C,,3,2026,자료 부족,판단 불가,관측자료의 연관성으로 인과관계나 2027년 실제 기상을 뜻하지 않음
여름배추-진딧물류,배추,습도,평균습도_퍼센트,,3,2026,자료 부족,판단 불가,관측자료의 연관성으로 인과관계나 2027년 실제 기상을 뜻하지 않음
여름배추-진딧물류,배추,강수량,지점평균누적강수량_mm,,3,2026,자료 부족,판단 불가,관측자료의 연관성으로 인과관계나 2027년 실제 기상을 뜻하지 않음
여름배추-진딧물류,배추,풍속,평균풍속_m_s,,3,2026,자료 부족,판단 불가,관측자료의 연관성으로 인과관계나 2027년 실제 기상을 뜻하지 않음
여름배추-흰무늬병,배추,기온,평균기온_C,,3,2026,자료 부족,판단 불가,관측자료의 연관성으로 인과관계나 2027년 실제 기상을 뜻하지 않음
여름배추-흰무늬병,배추,습도,평균습도_퍼센트,,3,2026,자료 부족,판단 불가,관측자료의 연관성으로 인과관계나 2027년 실제 기상을 뜻하지 않음
여름배추-흰무늬병,배추,강수량,지점평균누적강수량_mm,,3,2026,자료 부족,판단 불가,관측자료의 연관성으로 인과관계나 2027년 실제 기상을 뜻하지 않음
여름배추-흰무늬병,배추,풍속,평균풍속_m_s,,3,2026,자료 부족,판단 불가,관측자료의 연관성으로 인과관계나 2027년 실제 기상을 뜻하지 않음
역병,감귤,기온,평균기온_C,,4,2026,자료 부족,판단 불가,관측자료의 연관성으로 인과관계나 2027년 실제 기상을 뜻하지 않음
역병,감귤,습도,평균습도_퍼센트,,4,2026,자료 부족,판단 불가,관측자료의 연관성으로 인과관계나 2027년 실제 기상을 뜻하지 않음
역병,감귤,강수량,지점평균누적강수량_mm,,4,2026,자료 부족,판단 불가,관측자료의 연관성으로 인과관계나 2027년 실제 기상을 뜻하지 않음
역병,감귤,풍속,평균풍속_m_s,,4,2026,자료 부족,판단 불가,관측자료의 연관성으로 인과관계나 2027년 실제 기상을 뜻하지 않음
역병,고추,기온,평균기온_C,-0.0437,12,2024,약함,뚜렷한 방향 없음,관측자료의 연관성으로 인과관계나 2027년 실제 기상을 뜻하지 않음
역병,고추,습도,평균습도_퍼센트,0.3057,12,2024,참고 가능,같이 증가,관측자료의 연관성으로 인과관계나 2027년 실제 기상을 뜻하지 않음
역병,고추,강수량,지점평균누적강수량_mm,0.131,12,2024,약함,같이 증가,관측자료의 연관성으로 인과관계나 2027년 실제 기상을 뜻하지 않음
역병,고추,풍속,평균풍속_m_s,0.0437,12,2024,약함,뚜렷한 방향 없음,관측자료의 연관성으로 인과관계나 2027년 실제 기상을 뜻하지 않음
역병,사과,기온,평균기온_C,0.0089,50,2024·2026,약함,뚜렷한 방향 없음,관측자료의 연관성으로 인과관계나 2027년 실제 기상을 뜻하지 않음
역병,사과,습도,평균습도_퍼센트,0.0938,50,2024·2026,약함,뚜렷한 방향 없음,관측자료의 연관성으로 인과관계나 2027년 실제 기상을 뜻하지 않음
역병,사과,강수량,지점평균누적강수량_mm,0.0673,50,2024·2026,약함,뚜렷한 방향 없음,관측자료의 연관성으로 인과관계나 2027년 실제 기상을 뜻하지 않음
역병,사과,풍속,평균풍속_m_s,-0.0098,50,2024·2026,약함,뚜렷한 방향 없음,관측자료의 연관성으로 인과관계나 2027년 실제 기상을 뜻하지 않음
역병,콩,기온,평균기온_C,,27,2026,자료 부족,판단 불가,관측자료의 연관성으로 인과관계나 2027년 실제 기상을 뜻하지 않음
역병,콩,습도,평균습도_퍼센트,,27,2026,자료 부족,판단 불가,관측자료의 연관성으로 인과관계나 2027년 실제 기상을 뜻하지 않음
역병,콩,강수량,지점평균누적강수량_mm,,27,2026,자료 부족,판단 불가,관측자료의 연관성으로 인과관계나 2027년 실제 기상을 뜻하지 않음
역병,콩,풍속,평균풍속_m_s,,27,2026,자료 부족,판단 불가,관측자료의 연관성으로 인과관계나 2027년 실제 기상을 뜻하지 않음
오갈병,논벼,기온,평균기온_C,,14,2024,자료 부족,판단 불가,관측자료의 연관성으로 인과관계나 2027년 실제 기상을 뜻하지 않음
오갈병,논벼,습도,평균습도_퍼센트,,14,2024,자료 부족,판단 불가,관측자료의 연관성으로 인과관계나 2027년 실제 기상을 뜻하지 않음
오갈병,논벼,강수량,지점평균누적강수량_mm,,14,2024,자료 부족,판단 불가,관측자료의 연관성으로 인과관계나 2027년 실제 기상을 뜻하지 않음
오갈병,논벼,풍속,평균풍속_m_s,,14,2024,자료 부족,판단 불가,관측자료의 연관성으로 인과관계나 2027년 실제 기상을 뜻하지 않음
은무늬굴나방,사과,기온,평균기온_C,0.1052,50,2024·2026,약함,같이 증가,관측자료의 연관성으로 인과관계나 2027년 실제 기상을 뜻하지 않음
은무늬굴나방,사과,습도,평균습도_퍼센트,-0.0193,50,2024·2026,약함,뚜렷한 방향 없음,관측자료의 연관성으로 인과관계나 2027년 실제 기상을 뜻하지 않음
은무늬굴나방,사과,강수량,지점평균누적강수량_mm,-0.0618,50,2024·2026,약함,뚜렷한 방향 없음,관측자료의 연관성으로 인과관계나 2027년 실제 기상을 뜻하지 않음
은무늬굴나방,사과,풍속,평균풍속_m_s,-0.2771,50,2024·2026,약함,반대 방향,관측자료의 연관성으로 인과관계나 2027년 실제 기상을 뜻하지 않음
응애류,배,기온,평균기온_C,0.4118,57,2024·2026,참고 가능,같이 증가,관측자료의 연관성으로 인과관계나 2027년 실제 기상을 뜻하지 않음
응애류,배,습도,평균습도_퍼센트,0.4157,57,2024·2026,참고 가능,같이 증가,관측자료의 연관성으로 인과관계나 2027년 실제 기상을 뜻하지 않음
응애류,배,강수량,지점평균누적강수량_mm,0.0988,57,2024·2026,약함,뚜렷한 방향 없음,관측자료의 연관성으로 인과관계나 2027년 실제 기상을 뜻하지 않음
응애류,배,풍속,평균풍속_m_s,0.1864,57,2024·2026,약함,같이 증가,관측자료의 연관성으로 인과관계나 2027년 실제 기상을 뜻하지 않음
응애류,사과,기온,평균기온_C,0.4664,32,2026,참고 가능,같이 증가,관측자료의 연관성으로 인과관계나 2027년 실제 기상을 뜻하지 않음
응애류,사과,습도,평균습도_퍼센트,0.4004,32,2026,참고 가능,같이 증가,관측자료의 연관성으로 인과관계나 2027년 실제 기상을 뜻하지 않음
응애류,사과,강수량,지점평균누적강수량_mm,0.1953,32,2026,약함,같이 증가,관측자료의 연관성으로 인과관계나 2027년 실제 기상을 뜻하지 않음
응애류,사과,풍속,평균풍속_m_s,-0.0382,32,2026,약함,뚜렷한 방향 없음,관측자료의 연관성으로 인과관계나 2027년 실제 기상을 뜻하지 않음
이삭누룩병,논벼,기온,평균기온_C,,56,2024·2026,자료 부족,판단 불가,관측자료의 연관성으로 인과관계나 2027년 실제 기상을 뜻하지 않음
이삭누룩병,논벼,습도,평균습도_퍼센트,,56,2024·2026,자료 부족,판단 불가,관측자료의 연관성으로 인과관계나 2027년 실제 기상을 뜻하지 않음
이삭누룩병,논벼,강수량,지점평균누적강수량_mm,,56,2024·2026,자료 부족,판단 불가,관측자료의 연관성으로 인과관계나 2027년 실제 기상을 뜻하지 않음
이삭누룩병,논벼,풍속,평균풍속_m_s,,56,2024·2026,자료 부족,판단 불가,관측자료의 연관성으로 인과관계나 2027년 실제 기상을 뜻하지 않음
이삭도열병,논벼,기온,평균기온_C,0.1877,56,2024·2026,약함,같이 증가,관측자료의 연관성으로 인과관계나 2027년 실제 기상을 뜻하지 않음
이삭도열병,논벼,습도,평균습도_퍼센트,0.0793,56,2024·2026,약함,뚜렷한 방향 없음,관측자료의 연관성으로 인과관계나 2027년 실제 기상을 뜻하지 않음
이삭도열병,논벼,강수량,지점평균누적강수량_mm,0.0876,56,2024·2026,약함,뚜렷한 방향 없음,관측자료의 연관성으로 인과관계나 2027년 실제 기상을 뜻하지 않음
이삭도열병,논벼,풍속,평균풍속_m_s,0.1168,56,2024·2026,약함,같이 증가,관측자료의 연관성으로 인과관계나 2027년 실제 기상을 뜻하지 않음
이화명나방,논벼,기온,평균기온_C,0.1683,42,2026,약함,같이 증가,관측자료의 연관성으로 인과관계나 2027년 실제 기상을 뜻하지 않음
이화명나방,논벼,습도,평균습도_퍼센트,0.3249,42,2026,참고 가능,같이 증가,관측자료의 연관성으로 인과관계나 2027년 실제 기상을 뜻하지 않음
이화명나방,논벼,강수량,지점평균누적강수량_mm,0.0907,42,2026,약함,뚜렷한 방향 없음,관측자료의 연관성으로 인과관계나 2027년 실제 기상을 뜻하지 않음
이화명나방,논벼,풍속,평균풍속_m_s,0.0765,42,2026,약함,뚜렷한 방향 없음,관측자료의 연관성으로 인과관계나 2027년 실제 기상을 뜻하지 않음
이화명나방1화기,논벼,기온,평균기온_C,-0.172,14,2024,약함,반대 방향,관측자료의 연관성으로 인과관계나 2027년 실제 기상을 뜻하지 않음
이화명나방1화기,논벼,습도,평균습도_퍼센트,0.2408,14,2024,약함,같이 증가,관측자료의 연관성으로 인과관계나 2027년 실제 기상을 뜻하지 않음
이화명나방1화기,논벼,강수량,지점평균누적강수량_mm,0.0344,14,2024,약함,뚜렷한 방향 없음,관측자료의 연관성으로 인과관계나 2027년 실제 기상을 뜻하지 않음
이화명나방1화기,논벼,풍속,평균풍속_m_s,0.0344,14,2024,약함,뚜렷한 방향 없음,관측자료의 연관성으로 인과관계나 2027년 실제 기상을 뜻하지 않음
이화명나방2화기,논벼,기온,평균기온_C,,14,2024,자료 부족,판단 불가,관측자료의 연관성으로 인과관계나 2027년 실제 기상을 뜻하지 않음
이화명나방2화기,논벼,습도,평균습도_퍼센트,,14,2024,자료 부족,판단 불가,관측자료의 연관성으로 인과관계나 2027년 실제 기상을 뜻하지 않음
이화명나방2화기,논벼,강수량,지점평균누적강수량_mm,,14,2024,자료 부족,판단 불가,관측자료의 연관성으로 인과관계나 2027년 실제 기상을 뜻하지 않음
이화명나방2화기,논벼,풍속,평균풍속_m_s,,14,2024,자료 부족,판단 불가,관측자료의 연관성으로 인과관계나 2027년 실제 기상을 뜻하지 않음
잎검은점병,배,기온,평균기온_C,0.1181,57,2024·2026,약함,같이 증가,관측자료의 연관성으로 인과관계나 2027년 실제 기상을 뜻하지 않음
잎검은점병,배,습도,평균습도_퍼센트,0.1874,57,2024·2026,약함,같이 증가,관측자료의 연관성으로 인과관계나 2027년 실제 기상을 뜻하지 않음
잎검은점병,배,강수량,지점평균누적강수량_mm,0.0032,57,2024·2026,약함,뚜렷한 방향 없음,관측자료의 연관성으로 인과관계나 2027년 실제 기상을 뜻하지 않음
잎검은점병,배,풍속,평균풍속_m_s,0.4807,57,2024·2026,참고 가능,같이 증가,관측자료의 연관성으로 인과관계나 2027년 실제 기상을 뜻하지 않음
잎도열병,논벼,기온,평균기온_C,0.4653,56,2024·2026,참고 가능,같이 증가,관측자료의 연관성으로 인과관계나 2027년 실제 기상을 뜻하지 않음
잎도열병,논벼,습도,평균습도_퍼센트,0.5552,56,2024·2026,비교적 뚜렷,같이 증가,관측자료의 연관성으로 인과관계나 2027년 실제 기상을 뜻하지 않음
잎도열병,논벼,강수량,지점평균누적강수량_mm,0.1815,56,2024·2026,약함,같이 증가,관측자료의 연관성으로 인과관계나 2027년 실제 기상을 뜻하지 않음
잎도열병,논벼,풍속,평균풍속_m_s,0.0436,56,2024·2026,약함,뚜렷한 방향 없음,관측자료의 연관성으로 인과관계나 2027년 실제 기상을 뜻하지 않음
잎마름병,마늘,기온,평균기온_C,0.8606,24,2024,비교적 뚜렷,같이 증가,관측자료의 연관성으로 인과관계나 2027년 실제 기상을 뜻하지 않음
잎마름병,마늘,습도,평균습도_퍼센트,0.2755,24,2024,약함,같이 증가,관측자료의 연관성으로 인과관계나 2027년 실제 기상을 뜻하지 않음
잎마름병,마늘,강수량,지점평균누적강수량_mm,0.4682,24,2024,참고 가능,같이 증가,관측자료의 연관성으로 인과관계나 2027년 실제 기상을 뜻하지 않음
잎마름병,마늘,풍속,평균풍속_m_s,0.0416,24,2024,약함,뚜렷한 방향 없음,관측자료의 연관성으로 인과관계나 2027년 실제 기상을 뜻하지 않음
잎마름병,양파,기온,평균기온_C,0.6572,30,2024·2026,비교적 뚜렷,같이 증가,관측자료의 연관성으로 인과관계나 2027년 실제 기상을 뜻하지 않음
잎마름병,양파,습도,평균습도_퍼센트,-0.0792,30,2024·2026,약함,뚜렷한 방향 없음,관측자료의 연관성으로 인과관계나 2027년 실제 기상을 뜻하지 않음
잎마름병,양파,강수량,지점평균누적강수량_mm,0.1321,30,2024·2026,약함,같이 증가,관측자료의 연관성으로 인과관계나 2027년 실제 기상을 뜻하지 않음
잎마름병,양파,풍속,평균풍속_m_s,0.3337,30,2024·2026,참고 가능,같이 증가,관측자료의 연관성으로 인과관계나 2027년 실제 기상을 뜻하지 않음
잎말이나방,배,기온,평균기온_C,,17,2024,자료 부족,판단 불가,관측자료의 연관성으로 인과관계나 2027년 실제 기상을 뜻하지 않음
잎말이나방,배,습도,평균습도_퍼센트,,17,2024,자료 부족,판단 불가,관측자료의 연관성으로 인과관계나 2027년 실제 기상을 뜻하지 않음
잎말이나방,배,강수량,지점평균누적강수량_mm,,17,2024,자료 부족,판단 불가,관측자료의 연관성으로 인과관계나 2027년 실제 기상을 뜻하지 않음
잎말이나방,배,풍속,평균풍속_m_s,,17,2024,자료 부족,판단 불가,관측자료의 연관성으로 인과관계나 2027년 실제 기상을 뜻하지 않음
잎오갈병,복숭아,기온,평균기온_C,0.0875,36,2026,약함,뚜렷한 방향 없음,관측자료의 연관성으로 인과관계나 2027년 실제 기상을 뜻하지 않음
잎오갈병,복숭아,습도,평균습도_퍼센트,0.1884,36,2026,약함,같이 증가,관측자료의 연관성으로 인과관계나 2027년 실제 기상을 뜻하지 않음
잎오갈병,복숭아,강수량,지점평균누적강수량_mm,-0.0215,36,2026,약함,뚜렷한 방향 없음,관측자료의 연관성으로 인과관계나 2027년 실제 기상을 뜻하지 않음
잎오갈병,복숭아,풍속,평균풍속_m_s,-0.0166,36,2026,약함,뚜렷한 방향 없음,관측자료의 연관성으로 인과관계나 2027년 실제 기상을 뜻하지 않음
잎집눈무늬병,보리,기온,평균기온_C,0.0181,24,2026,약함,뚜렷한 방향 없음,관측자료의 연관성으로 인과관계나 2027년 실제 기상을 뜻하지 않음
잎집눈무늬병,보리,습도,평균습도_퍼센트,0.2774,24,2026,약함,같이 증가,관측자료의 연관성으로 인과관계나 2027년 실제 기상을 뜻하지 않음
잎집눈무늬병,보리,강수량,지점평균누적강수량_mm,0.4116,24,2026,참고 가능,같이 증가,관측자료의 연관성으로 인과관계나 2027년 실제 기상을 뜻하지 않음
잎집눈무늬병,보리,풍속,평균풍속_m_s,0.4361,24,2026,참고 가능,같이 증가,관측자료의 연관성으로 인과관계나 2027년 실제 기상을 뜻하지 않음
잎집무늬마름병,논벼,기온,평균기온_C,0.3775,56,2024·2026,참고 가능,같이 증가,관측자료의 연관성으로 인과관계나 2027년 실제 기상을 뜻하지 않음
잎집무늬마름병,논벼,습도,평균습도_퍼센트,0.5926,56,2024·2026,비교적 뚜렷,같이 증가,관측자료의 연관성으로 인과관계나 2027년 실제 기상을 뜻하지 않음
잎집무늬마름병,논벼,강수량,지점평균누적강수량_mm,0.1392,56,2024·2026,약함,같이 증가,관측자료의 연관성으로 인과관계나 2027년 실제 기상을 뜻하지 않음
잎집무늬마름병,논벼,풍속,평균풍속_m_s,-0.1049,56,2024·2026,약함,반대 방향,관측자료의 연관성으로 인과관계나 2027년 실제 기상을 뜻하지 않음
잎집썩음병,마늘,기온,평균기온_C,0.039,24,2024,약함,뚜렷한 방향 없음,관측자료의 연관성으로 인과관계나 2027년 실제 기상을 뜻하지 않음
잎집썩음병,마늘,습도,평균습도_퍼센트,0.6655,24,2024,비교적 뚜렷,같이 증가,관측자료의 연관성으로 인과관계나 2027년 실제 기상을 뜻하지 않음
잎집썩음병,마늘,강수량,지점평균누적강수량_mm,0.3504,24,2024,참고 가능,같이 증가,관측자료의 연관성으로 인과관계나 2027년 실제 기상을 뜻하지 않음
잎집썩음병,마늘,풍속,평균풍속_m_s,-0.4225,24,2024,참고 가능,반대 방향,관측자료의 연관성으로 인과관계나 2027년 실제 기상을 뜻하지 않음
잿빛곰팡이,사과,기온,평균기온_C,,18,2024,자료 부족,판단 불가,관측자료의 연관성으로 인과관계나 2027년 실제 기상을 뜻하지 않음
잿빛곰팡이,사과,습도,평균습도_퍼센트,,18,2024,자료 부족,판단 불가,관측자료의 연관성으로 인과관계나 2027년 실제 기상을 뜻하지 않음
잿빛곰팡이,사과,강수량,지점평균누적강수량_mm,,18,2024,자료 부족,판단 불가,관측자료의 연관성으로 인과관계나 2027년 실제 기상을 뜻하지 않음
잿빛곰팡이,사과,풍속,평균풍속_m_s,,18,2024,자료 부족,판단 불가,관측자료의 연관성으로 인과관계나 2027년 실제 기상을 뜻하지 않음
점무늬낙엽병,사과,기온,평균기온_C,0.362,50,2024·2026,참고 가능,같이 증가,관측자료의 연관성으로 인과관계나 2027년 실제 기상을 뜻하지 않음
점무늬낙엽병,사과,습도,평균습도_퍼센트,0.3359,50,2024·2026,참고 가능,같이 증가,관측자료의 연관성으로 인과관계나 2027년 실제 기상을 뜻하지 않음
점무늬낙엽병,사과,강수량,지점평균누적강수량_mm,0.2088,50,2024·2026,약함,같이 증가,관측자료의 연관성으로 인과관계나 2027년 실제 기상을 뜻하지 않음
점무늬낙엽병,사과,풍속,평균풍속_m_s,0.0672,50,2024·2026,약함,뚜렷한 방향 없음,관측자료의 연관성으로 인과관계나 2027년 실제 기상을 뜻하지 않음
점무늬병,콩,기온,평균기온_C,0.2523,27,2026,약함,같이 증가,관측자료의 연관성으로 인과관계나 2027년 실제 기상을 뜻하지 않음
점무늬병,콩,습도,평균습도_퍼센트,0.0492,27,2026,약함,뚜렷한 방향 없음,관측자료의 연관성으로 인과관계나 2027년 실제 기상을 뜻하지 않음
점무늬병,콩,강수량,지점평균누적강수량_mm,0.1382,27,2026,약함,같이 증가,관측자료의 연관성으로 인과관계나 2027년 실제 기상을 뜻하지 않음
점무늬병,콩,풍속,평균풍속_m_s,-0.2042,27,2026,약함,반대 방향,관측자료의 연관성으로 인과관계나 2027년 실제 기상을 뜻하지 않음
점박이응애,사과,기온,평균기온_C,0.1033,18,2024,약함,같이 증가,관측자료의 연관성으로 인과관계나 2027년 실제 기상을 뜻하지 않음
점박이응애,사과,습도,평균습도_퍼센트,0.0738,18,2024,약함,뚜렷한 방향 없음,관측자료의 연관성으로 인과관계나 2027년 실제 기상을 뜻하지 않음
점박이응애,사과,강수량,지점평균누적강수량_mm,-0.3012,18,2024,참고 가능,반대 방향,관측자료의 연관성으로 인과관계나 2027년 실제 기상을 뜻하지 않음
점박이응애,사과,풍속,평균풍속_m_s,-0.086,18,2024,약함,뚜렷한 방향 없음,관측자료의 연관성으로 인과관계나 2027년 실제 기상을 뜻하지 않음
조팝나무진딧물,사과,기온,평균기온_C,-0.0023,50,2024·2026,약함,뚜렷한 방향 없음,관측자료의 연관성으로 인과관계나 2027년 실제 기상을 뜻하지 않음
조팝나무진딧물,사과,습도,평균습도_퍼센트,-0.103,50,2024·2026,약함,반대 방향,관측자료의 연관성으로 인과관계나 2027년 실제 기상을 뜻하지 않음
조팝나무진딧물,사과,강수량,지점평균누적강수량_mm,-0.1662,50,2024·2026,약함,반대 방향,관측자료의 연관성으로 인과관계나 2027년 실제 기상을 뜻하지 않음
조팝나무진딧물,사과,풍속,평균풍속_m_s,0.0856,50,2024·2026,약함,뚜렷한 방향 없음,관측자료의 연관성으로 인과관계나 2027년 실제 기상을 뜻하지 않음
주경배나무이,배,기온,평균기온_C,0.0774,40,2026,약함,뚜렷한 방향 없음,관측자료의 연관성으로 인과관계나 2027년 실제 기상을 뜻하지 않음
주경배나무이,배,습도,평균습도_퍼센트,-0.0104,40,2026,약함,뚜렷한 방향 없음,관측자료의 연관성으로 인과관계나 2027년 실제 기상을 뜻하지 않음
주경배나무이,배,강수량,지점평균누적강수량_mm,0.0265,40,2026,약함,뚜렷한 방향 없음,관측자료의 연관성으로 인과관계나 2027년 실제 기상을 뜻하지 않음
주경배나무이,배,풍속,평균풍속_m_s,0.1799,40,2026,약함,같이 증가,관측자료의 연관성으로 인과관계나 2027년 실제 기상을 뜻하지 않음
줄무늬병,보리,기온,평균기온_C,,24,2026,자료 부족,판단 불가,관측자료의 연관성으로 인과관계나 2027년 실제 기상을 뜻하지 않음
줄무늬병,보리,습도,평균습도_퍼센트,,24,2026,자료 부족,판단 불가,관측자료의 연관성으로 인과관계나 2027년 실제 기상을 뜻하지 않음
줄무늬병,보리,강수량,지점평균누적강수량_mm,,24,2026,자료 부족,판단 불가,관측자료의 연관성으로 인과관계나 2027년 실제 기상을 뜻하지 않음
줄무늬병,보리,풍속,평균풍속_m_s,,24,2026,자료 부족,판단 불가,관측자료의 연관성으로 인과관계나 2027년 실제 기상을 뜻하지 않음
줄무늬잎마름병,논벼,기온,평균기온_C,,14,2024,자료 부족,판단 불가,관측자료의 연관성으로 인과관계나 2027년 실제 기상을 뜻하지 않음
줄무늬잎마름병,논벼,습도,평균습도_퍼센트,,14,2024,자료 부족,판단 불가,관측자료의 연관성으로 인과관계나 2027년 실제 기상을 뜻하지 않음
줄무늬잎마름병,논벼,강수량,지점평균누적강수량_mm,,14,2024,자료 부족,판단 불가,관측자료의 연관성으로 인과관계나 2027년 실제 기상을 뜻하지 않음
줄무늬잎마름병,논벼,풍속,평균풍속_m_s,,14,2024,자료 부족,판단 불가,관측자료의 연관성으로 인과관계나 2027년 실제 기상을 뜻하지 않음
진딧물류,감귤,기온,평균기온_C,,4,2026,자료 부족,판단 불가,관측자료의 연관성으로 인과관계나 2027년 실제 기상을 뜻하지 않음
진딧물류,감귤,습도,평균습도_퍼센트,,4,2026,자료 부족,판단 불가,관측자료의 연관성으로 인과관계나 2027년 실제 기상을 뜻하지 않음
진딧물류,감귤,강수량,지점평균누적강수량_mm,,4,2026,자료 부족,판단 불가,관측자료의 연관성으로 인과관계나 2027년 실제 기상을 뜻하지 않음
진딧물류,감귤,풍속,평균풍속_m_s,,4,2026,자료 부족,판단 불가,관측자료의 연관성으로 인과관계나 2027년 실제 기상을 뜻하지 않음
진딧물류,보리,기온,평균기온_C,0.2678,24,2026,약함,같이 증가,관측자료의 연관성으로 인과관계나 2027년 실제 기상을 뜻하지 않음
진딧물류,보리,습도,평균습도_퍼센트,0.2587,24,2026,약함,같이 증가,관측자료의 연관성으로 인과관계나 2027년 실제 기상을 뜻하지 않음
진딧물류,보리,강수량,지점평균누적강수량_mm,0.1271,24,2026,약함,같이 증가,관측자료의 연관성으로 인과관계나 2027년 실제 기상을 뜻하지 않음
진딧물류,보리,풍속,평균풍속_m_s,-0.0121,24,2026,약함,뚜렷한 방향 없음,관측자료의 연관성으로 인과관계나 2027년 실제 기상을 뜻하지 않음
콩꼬투리혹파리,콩,기온,평균기온_C,,27,2026,자료 부족,판단 불가,관측자료의 연관성으로 인과관계나 2027년 실제 기상을 뜻하지 않음
콩꼬투리혹파리,콩,습도,평균습도_퍼센트,,27,2026,자료 부족,판단 불가,관측자료의 연관성으로 인과관계나 2027년 실제 기상을 뜻하지 않음
콩꼬투리혹파리,콩,강수량,지점평균누적강수량_mm,,27,2026,자료 부족,판단 불가,관측자료의 연관성으로 인과관계나 2027년 실제 기상을 뜻하지 않음
콩꼬투리혹파리,콩,풍속,평균풍속_m_s,,27,2026,자료 부족,판단 불가,관측자료의 연관성으로 인과관계나 2027년 실제 기상을 뜻하지 않음
키다리병,논벼,기온,평균기온_C,0.2859,42,2026,약함,같이 증가,관측자료의 연관성으로 인과관계나 2027년 실제 기상을 뜻하지 않음
키다리병,논벼,습도,평균습도_퍼센트,0.4982,42,2026,참고 가능,같이 증가,관측자료의 연관성으로 인과관계나 2027년 실제 기상을 뜻하지 않음
키다리병,논벼,강수량,지점평균누적강수량_mm,0.0155,42,2026,약함,뚜렷한 방향 없음,관측자료의 연관성으로 인과관계나 2027년 실제 기상을 뜻하지 않음
키다리병,논벼,풍속,평균풍속_m_s,0.018,42,2026,약함,뚜렷한 방향 없음,관측자료의 연관성으로 인과관계나 2027년 실제 기상을 뜻하지 않음
탄저병,감,기온,평균기온_C,0.5458,16,2026,참고 가능,같이 증가,관측자료의 연관성으로 인과관계나 2027년 실제 기상을 뜻하지 않음
탄저병,감,습도,평균습도_퍼센트,0.3329,16,2026,참고 가능,같이 증가,관측자료의 연관성으로 인과관계나 2027년 실제 기상을 뜻하지 않음
탄저병,감,강수량,지점평균누적강수량_mm,-0.1352,16,2026,약함,반대 방향,관측자료의 연관성으로 인과관계나 2027년 실제 기상을 뜻하지 않음
탄저병,감,풍속,평균풍속_m_s,-0.4613,16,2026,참고 가능,반대 방향,관측자료의 연관성으로 인과관계나 2027년 실제 기상을 뜻하지 않음
탄저병,고추,기온,평균기온_C,-0.0437,12,2024,약함,뚜렷한 방향 없음,관측자료의 연관성으로 인과관계나 2027년 실제 기상을 뜻하지 않음
탄저병,고추,습도,평균습도_퍼센트,0.3057,12,2024,참고 가능,같이 증가,관측자료의 연관성으로 인과관계나 2027년 실제 기상을 뜻하지 않음
탄저병,고추,강수량,지점평균누적강수량_mm,0.131,12,2024,약함,같이 증가,관측자료의 연관성으로 인과관계나 2027년 실제 기상을 뜻하지 않음
탄저병,고추,풍속,평균풍속_m_s,0.0437,12,2024,약함,뚜렷한 방향 없음,관측자료의 연관성으로 인과관계나 2027년 실제 기상을 뜻하지 않음
탄저병,복숭아,기온,평균기온_C,0.5613,36,2026,비교적 뚜렷,같이 증가,관측자료의 연관성으로 인과관계나 2027년 실제 기상을 뜻하지 않음
탄저병,복숭아,습도,평균습도_퍼센트,0.5058,36,2026,비교적 뚜렷,같이 증가,관측자료의 연관성으로 인과관계나 2027년 실제 기상을 뜻하지 않음
탄저병,복숭아,강수량,지점평균누적강수량_mm,0.0773,36,2026,약함,뚜렷한 방향 없음,관측자료의 연관성으로 인과관계나 2027년 실제 기상을 뜻하지 않음
탄저병,복숭아,풍속,평균풍속_m_s,-0.0054,36,2026,약함,뚜렷한 방향 없음,관측자료의 연관성으로 인과관계나 2027년 실제 기상을 뜻하지 않음
탄저병,사과,기온,평균기온_C,0.3776,50,2024·2026,참고 가능,같이 증가,관측자료의 연관성으로 인과관계나 2027년 실제 기상을 뜻하지 않음
탄저병,사과,습도,평균습도_퍼센트,0.2495,50,2024·2026,약함,같이 증가,관측자료의 연관성으로 인과관계나 2027년 실제 기상을 뜻하지 않음
탄저병,사과,강수량,지점평균누적강수량_mm,-0.0515,50,2024·2026,약함,뚜렷한 방향 없음,관측자료의 연관성으로 인과관계나 2027년 실제 기상을 뜻하지 않음
탄저병,사과,풍속,평균풍속_m_s,-0.1326,50,2024·2026,약함,반대 방향,관측자료의 연관성으로 인과관계나 2027년 실제 기상을 뜻하지 않음
탄저병,콩,기온,평균기온_C,,27,2026,자료 부족,판단 불가,관측자료의 연관성으로 인과관계나 2027년 실제 기상을 뜻하지 않음
탄저병,콩,습도,평균습도_퍼센트,,27,2026,자료 부족,판단 불가,관측자료의 연관성으로 인과관계나 2027년 실제 기상을 뜻하지 않음
탄저병,콩,강수량,지점평균누적강수량_mm,,27,2026,자료 부족,판단 불가,관측자료의 연관성으로 인과관계나 2027년 실제 기상을 뜻하지 않음
탄저병,콩,풍속,평균풍속_m_s,,27,2026,자료 부족,판단 불가,관측자료의 연관성으로 인과관계나 2027년 실제 기상을 뜻하지 않음
톱다리개미허리노린재,콩,기온,평균기온_C,0.4811,27,2026,참고 가능,같이 증가,관측자료의 연관성으로 인과관계나 2027년 실제 기상을 뜻하지 않음
톱다리개미허리노린재,콩,습도,평균습도_퍼센트,0.2301,27,2026,약함,같이 증가,관측자료의 연관성으로 인과관계나 2027년 실제 기상을 뜻하지 않음
톱다리개미허리노린재,콩,강수량,지점평균누적강수량_mm,0.2519,27,2026,약함,같이 증가,관측자료의 연관성으로 인과관계나 2027년 실제 기상을 뜻하지 않음
톱다리개미허리노린재,콩,풍속,평균풍속_m_s,0.3199,27,2026,참고 가능,같이 증가,관측자료의 연관성으로 인과관계나 2027년 실제 기상을 뜻하지 않음
파밤나방,콩,기온,평균기온_C,0.4103,27,2026,참고 가능,같이 증가,관측자료의 연관성으로 인과관계나 2027년 실제 기상을 뜻하지 않음
파밤나방,콩,습도,평균습도_퍼센트,0.223,27,2026,약함,같이 증가,관측자료의 연관성으로 인과관계나 2027년 실제 기상을 뜻하지 않음
파밤나방,콩,강수량,지점평균누적강수량_mm,0.2102,27,2026,약함,같이 증가,관측자료의 연관성으로 인과관계나 2027년 실제 기상을 뜻하지 않음
파밤나방,콩,풍속,평균풍속_m_s,0.2928,27,2026,약함,같이 증가,관측자료의 연관성으로 인과관계나 2027년 실제 기상을 뜻하지 않음
한지형마늘-고자리파리,마늘,기온,평균기온_C,,39,2024·2026,자료 부족,판단 불가,관측자료의 연관성으로 인과관계나 2027년 실제 기상을 뜻하지 않음
한지형마늘-고자리파리,마늘,습도,평균습도_퍼센트,,39,2024·2026,자료 부족,판단 불가,관측자료의 연관성으로 인과관계나 2027년 실제 기상을 뜻하지 않음
한지형마늘-고자리파리,마늘,강수량,지점평균누적강수량_mm,,39,2024·2026,자료 부족,판단 불가,관측자료의 연관성으로 인과관계나 2027년 실제 기상을 뜻하지 않음
한지형마늘-고자리파리,마늘,풍속,평균풍속_m_s,,39,2024·2026,자료 부족,판단 불가,관측자료의 연관성으로 인과관계나 2027년 실제 기상을 뜻하지 않음
한지형마늘-녹병,마늘,기온,평균기온_C,,15,2026,자료 부족,판단 불가,관측자료의 연관성으로 인과관계나 2027년 실제 기상을 뜻하지 않음
한지형마늘-녹병,마늘,습도,평균습도_퍼센트,,15,2026,자료 부족,판단 불가,관측자료의 연관성으로 인과관계나 2027년 실제 기상을 뜻하지 않음
한지형마늘-녹병,마늘,강수량,지점평균누적강수량_mm,,15,2026,자료 부족,판단 불가,관측자료의 연관성으로 인과관계나 2027년 실제 기상을 뜻하지 않음
한지형마늘-녹병,마늘,풍속,평균풍속_m_s,,15,2026,자료 부족,판단 불가,관측자료의 연관성으로 인과관계나 2027년 실제 기상을 뜻하지 않음
한지형마늘-무름병,마늘,기온,평균기온_C,,15,2026,자료 부족,판단 불가,관측자료의 연관성으로 인과관계나 2027년 실제 기상을 뜻하지 않음
한지형마늘-무름병,마늘,습도,평균습도_퍼센트,,15,2026,자료 부족,판단 불가,관측자료의 연관성으로 인과관계나 2027년 실제 기상을 뜻하지 않음
한지형마늘-무름병,마늘,강수량,지점평균누적강수량_mm,,15,2026,자료 부족,판단 불가,관측자료의 연관성으로 인과관계나 2027년 실제 기상을 뜻하지 않음
한지형마늘-무름병,마늘,풍속,평균풍속_m_s,,15,2026,자료 부족,판단 불가,관측자료의 연관성으로 인과관계나 2027년 실제 기상을 뜻하지 않음
한지형마늘-바이러스,마늘,기온,평균기온_C,0.3217,15,2026,참고 가능,같이 증가,관측자료의 연관성으로 인과관계나 2027년 실제 기상을 뜻하지 않음
한지형마늘-바이러스,마늘,습도,평균습도_퍼센트,0.0842,15,2026,약함,뚜렷한 방향 없음,관측자료의 연관성으로 인과관계나 2027년 실제 기상을 뜻하지 않음
한지형마늘-바이러스,마늘,강수량,지점평균누적강수량_mm,0.2808,15,2026,약함,같이 증가,관측자료의 연관성으로 인과관계나 2027년 실제 기상을 뜻하지 않음
한지형마늘-바이러스,마늘,풍속,평균풍속_m_s,-0.1481,15,2026,약함,반대 방향,관측자료의 연관성으로 인과관계나 2027년 실제 기상을 뜻하지 않음
한지형마늘-뿌리응애,마늘,기온,평균기온_C,0.0454,15,2026,약함,뚜렷한 방향 없음,관측자료의 연관성으로 인과관계나 2027년 실제 기상을 뜻하지 않음
한지형마늘-뿌리응애,마늘,습도,평균습도_퍼센트,0.0454,15,2026,약함,뚜렷한 방향 없음,관측자료의 연관성으로 인과관계나 2027년 실제 기상을 뜻하지 않음
한지형마늘-뿌리응애,마늘,강수량,지점평균누적강수량_mm,-0.0454,15,2026,약함,뚜렷한 방향 없음,관측자료의 연관성으로 인과관계나 2027년 실제 기상을 뜻하지 않음
한지형마늘-뿌리응애,마늘,풍속,평균풍속_m_s,0.0454,15,2026,약함,뚜렷한 방향 없음,관측자료의 연관성으로 인과관계나 2027년 실제 기상을 뜻하지 않음
한지형마늘-잎마름병,마늘,기온,평균기온_C,0.5638,15,2026,참고 가능,같이 증가,관측자료의 연관성으로 인과관계나 2027년 실제 기상을 뜻하지 않음
한지형마늘-잎마름병,마늘,습도,평균습도_퍼센트,0.4859,15,2026,참고 가능,같이 증가,관측자료의 연관성으로 인과관계나 2027년 실제 기상을 뜻하지 않음
한지형마늘-잎마름병,마늘,강수량,지점평균누적강수량_mm,0.6371,15,2026,참고 가능,같이 증가,관측자료의 연관성으로 인과관계나 2027년 실제 기상을 뜻하지 않음
한지형마늘-잎마름병,마늘,풍속,평균풍속_m_s,-0.055,15,2026,약함,뚜렷한 방향 없음,관측자료의 연관성으로 인과관계나 2027년 실제 기상을 뜻하지 않음
한지형마늘-잎집썩음병,마늘,기온,평균기온_C,,15,2026,자료 부족,판단 불가,관측자료의 연관성으로 인과관계나 2027년 실제 기상을 뜻하지 않음
한지형마늘-잎집썩음병,마늘,습도,평균습도_퍼센트,,15,2026,자료 부족,판단 불가,관측자료의 연관성으로 인과관계나 2027년 실제 기상을 뜻하지 않음
한지형마늘-잎집썩음병,마늘,강수량,지점평균누적강수량_mm,,15,2026,자료 부족,판단 불가,관측자료의 연관성으로 인과관계나 2027년 실제 기상을 뜻하지 않음
한지형마늘-잎집썩음병,마늘,풍속,평균풍속_m_s,,15,2026,자료 부족,판단 불가,관측자료의 연관성으로 인과관계나 2027년 실제 기상을 뜻하지 않음
한지형마늘-흑색썩음균핵병,마늘,기온,평균기온_C,0.0826,39,2024·2026,약함,뚜렷한 방향 없음,관측자료의 연관성으로 인과관계나 2027년 실제 기상을 뜻하지 않음
한지형마늘-흑색썩음균핵병,마늘,습도,평균습도_퍼센트,0.3202,39,2024·2026,참고 가능,같이 증가,관측자료의 연관성으로 인과관계나 2027년 실제 기상을 뜻하지 않음
한지형마늘-흑색썩음균핵병,마늘,강수량,지점평균누적강수량_mm,0.0207,39,2024·2026,약함,뚜렷한 방향 없음,관측자료의 연관성으로 인과관계나 2027년 실제 기상을 뜻하지 않음
한지형마늘-흑색썩음균핵병,마늘,풍속,평균풍속_m_s,-0.3099,39,2024·2026,참고 가능,반대 방향,관측자료의 연관성으로 인과관계나 2027년 실제 기상을 뜻하지 않음
혹명나방,논벼,기온,평균기온_C,0.4632,56,2024·2026,참고 가능,같이 증가,관측자료의 연관성으로 인과관계나 2027년 실제 기상을 뜻하지 않음
혹명나방,논벼,습도,평균습도_퍼센트,0.3697,56,2024·2026,참고 가능,같이 증가,관측자료의 연관성으로 인과관계나 2027년 실제 기상을 뜻하지 않음
혹명나방,논벼,강수량,지점평균누적강수량_mm,0.0575,56,2024·2026,약함,뚜렷한 방향 없음,관측자료의 연관성으로 인과관계나 2027년 실제 기상을 뜻하지 않음
혹명나방,논벼,풍속,평균풍속_m_s,0.0589,56,2024·2026,약함,뚜렷한 방향 없음,관측자료의 연관성으로 인과관계나 2027년 실제 기상을 뜻하지 않음
흑색썩음균핵병,양파,기온,평균기온_C,0.3019,30,2024·2026,참고 가능,같이 증가,관측자료의 연관성으로 인과관계나 2027년 실제 기상을 뜻하지 않음
흑색썩음균핵병,양파,습도,평균습도_퍼센트,0.3836,30,2024·2026,참고 가능,같이 증가,관측자료의 연관성으로 인과관계나 2027년 실제 기상을 뜻하지 않음
흑색썩음균핵병,양파,강수량,지점평균누적강수량_mm,0.3734,30,2024·2026,참고 가능,같이 증가,관측자료의 연관성으로 인과관계나 2027년 실제 기상을 뜻하지 않음
흑색썩음균핵병,양파,풍속,평균풍속_m_s,0.0354,30,2024·2026,약함,뚜렷한 방향 없음,관측자료의 연관성으로 인과관계나 2027년 실제 기상을 뜻하지 않음
흰가루병,감,기온,평균기온_C,0.1847,16,2026,약함,같이 증가,관측자료의 연관성으로 인과관계나 2027년 실제 기상을 뜻하지 않음
흰가루병,감,습도,평균습도_퍼센트,0.4149,16,2026,참고 가능,같이 증가,관측자료의 연관성으로 인과관계나 2027년 실제 기상을 뜻하지 않음
흰가루병,감,강수량,지점평균누적강수량_mm,0.0292,16,2026,약함,뚜렷한 방향 없음,관측자료의 연관성으로 인과관계나 2027년 실제 기상을 뜻하지 않음
흰가루병,감,풍속,평균풍속_m_s,0.2885,16,2026,약함,같이 증가,관측자료의 연관성으로 인과관계나 2027년 실제 기상을 뜻하지 않음
흰가루병,보리,기온,평균기온_C,,24,2026,자료 부족,판단 불가,관측자료의 연관성으로 인과관계나 2027년 실제 기상을 뜻하지 않음
흰가루병,보리,습도,평균습도_퍼센트,,24,2026,자료 부족,판단 불가,관측자료의 연관성으로 인과관계나 2027년 실제 기상을 뜻하지 않음
흰가루병,보리,강수량,지점평균누적강수량_mm,,24,2026,자료 부족,판단 불가,관측자료의 연관성으로 인과관계나 2027년 실제 기상을 뜻하지 않음
흰가루병,보리,풍속,평균풍속_m_s,,24,2026,자료 부족,판단 불가,관측자료의 연관성으로 인과관계나 2027년 실제 기상을 뜻하지 않음
흰등멸구,논벼,기온,평균기온_C,0.3885,56,2024·2026,참고 가능,같이 증가,관측자료의 연관성으로 인과관계나 2027년 실제 기상을 뜻하지 않음
흰등멸구,논벼,습도,평균습도_퍼센트,0.3001,56,2024·2026,참고 가능,같이 증가,관측자료의 연관성으로 인과관계나 2027년 실제 기상을 뜻하지 않음
흰등멸구,논벼,강수량,지점평균누적강수량_mm,0.1418,56,2024·2026,약함,같이 증가,관측자료의 연관성으로 인과관계나 2027년 실제 기상을 뜻하지 않음
흰등멸구,논벼,풍속,평균풍속_m_s,-0.002,56,2024·2026,약함,뚜렷한 방향 없음,관측자료의 연관성으로 인과관계나 2027년 실제 기상을 뜻하지 않음
흰잎마름병,논벼,기온,평균기온_C,0.3242,56,2024·2026,참고 가능,같이 증가,관측자료의 연관성으로 인과관계나 2027년 실제 기상을 뜻하지 않음
흰잎마름병,논벼,습도,평균습도_퍼센트,0.2677,56,2024·2026,약함,같이 증가,관측자료의 연관성으로 인과관계나 2027년 실제 기상을 뜻하지 않음
흰잎마름병,논벼,강수량,지점평균누적강수량_mm,0.2219,56,2024·2026,약함,같이 증가,관측자료의 연관성으로 인과관계나 2027년 실제 기상을 뜻하지 않음
흰잎마름병,논벼,풍속,평균풍속_m_s,0.2176,56,2024·2026,약함,같이 증가,관측자료의 연관성으로 인과관계나 2027년 실제 기상을 뜻하지 않음
