근거ID,분류,항목,값,단위,원천페이지,모수,출처,원본파일
RDA-MACH-2023-01,전체,농업기계 관련 업무상 손상 비중,33.6,%,4,농업인 업무상 손상,"농촌진흥청, 2023 농업기계 사고 현황",data/raw_external/stage12_safety_public_20260827_092140/01_2023_농업기계_사고_현황_01.pdf
RDA-MACH-2023-02,기종,경운기,24.0,%,4,농업기계 관련 손상,"농촌진흥청, 2023 농업기계 사고 현황",data/raw_external/stage12_safety_public_20260827_092140/01_2023_농업기계_사고_현황_01.pdf
RDA-MACH-2023-03,기종,트랙터,16.2,%,4,농업기계 관련 손상,"농촌진흥청, 2023 농업기계 사고 현황",data/raw_external/stage12_safety_public_20260827_092140/01_2023_농업기계_사고_현황_01.pdf
RDA-MACH-2023-04,기종,관리기,15.2,%,4,농업기계 관련 손상,"농촌진흥청, 2023 농업기계 사고 현황",data/raw_external/stage12_safety_public_20260827_092140/01_2023_농업기계_사고_현황_01.pdf
RDA-MACH-2023-05,기종,예초기,10.1,%,4,농업기계 관련 손상,"농촌진흥청, 2023 농업기계 사고 현황",data/raw_external/stage12_safety_public_20260827_092140/01_2023_농업기계_사고_현황_01.pdf
RDA-MACH-2023-06,사고형태,승용기계 단독운전 중 사고,38.0,%,4,농업기계 관련 손상,"농촌진흥청, 2023 농업기계 사고 현황",data/raw_external/stage12_safety_public_20260827_092140/01_2023_농업기계_사고_현황_01.pdf
RDA-MACH-2023-07,사고형태,추락·전도,19.3,%,4,농업기계 관련 손상,"농촌진흥청, 2023 농업기계 사고 현황",data/raw_external/stage12_safety_public_20260827_092140/01_2023_농업기계_사고_현황_01.pdf
RDA-MACH-2023-08,사고형태,충돌·끼임·절단,18.7,%,4,농업기계 관련 손상,"농촌진흥청, 2023 농업기계 사고 현황",data/raw_external/stage12_safety_public_20260827_092140/01_2023_농업기계_사고_현황_01.pdf
RDA-MACH-2023-09,발생상황,작업 중,58.0,%,4,농업기계 관련 손상,"농촌진흥청, 2023 농업기계 사고 현황",data/raw_external/stage12_safety_public_20260827_092140/01_2023_농업기계_사고_현황_01.pdf
RDA-MACH-2023-10,발생장소,밭,32.7,%,4,농업기계 관련 손상,"농촌진흥청, 2023 농업기계 사고 현황",data/raw_external/stage12_safety_public_20260827_092140/01_2023_농업기계_사고_현황_01.pdf
