연도,월,시도명,관측일수,유효지수일수,월중앙상대노출지수,월최대상대노출지수,작업조정검토일수,주의강화일수,관찰일수,자료없음일수,주요노출요인,자료상태,해석
2024,01,강원특별자치도,31,31,89.9,99.9,9,14,8,0,저온,완전,일별 상대노출 신호를 월 단위로 요약; 사고확률이 아님
2024,01,경기도,31,31,75.2,96.4,1,12,18,0,저온,완전,일별 상대노출 신호를 월 단위로 요약; 사고확률이 아님
2024,01,경상남도,31,31,84.1,98.9,5,17,9,0,고온,완전,일별 상대노출 신호를 월 단위로 요약; 사고확률이 아님
2024,01,경상북도,31,31,87.3,99.7,7,20,4,0,강풍,완전,일별 상대노출 신호를 월 단위로 요약; 사고확률이 아님
2024,01,대구광역시,31,31,72.5,97.4,3,7,21,0,고온,완전,일별 상대노출 신호를 월 단위로 요약; 사고확률이 아님
2024,01,대전광역시,31,31,65.4,99.3,2,5,24,0,고온,완전,일별 상대노출 신호를 월 단위로 요약; 사고확률이 아님
2024,01,부산광역시,31,31,83.6,97.9,4,14,13,0,고온,완전,일별 상대노출 신호를 월 단위로 요약; 사고확률이 아님
2024,01,서울특별시,31,31,86.1,98.3,6,13,12,0,저온,완전,일별 상대노출 신호를 월 단위로 요약; 사고확률이 아님
2024,01,세종특별자치시,31,31,65.4,98.5,2,5,24,0,저온,완전,일별 상대노출 신호를 월 단위로 요약; 사고확률이 아님
2024,01,울산광역시,31,31,71.3,99.2,2,9,20,0,고온,완전,일별 상대노출 신호를 월 단위로 요약; 사고확률이 아님
2024,01,인천광역시,31,31,71.4,97.3,2,10,19,0,강풍,완전,일별 상대노출 신호를 월 단위로 요약; 사고확률이 아님
2024,01,전남광주통합특별시,31,31,90.2,99.6,10,18,3,0,강풍,완전,일별 상대노출 신호를 월 단위로 요약; 사고확률이 아님
2024,01,전북특별자치도,31,31,78.4,99.0,4,10,17,0,고온,완전,일별 상대노출 신호를 월 단위로 요약; 사고확률이 아님
2024,01,제주특별자치도,31,31,96.4,100.0,20,11,0,0,강풍,완전,일별 상대노출 신호를 월 단위로 요약; 사고확률이 아님
2024,01,충청남도,31,31,70.7,98.1,2,9,20,0,저온,완전,일별 상대노출 신호를 월 단위로 요약; 사고확률이 아님
2024,01,충청북도,31,31,74.1,96.8,1,11,19,0,저온,완전,일별 상대노출 신호를 월 단위로 요약; 사고확률이 아님
2024,02,강원특별자치도,29,29,89.6,98.9,7,13,9,0,저온,완전,일별 상대노출 신호를 월 단위로 요약; 사고확률이 아님
2024,02,경기도,29,29,66.1,97.2,2,6,21,0,저온,완전,일별 상대노출 신호를 월 단위로 요약; 사고확률이 아님
2024,02,경상남도,29,29,76.0,99.8,5,7,17,0,고온,완전,일별 상대노출 신호를 월 단위로 요약; 사고확률이 아님
2024,02,경상북도,29,29,85.0,99.3,4,15,10,0,강풍,완전,일별 상대노출 신호를 월 단위로 요약; 사고확률이 아님
2024,02,대구광역시,29,29,62.8,97.3,4,4,21,0,고온,완전,일별 상대노출 신호를 월 단위로 요약; 사고확률이 아님
2024,02,대전광역시,29,29,66.4,99.2,2,6,21,0,고온,완전,일별 상대노출 신호를 월 단위로 요약; 사고확률이 아님
2024,02,부산광역시,29,29,73.1,100.0,2,7,20,0,고온,완전,일별 상대노출 신호를 월 단위로 요약; 사고확률이 아님
2024,02,서울특별시,29,29,79.5,98.4,2,10,17,0,강수,완전,일별 상대노출 신호를 월 단위로 요약; 사고확률이 아님
2024,02,세종특별자치시,29,29,62.8,99.1,3,6,20,0,고온,완전,일별 상대노출 신호를 월 단위로 요약; 사고확률이 아님
2024,02,울산광역시,29,29,67.1,99.7,4,5,20,0,고온,완전,일별 상대노출 신호를 월 단위로 요약; 사고확률이 아님
2024,02,인천광역시,29,29,71.4,97.9,3,7,19,0,강풍,완전,일별 상대노출 신호를 월 단위로 요약; 사고확률이 아님
2024,02,전남광주통합특별시,29,29,89.4,98.8,7,21,1,0,강풍,완전,일별 상대노출 신호를 월 단위로 요약; 사고확률이 아님
2024,02,전북특별자치도,29,29,75.1,98.8,4,8,17,0,고온,완전,일별 상대노출 신호를 월 단위로 요약; 사고확률이 아님
2024,02,제주특별자치도,29,29,92.4,100.0,8,19,2,0,강풍,완전,일별 상대노출 신호를 월 단위로 요약; 사고확률이 아님
2024,02,충청남도,29,29,66.7,97.8,4,4,21,0,고온,완전,일별 상대노출 신호를 월 단위로 요약; 사고확률이 아님
2024,02,충청북도,29,29,67.7,98.9,2,7,20,0,고온,완전,일별 상대노출 신호를 월 단위로 요약; 사고확률이 아님
2024,03,강원특별자치도,31,31,93.4,99.9,14,11,6,0,저온,완전,일별 상대노출 신호를 월 단위로 요약; 사고확률이 아님
2024,03,경기도,31,31,74.1,98.7,5,6,20,0,저온,완전,일별 상대노출 신호를 월 단위로 요약; 사고확률이 아님
2024,03,경상남도,31,31,85.9,100.0,3,19,9,0,저온,완전,일별 상대노출 신호를 월 단위로 요약; 사고확률이 아님
2024,03,경상북도,31,31,88.5,98.6,6,22,3,0,저온,완전,일별 상대노출 신호를 월 단위로 요약; 사고확률이 아님
2024,03,대구광역시,31,31,73.6,97.9,2,9,20,0,고온,완전,일별 상대노출 신호를 월 단위로 요약; 사고확률이 아님
2024,03,대전광역시,31,31,65.9,97.2,2,6,23,0,고온,완전,일별 상대노출 신호를 월 단위로 요약; 사고확률이 아님
2024,03,부산광역시,31,31,72.6,99.9,1,11,19,0,강풍,완전,일별 상대노출 신호를 월 단위로 요약; 사고확률이 아님
2024,03,서울특별시,31,31,85.5,99.4,4,17,10,0,저온,완전,일별 상대노출 신호를 월 단위로 요약; 사고확률이 아님
2024,03,세종특별자치시,31,31,66.6,97.2,1,8,22,0,고온,완전,일별 상대노출 신호를 월 단위로 요약; 사고확률이 아님
2024,03,울산광역시,31,31,65.9,98.6,1,8,22,0,고온,완전,일별 상대노출 신호를 월 단위로 요약; 사고확률이 아님
2024,03,인천광역시,31,31,79.2,98.8,3,12,16,0,강풍,완전,일별 상대노출 신호를 월 단위로 요약; 사고확률이 아님
2024,03,전남광주통합특별시,31,31,92.8,99.1,12,17,2,0,강풍,완전,일별 상대노출 신호를 월 단위로 요약; 사고확률이 아님
2024,03,전북특별자치도,31,31,87.4,98.8,7,17,7,0,저온,완전,일별 상대노출 신호를 월 단위로 요약; 사고확률이 아님
2024,03,제주특별자치도,31,31,94.0,99.7,15,9,7,0,강풍,완전,일별 상대노출 신호를 월 단위로 요약; 사고확률이 아님
2024,03,충청남도,31,31,78.1,98.1,2,12,17,0,저온,완전,일별 상대노출 신호를 월 단위로 요약; 사고확률이 아님
2024,03,충청북도,31,31,82.1,99.1,4,14,13,0,저온,완전,일별 상대노출 신호를 월 단위로 요약; 사고확률이 아님
2024,04,강원특별자치도,30,30,86.1,99.7,7,18,5,0,저온,완전,일별 상대노출 신호를 월 단위로 요약; 사고확률이 아님
2024,04,경기도,30,30,77.3,99.2,3,12,15,0,고온,완전,일별 상대노출 신호를 월 단위로 요약; 사고확률이 아님
2024,04,경상남도,30,30,79.0,99.4,6,8,16,0,고온,완전,일별 상대노출 신호를 월 단위로 요약; 사고확률이 아님
2024,04,경상북도,30,30,88.5,99.4,10,15,5,0,강풍,완전,일별 상대노출 신호를 월 단위로 요약; 사고확률이 아님
2024,04,대구광역시,30,30,72.0,99.5,4,6,20,0,고온,완전,일별 상대노출 신호를 월 단위로 요약; 사고확률이 아님
2024,04,대전광역시,30,30,65.4,98.3,3,5,22,0,고온,완전,일별 상대노출 신호를 월 단위로 요약; 사고확률이 아님
2024,04,부산광역시,30,30,67.8,99.7,2,6,22,0,고온,완전,일별 상대노출 신호를 월 단위로 요약; 사고확률이 아님
2024,04,서울특별시,30,30,84.3,100.0,8,13,9,0,고온,완전,일별 상대노출 신호를 월 단위로 요약; 사고확률이 아님
2024,04,세종특별자치시,30,30,65.9,94.9,0,9,21,0,고온,완전,일별 상대노출 신호를 월 단위로 요약; 사고확률이 아님
2024,04,울산광역시,30,30,62.5,99.2,1,4,25,0,고온,완전,일별 상대노출 신호를 월 단위로 요약; 사고확률이 아님
2024,04,인천광역시,30,30,73.0,93.3,0,8,22,0,강풍,완전,일별 상대노출 신호를 월 단위로 요약; 사고확률이 아님
2024,04,전남광주통합특별시,30,30,81.6,99.4,9,11,10,0,강풍,완전,일별 상대노출 신호를 월 단위로 요약; 사고확률이 아님
2024,04,전북특별자치도,30,30,77.4,98.8,7,6,17,0,고온,완전,일별 상대노출 신호를 월 단위로 요약; 사고확률이 아님
2024,04,제주특별자치도,30,30,78.6,99.5,7,7,16,0,강풍,완전,일별 상대노출 신호를 월 단위로 요약; 사고확률이 아님
2024,04,충청남도,30,30,72.8,97.3,1,11,18,0,고온,완전,일별 상대노출 신호를 월 단위로 요약; 사고확률이 아님
2024,04,충청북도,30,30,78.5,97.7,3,11,16,0,고온,완전,일별 상대노출 신호를 월 단위로 요약; 사고확률이 아님
2024,05,강원특별자치도,31,31,92.7,99.9,13,13,5,0,저온,완전,일별 상대노출 신호를 월 단위로 요약; 사고확률이 아님
2024,05,경기도,31,31,76.5,95.6,1,10,20,0,고온,완전,일별 상대노출 신호를 월 단위로 요약; 사고확률이 아님
2024,05,경상남도,31,31,86.8,99.6,6,17,8,0,고온,완전,일별 상대노출 신호를 월 단위로 요약; 사고확률이 아님
2024,05,경상북도,31,31,92.9,99.2,9,20,2,0,강풍,완전,일별 상대노출 신호를 월 단위로 요약; 사고확률이 아님
2024,05,대구광역시,31,31,79.4,98.1,2,13,16,0,고온,완전,일별 상대노출 신호를 월 단위로 요약; 사고확률이 아님
2024,05,대전광역시,31,31,70.7,96.9,1,6,24,0,고온,완전,일별 상대노출 신호를 월 단위로 요약; 사고확률이 아님
2024,05,부산광역시,31,31,79.4,96.5,3,10,18,0,강풍,완전,일별 상대노출 신호를 월 단위로 요약; 사고확률이 아님
2024,05,서울특별시,31,31,86.5,99.0,6,16,9,0,고온,완전,일별 상대노출 신호를 월 단위로 요약; 사고확률이 아님
2024,05,세종특별자치시,31,31,69.3,96.8,1,4,26,0,고온,완전,일별 상대노출 신호를 월 단위로 요약; 사고확률이 아님
2024,05,울산광역시,31,31,67.4,93.6,0,7,24,0,저온,완전,일별 상대노출 신호를 월 단위로 요약; 사고확률이 아님
2024,05,인천광역시,31,31,69.6,97.7,2,8,21,0,강풍,완전,일별 상대노출 신호를 월 단위로 요약; 사고확률이 아님
2024,05,전남광주통합특별시,31,31,91.7,100.0,10,19,2,0,강풍,완전,일별 상대노출 신호를 월 단위로 요약; 사고확률이 아님
2024,05,전북특별자치도,31,31,85.5,96.6,1,19,11,0,저온,완전,일별 상대노출 신호를 월 단위로 요약; 사고확률이 아님
2024,05,제주특별자치도,31,31,83.0,99.9,7,10,14,0,강풍,완전,일별 상대노출 신호를 월 단위로 요약; 사고확률이 아님
2024,05,충청남도,31,31,77.7,95.5,1,13,17,0,저온,완전,일별 상대노출 신호를 월 단위로 요약; 사고확률이 아님
2024,05,충청북도,31,31,79.1,94.7,0,15,16,0,저온,완전,일별 상대노출 신호를 월 단위로 요약; 사고확률이 아님
2024,06,강원특별자치도,30,30,94.1,100.0,12,13,5,0,저온,완전,일별 상대노출 신호를 월 단위로 요약; 사고확률이 아님
2024,06,경기도,30,30,81.8,97.9,4,11,15,0,고온,완전,일별 상대노출 신호를 월 단위로 요약; 사고확률이 아님
2024,06,경상남도,30,30,89.4,99.5,10,12,8,0,고온,완전,일별 상대노출 신호를 월 단위로 요약; 사고확률이 아님
2024,06,경상북도,30,30,94.7,99.9,14,14,2,0,고온,완전,일별 상대노출 신호를 월 단위로 요약; 사고확률이 아님
2024,06,대구광역시,30,30,82.5,99.7,6,10,14,0,고온,완전,일별 상대노출 신호를 월 단위로 요약; 사고확률이 아님
2024,06,대전광역시,30,30,69.6,99.0,1,10,19,0,고온,완전,일별 상대노출 신호를 월 단위로 요약; 사고확률이 아님
2024,06,부산광역시,30,30,74.7,99.9,3,9,18,0,강풍,완전,일별 상대노출 신호를 월 단위로 요약; 사고확률이 아님
2024,06,서울특별시,30,30,93.1,99.9,13,8,9,0,저온,완전,일별 상대노출 신호를 월 단위로 요약; 사고확률이 아님
2024,06,세종특별자치시,30,30,70.5,96.9,2,8,20,0,고온,완전,일별 상대노출 신호를 월 단위로 요약; 사고확률이 아님
2024,06,울산광역시,30,30,66.8,90.7,0,7,23,0,고온,완전,일별 상대노출 신호를 월 단위로 요약; 사고확률이 아님
2024,06,인천광역시,30,30,74.2,95.0,1,9,20,0,강풍,완전,일별 상대노출 신호를 월 단위로 요약; 사고확률이 아님
2024,06,전남광주통합특별시,30,30,89.7,99.9,9,16,5,0,강풍,완전,일별 상대노출 신호를 월 단위로 요약; 사고확률이 아님
2024,06,전북특별자치도,30,30,87.5,99.3,5,17,8,0,저온,완전,일별 상대노출 신호를 월 단위로 요약; 사고확률이 아님
2024,06,제주특별자치도,30,30,85.7,99.9,8,9,13,0,강풍,완전,일별 상대노출 신호를 월 단위로 요약; 사고확률이 아님
2024,06,충청남도,30,30,81.0,98.8,2,14,14,0,고온,완전,일별 상대노출 신호를 월 단위로 요약; 사고확률이 아님
2024,06,충청북도,30,30,85.1,99.1,4,14,12,0,고온,완전,일별 상대노출 신호를 월 단위로 요약; 사고확률이 아님
2024,07,강원특별자치도,31,31,95.6,99.9,16,13,2,0,저온,완전,일별 상대노출 신호를 월 단위로 요약; 사고확률이 아님
2024,07,경기도,31,31,74.0,99.6,2,6,23,0,저온,완전,일별 상대노출 신호를 월 단위로 요약; 사고확률이 아님
2024,07,경상남도,31,31,83.6,97.8,2,15,14,0,강풍,완전,일별 상대노출 신호를 월 단위로 요약; 사고확률이 아님
2024,07,경상북도,31,31,92.8,99.0,11,18,2,0,강풍,완전,일별 상대노출 신호를 월 단위로 요약; 사고확률이 아님
2024,07,대구광역시,31,31,63.9,99.8,2,4,25,0,고온,완전,일별 상대노출 신호를 월 단위로 요약; 사고확률이 아님
2024,07,대전광역시,31,31,59.8,99.3,2,5,24,0,강수,완전,일별 상대노출 신호를 월 단위로 요약; 사고확률이 아님
2024,07,부산광역시,31,31,83.3,99.2,5,15,11,0,강풍,완전,일별 상대노출 신호를 월 단위로 요약; 사고확률이 아님
2024,07,서울특별시,31,31,81.7,97.0,1,18,12,0,저온,완전,일별 상대노출 신호를 월 단위로 요약; 사고확률이 아님
2024,07,세종특별자치시,31,31,61.1,99.2,4,2,25,0,강수,완전,일별 상대노출 신호를 월 단위로 요약; 사고확률이 아님
2024,07,울산광역시,31,31,67.0,94.2,0,6,25,0,강풍,완전,일별 상대노출 신호를 월 단위로 요약; 사고확률이 아님
2024,07,인천광역시,31,31,89.0,98.8,8,15,8,0,강풍,완전,일별 상대노출 신호를 월 단위로 요약; 사고확률이 아님
2024,07,전남광주통합특별시,31,31,95.7,99.8,17,11,3,0,강풍,완전,일별 상대노출 신호를 월 단위로 요약; 사고확률이 아님
2024,07,전북특별자치도,31,31,80.8,96.7,2,15,14,0,강풍,완전,일별 상대노출 신호를 월 단위로 요약; 사고확률이 아님
2024,07,제주특별자치도,31,31,90.3,99.1,5,22,4,0,강풍,완전,일별 상대노출 신호를 월 단위로 요약; 사고확률이 아님
2024,07,충청남도,31,31,82.6,98.5,5,14,12,0,강풍,완전,일별 상대노출 신호를 월 단위로 요약; 사고확률이 아님
2024,07,충청북도,31,31,78.5,98.2,2,9,20,0,저온,완전,일별 상대노출 신호를 월 단위로 요약; 사고확률이 아님
2024,08,강원특별자치도,31,31,94.5,99.4,15,16,0,0,저온,완전,일별 상대노출 신호를 월 단위로 요약; 사고확률이 아님
2024,08,경기도,31,31,69.1,97.4,2,5,24,0,고온,완전,일별 상대노출 신호를 월 단위로 요약; 사고확률이 아님
2024,08,경상남도,31,31,86.4,99.2,1,22,8,0,고온,완전,일별 상대노출 신호를 월 단위로 요약; 사고확률이 아님
2024,08,경상북도,31,31,90.2,99.1,10,19,2,0,고온,완전,일별 상대노출 신호를 월 단위로 요약; 사고확률이 아님
2024,08,대구광역시,31,31,75.8,97.3,1,11,19,0,고온,완전,일별 상대노출 신호를 월 단위로 요약; 사고확률이 아님
2024,08,대전광역시,31,31,60.3,93.8,0,6,25,0,고온,완전,일별 상대노출 신호를 월 단위로 요약; 사고확률이 아님
2024,08,부산광역시,31,31,71.6,98.1,3,9,19,0,고온,완전,일별 상대노출 신호를 월 단위로 요약; 사고확률이 아님
2024,08,서울특별시,31,31,85.2,97.0,2,16,13,0,고온,완전,일별 상대노출 신호를 월 단위로 요약; 사고확률이 아님
2024,08,세종특별자치시,31,31,52.6,91.4,0,3,28,0,고온,완전,일별 상대노출 신호를 월 단위로 요약; 사고확률이 아님
2024,08,울산광역시,31,31,53.1,96.3,1,5,25,0,강풍,완전,일별 상대노출 신호를 월 단위로 요약; 사고확률이 아님
2024,08,인천광역시,31,31,69.6,98.5,1,8,22,0,강풍,완전,일별 상대노출 신호를 월 단위로 요약; 사고확률이 아님
2024,08,전남광주통합특별시,31,31,89.5,99.9,11,14,6,0,강풍,완전,일별 상대노출 신호를 월 단위로 요약; 사고확률이 아님
2024,08,전북특별자치도,31,31,85.2,97.2,2,21,8,0,고온,완전,일별 상대노출 신호를 월 단위로 요약; 사고확률이 아님
2024,08,제주특별자치도,31,31,80.6,99.6,7,11,13,0,강풍,완전,일별 상대노출 신호를 월 단위로 요약; 사고확률이 아님
2024,08,충청남도,31,31,76.2,96.0,2,9,20,0,고온,완전,일별 상대노출 신호를 월 단위로 요약; 사고확률이 아님
2024,08,충청북도,31,31,78.9,95.9,1,14,16,0,저온,완전,일별 상대노출 신호를 월 단위로 요약; 사고확률이 아님
2024,09,강원특별자치도,30,30,90.7,99.9,9,15,6,0,저온,완전,일별 상대노출 신호를 월 단위로 요약; 사고확률이 아님
2024,09,경기도,30,30,79.8,96.5,3,12,15,0,고온,완전,일별 상대노출 신호를 월 단위로 요약; 사고확률이 아님
2024,09,경상남도,30,30,92.0,100.0,10,13,7,0,고온,완전,일별 상대노출 신호를 월 단위로 요약; 사고확률이 아님
2024,09,경상북도,30,30,92.1,99.0,11,17,2,0,고온,완전,일별 상대노출 신호를 월 단위로 요약; 사고확률이 아님
2024,09,대구광역시,30,30,75.8,98.1,5,9,16,0,고온,완전,일별 상대노출 신호를 월 단위로 요약; 사고확률이 아님
2024,09,대전광역시,30,30,77.2,99.2,3,11,16,0,고온,완전,일별 상대노출 신호를 월 단위로 요약; 사고확률이 아님
2024,09,부산광역시,30,30,74.8,100.0,4,9,17,0,고온,완전,일별 상대노출 신호를 월 단위로 요약; 사고확률이 아님
2024,09,서울특별시,30,30,88.9,99.5,7,14,9,0,고온,완전,일별 상대노출 신호를 월 단위로 요약; 사고확률이 아님
2024,09,세종특별자치시,30,30,72.2,98.6,2,9,19,0,고온,완전,일별 상대노출 신호를 월 단위로 요약; 사고확률이 아님
2024,09,울산광역시,30,30,68.5,99.7,1,5,24,0,고온,완전,일별 상대노출 신호를 월 단위로 요약; 사고확률이 아님
2024,09,인천광역시,30,30,72.3,92.7,0,8,22,0,강풍,완전,일별 상대노출 신호를 월 단위로 요약; 사고확률이 아님
2024,09,전남광주통합특별시,30,30,94.7,99.8,15,14,1,0,고온,완전,일별 상대노출 신호를 월 단위로 요약; 사고확률이 아님
2024,09,전북특별자치도,30,30,92.2,99.7,11,10,9,0,고온,완전,일별 상대노출 신호를 월 단위로 요약; 사고확률이 아님
2024,09,제주특별자치도,30,30,87.2,99.7,6,14,10,0,강풍,완전,일별 상대노출 신호를 월 단위로 요약; 사고확률이 아님
2024,09,충청남도,30,30,86.0,99.8,6,14,10,0,고온,완전,일별 상대노출 신호를 월 단위로 요약; 사고확률이 아님
2024,09,충청북도,30,30,86.3,99.1,6,11,13,0,고온,완전,일별 상대노출 신호를 월 단위로 요약; 사고확률이 아님
2024,10,강원특별자치도,31,31,90.5,98.7,8,17,6,0,저온,완전,일별 상대노출 신호를 월 단위로 요약; 사고확률이 아님
2024,10,경기도,31,31,75.9,97.7,1,11,19,0,저온,완전,일별 상대노출 신호를 월 단위로 요약; 사고확률이 아님
2024,10,경상남도,31,31,84.6,99.8,3,15,13,0,고온,완전,일별 상대노출 신호를 월 단위로 요약; 사고확률이 아님
2024,10,경상북도,31,31,86.1,98.7,3,17,11,0,강풍,완전,일별 상대노출 신호를 월 단위로 요약; 사고확률이 아님
2024,10,대구광역시,31,31,67.7,92.9,0,5,26,0,강수,완전,일별 상대노출 신호를 월 단위로 요약; 사고확률이 아님
2024,10,대전광역시,31,31,64.4,96.7,1,4,26,0,고온,완전,일별 상대노출 신호를 월 단위로 요약; 사고확률이 아님
2024,10,부산광역시,31,31,80.8,100.0,3,13,15,0,고온,완전,일별 상대노출 신호를 월 단위로 요약; 사고확률이 아님
2024,10,서울특별시,31,31,80.8,97.6,2,14,15,0,저온,완전,일별 상대노출 신호를 월 단위로 요약; 사고확률이 아님
2024,10,세종특별자치시,31,31,60.4,98.2,1,3,27,0,저온,완전,일별 상대노출 신호를 월 단위로 요약; 사고확률이 아님
2024,10,울산광역시,31,31,58.2,99.2,3,2,26,0,강수,완전,일별 상대노출 신호를 월 단위로 요약; 사고확률이 아님
2024,10,인천광역시,31,31,79.2,98.7,5,10,16,0,강풍,완전,일별 상대노출 신호를 월 단위로 요약; 사고확률이 아님
2024,10,전남광주통합특별시,31,31,91.4,99.7,7,23,1,0,강풍,완전,일별 상대노출 신호를 월 단위로 요약; 사고확률이 아님
2024,10,전북특별자치도,31,31,81.5,95.1,1,17,13,0,강풍,완전,일별 상대노출 신호를 월 단위로 요약; 사고확률이 아님
2024,10,제주특별자치도,31,31,91.5,100.0,8,21,2,0,강풍,완전,일별 상대노출 신호를 월 단위로 요약; 사고확률이 아님
2024,10,충청남도,31,31,75.2,97.1,1,9,21,0,저온,완전,일별 상대노출 신호를 월 단위로 요약; 사고확률이 아님
2024,10,충청북도,31,31,80.3,98.4,1,17,13,0,저온,완전,일별 상대노출 신호를 월 단위로 요약; 사고확률이 아님
2024,11,강원특별자치도,30,30,92.5,100.0,12,14,4,0,저온,완전,일별 상대노출 신호를 월 단위로 요약; 사고확률이 아님
2024,11,경기도,30,30,84.2,99.2,4,15,11,0,저온,완전,일별 상대노출 신호를 월 단위로 요약; 사고확률이 아님
2024,11,경상남도,30,30,85.8,99.6,8,12,10,0,고온,완전,일별 상대노출 신호를 월 단위로 요약; 사고확률이 아님
2024,11,경상북도,30,30,89.4,99.7,6,17,7,0,고온,완전,일별 상대노출 신호를 월 단위로 요약; 사고확률이 아님
2024,11,대구광역시,30,30,65.1,96.9,2,6,22,0,고온,완전,일별 상대노출 신호를 월 단위로 요약; 사고확률이 아님
2024,11,대전광역시,30,30,72.9,97.7,3,6,21,0,고온,완전,일별 상대노출 신호를 월 단위로 요약; 사고확률이 아님
2024,11,부산광역시,30,30,83.6,99.8,6,11,13,0,고온,완전,일별 상대노출 신호를 월 단위로 요약; 사고확률이 아님
2024,11,서울특별시,30,30,88.5,99.9,5,18,7,0,저온,완전,일별 상대노출 신호를 월 단위로 요약; 사고확률이 아님
2024,11,세종특별자치시,30,30,69.8,96.5,3,4,23,0,고온,완전,일별 상대노출 신호를 월 단위로 요약; 사고확률이 아님
2024,11,울산광역시,30,30,61.1,98.7,1,7,22,0,고온,완전,일별 상대노출 신호를 월 단위로 요약; 사고확률이 아님
2024,11,인천광역시,30,30,89.4,97.7,5,13,12,0,강풍,완전,일별 상대노출 신호를 월 단위로 요약; 사고확률이 아님
2024,11,전남광주통합특별시,30,30,94.4,99.6,14,13,3,0,강풍,완전,일별 상대노출 신호를 월 단위로 요약; 사고확률이 아님
2024,11,전북특별자치도,30,30,87.3,98.5,6,14,10,0,고온,완전,일별 상대노출 신호를 월 단위로 요약; 사고확률이 아님
2024,11,제주특별자치도,30,30,97.2,100.0,20,8,2,0,강풍,완전,일별 상대노출 신호를 월 단위로 요약; 사고확률이 아님
2024,11,충청남도,30,30,82.8,98.9,5,11,14,0,저온,완전,일별 상대노출 신호를 월 단위로 요약; 사고확률이 아님
2024,11,충청북도,30,30,88.1,99.8,5,16,9,0,저온,완전,일별 상대노출 신호를 월 단위로 요약; 사고확률이 아님
2024,12,강원특별자치도,31,31,91.8,99.9,11,18,2,0,저온,완전,일별 상대노출 신호를 월 단위로 요약; 사고확률이 아님
2024,12,경기도,31,31,87.3,99.1,7,14,10,0,저온,완전,일별 상대노출 신호를 월 단위로 요약; 사고확률이 아님
2024,12,경상남도,31,31,77.9,99.3,2,10,19,0,고온,완전,일별 상대노출 신호를 월 단위로 요약; 사고확률이 아님
2024,12,경상북도,31,31,86.5,100.0,8,17,6,0,강풍,완전,일별 상대노출 신호를 월 단위로 요약; 사고확률이 아님
2024,12,대구광역시,31,31,60.2,98.5,1,1,29,0,강풍,완전,일별 상대노출 신호를 월 단위로 요약; 사고확률이 아님
2024,12,대전광역시,31,31,51.0,93.9,0,3,28,0,저온,완전,일별 상대노출 신호를 월 단위로 요약; 사고확률이 아님
2024,12,부산광역시,31,31,72.2,99.1,2,7,22,0,고온,완전,일별 상대노출 신호를 월 단위로 요약; 사고확률이 아님
2024,12,서울특별시,31,31,84.6,99.1,4,14,13,0,저온,완전,일별 상대노출 신호를 월 단위로 요약; 사고확률이 아님
2024,12,세종특별자치시,31,31,57.0,92.5,0,3,28,0,저온,완전,일별 상대노출 신호를 월 단위로 요약; 사고확률이 아님
2024,12,울산광역시,31,31,53.3,98.1,1,1,29,0,고온,완전,일별 상대노출 신호를 월 단위로 요약; 사고확률이 아님
2024,12,인천광역시,31,31,85.9,95.3,1,22,8,0,강풍,완전,일별 상대노출 신호를 월 단위로 요약; 사고확률이 아님
2024,12,전남광주통합특별시,31,31,93.5,98.5,11,16,4,0,강풍,완전,일별 상대노출 신호를 월 단위로 요약; 사고확률이 아님
2024,12,전북특별자치도,31,31,77.8,98.2,2,10,19,0,저온,완전,일별 상대노출 신호를 월 단위로 요약; 사고확률이 아님
2024,12,제주특별자치도,31,31,96.6,99.7,19,11,1,0,강풍,완전,일별 상대노출 신호를 월 단위로 요약; 사고확률이 아님
2024,12,충청남도,31,31,74.7,94.8,0,7,24,0,저온,완전,일별 상대노출 신호를 월 단위로 요약; 사고확률이 아님
2024,12,충청북도,31,31,84.6,97.8,3,18,10,0,저온,완전,일별 상대노출 신호를 월 단위로 요약; 사고확률이 아님
2025,01,강원특별자치도,31,31,89.3,100.0,10,16,5,0,저온,완전,일별 상대노출 신호를 월 단위로 요약; 사고확률이 아님
2025,01,경기도,31,31,79.7,99.1,4,11,16,0,저온,완전,일별 상대노출 신호를 월 단위로 요약; 사고확률이 아님
2025,01,경상남도,31,31,81.9,96.5,3,13,15,0,고온,완전,일별 상대노출 신호를 월 단위로 요약; 사고확률이 아님
2025,01,경상북도,31,31,86.6,99.4,4,21,6,0,고온,완전,일별 상대노출 신호를 월 단위로 요약; 사고확률이 아님
2025,01,대구광역시,31,31,68.4,91.8,0,8,23,0,고온,완전,일별 상대노출 신호를 월 단위로 요약; 사고확률이 아님
2025,01,대전광역시,31,31,64.8,90.3,0,7,24,0,고온,완전,일별 상대노출 신호를 월 단위로 요약; 사고확률이 아님
2025,01,부산광역시,31,31,80.6,96.9,2,14,15,0,고온,완전,일별 상대노출 신호를 월 단위로 요약; 사고확률이 아님
2025,01,서울특별시,31,31,81.3,99.5,5,12,14,0,저온,완전,일별 상대노출 신호를 월 단위로 요약; 사고확률이 아님
2025,01,세종특별자치시,31,31,63.1,95.9,1,3,27,0,고온,완전,일별 상대노출 신호를 월 단위로 요약; 사고확률이 아님
2025,01,울산광역시,31,31,73.7,91.8,0,12,19,0,고온,완전,일별 상대노출 신호를 월 단위로 요약; 사고확률이 아님
2025,01,인천광역시,31,31,80.1,96.2,3,13,15,0,강풍,완전,일별 상대노출 신호를 월 단위로 요약; 사고확률이 아님
2025,01,전남광주통합특별시,31,31,92.2,98.9,7,22,2,0,강풍,완전,일별 상대노출 신호를 월 단위로 요약; 사고확률이 아님
2025,01,전북특별자치도,31,31,80.6,99.2,4,12,15,0,고온,완전,일별 상대노출 신호를 월 단위로 요약; 사고확률이 아님
2025,01,제주특별자치도,31,31,96.0,99.9,19,11,1,0,강풍,완전,일별 상대노출 신호를 월 단위로 요약; 사고확률이 아님
2025,01,충청남도,31,31,76.3,97.7,2,8,21,0,고온,완전,일별 상대노출 신호를 월 단위로 요약; 사고확률이 아님
2025,01,충청북도,31,31,78.4,98.8,2,10,19,0,저온,완전,일별 상대노출 신호를 월 단위로 요약; 사고확률이 아님
2025,02,강원특별자치도,28,28,95.2,99.9,14,12,2,0,저온,완전,일별 상대노출 신호를 월 단위로 요약; 사고확률이 아님
2025,02,경기도,28,28,89.2,99.0,5,14,9,0,저온,완전,일별 상대노출 신호를 월 단위로 요약; 사고확률이 아님
2025,02,경상남도,28,28,86.3,98.5,2,19,7,0,저온,완전,일별 상대노출 신호를 월 단위로 요약; 사고확률이 아님
2025,02,경상북도,28,28,91.3,100.0,11,16,1,0,저온,완전,일별 상대노출 신호를 월 단위로 요약; 사고확률이 아님
2025,02,대구광역시,28,28,72.1,95.5,1,7,20,0,강풍,완전,일별 상대노출 신호를 월 단위로 요약; 사고확률이 아님
2025,02,대전광역시,28,28,70.8,93.2,0,8,20,0,저온,완전,일별 상대노출 신호를 월 단위로 요약; 사고확률이 아님
2025,02,부산광역시,28,28,70.6,93.7,0,7,21,0,강풍,완전,일별 상대노출 신호를 월 단위로 요약; 사고확률이 아님
2025,02,서울특별시,28,28,91.2,99.6,7,14,7,0,저온,완전,일별 상대노출 신호를 월 단위로 요약; 사고확률이 아님
2025,02,세종특별자치시,28,28,77.6,91.0,0,10,18,0,저온,완전,일별 상대노출 신호를 월 단위로 요약; 사고확률이 아님
2025,02,울산광역시,28,28,66.5,97.8,1,5,22,0,저온,완전,일별 상대노출 신호를 월 단위로 요약; 사고확률이 아님
2025,02,인천광역시,28,28,86.8,96.7,6,15,7,0,강풍,완전,일별 상대노출 신호를 월 단위로 요약; 사고확률이 아님
2025,02,전남광주통합특별시,28,28,95.5,99.2,15,10,3,0,강풍,완전,일별 상대노출 신호를 월 단위로 요약; 사고확률이 아님
2025,02,전북특별자치도,28,28,87.2,98.5,3,18,7,0,저온,완전,일별 상대노출 신호를 월 단위로 요약; 사고확률이 아님
2025,02,제주특별자치도,28,28,97.5,99.9,18,6,4,0,강풍,완전,일별 상대노출 신호를 월 단위로 요약; 사고확률이 아님
2025,02,충청남도,28,28,83.0,98.3,4,13,11,0,저온,완전,일별 상대노출 신호를 월 단위로 요약; 사고확률이 아님
2025,02,충청북도,28,28,90.2,99.9,5,17,6,0,저온,완전,일별 상대노출 신호를 월 단위로 요약; 사고확률이 아님
2025,03,강원특별자치도,31,31,94.5,100.0,14,15,2,0,저온,완전,일별 상대노출 신호를 월 단위로 요약; 사고확률이 아님
2025,03,경기도,31,31,82.6,97.6,5,13,13,0,저온,완전,일별 상대노출 신호를 월 단위로 요약; 사고확률이 아님
2025,03,경상남도,31,31,84.5,99.5,6,15,10,0,저온,완전,일별 상대노출 신호를 월 단위로 요약; 사고확률이 아님
2025,03,경상북도,31,31,93.0,99.6,11,18,2,0,강풍,완전,일별 상대노출 신호를 월 단위로 요약; 사고확률이 아님
2025,03,대구광역시,31,31,70.2,99.3,7,3,21,0,고온,완전,일별 상대노출 신호를 월 단위로 요약; 사고확률이 아님
2025,03,대전광역시,31,31,67.2,100.0,4,5,22,0,고온,완전,일별 상대노출 신호를 월 단위로 요약; 사고확률이 아님
2025,03,부산광역시,31,31,76.1,96.2,2,9,20,0,고온,완전,일별 상대노출 신호를 월 단위로 요약; 사고확률이 아님
2025,03,서울특별시,31,31,85.2,98.1,5,17,9,0,저온,완전,일별 상대노출 신호를 월 단위로 요약; 사고확률이 아님
2025,03,세종특별자치시,31,31,70.5,99.6,4,7,20,0,고온,완전,일별 상대노출 신호를 월 단위로 요약; 사고확률이 아님
2025,03,울산광역시,31,31,60.8,97.4,5,7,19,0,고온,완전,일별 상대노출 신호를 월 단위로 요약; 사고확률이 아님
2025,03,인천광역시,31,31,78.3,97.9,4,11,16,0,강풍,완전,일별 상대노출 신호를 월 단위로 요약; 사고확률이 아님
2025,03,전남광주통합특별시,31,31,94.0,99.9,13,13,5,0,강풍,완전,일별 상대노출 신호를 월 단위로 요약; 사고확률이 아님
2025,03,전북특별자치도,31,31,89.3,99.9,7,17,7,0,저온,완전,일별 상대노출 신호를 월 단위로 요약; 사고확률이 아님
2025,03,제주특별자치도,31,31,94.2,100.0,15,10,6,0,강풍,완전,일별 상대노출 신호를 월 단위로 요약; 사고확률이 아님
2025,03,충청남도,31,31,81.1,99.7,4,13,14,0,저온,완전,일별 상대노출 신호를 월 단위로 요약; 사고확률이 아님
2025,03,충청북도,31,31,84.9,99.7,5,16,10,0,저온,완전,일별 상대노출 신호를 월 단위로 요약; 사고확률이 아님
2025,04,강원특별자치도,30,30,94.3,100.0,13,16,1,0,저온,완전,일별 상대노출 신호를 월 단위로 요약; 사고확률이 아님
2025,04,경기도,30,30,84.2,98.1,5,14,11,0,저온,완전,일별 상대노출 신호를 월 단위로 요약; 사고확률이 아님
2025,04,경상남도,30,30,89.1,99.1,4,20,6,0,고온,완전,일별 상대노출 신호를 월 단위로 요약; 사고확률이 아님
2025,04,경상북도,30,30,96.0,99.9,17,13,0,0,저온,완전,일별 상대노출 신호를 월 단위로 요약; 사고확률이 아님
2025,04,대구광역시,30,30,76.5,98.8,2,8,20,0,고온,완전,일별 상대노출 신호를 월 단위로 요약; 사고확률이 아님
2025,04,대전광역시,30,30,77.4,96.4,2,10,18,0,저온,완전,일별 상대노출 신호를 월 단위로 요약; 사고확률이 아님
2025,04,부산광역시,30,30,78.7,96.9,1,13,16,0,강풍,완전,일별 상대노출 신호를 월 단위로 요약; 사고확률이 아님
2025,04,서울특별시,30,30,89.3,99.3,5,18,7,0,저온,완전,일별 상대노출 신호를 월 단위로 요약; 사고확률이 아님
2025,04,세종특별자치시,30,30,77.0,95.9,1,12,17,0,저온,완전,일별 상대노출 신호를 월 단위로 요약; 사고확률이 아님
2025,04,울산광역시,30,30,69.5,94.9,0,7,23,0,저온,완전,일별 상대노출 신호를 월 단위로 요약; 사고확률이 아님
2025,04,인천광역시,30,30,87.4,97.5,4,17,9,0,강풍,완전,일별 상대노출 신호를 월 단위로 요약; 사고확률이 아님
2025,04,전남광주통합특별시,30,30,95.5,99.8,17,13,0,0,강풍,완전,일별 상대노출 신호를 월 단위로 요약; 사고확률이 아님
2025,04,전북특별자치도,30,30,90.9,99.9,8,16,6,0,저온,완전,일별 상대노출 신호를 월 단위로 요약; 사고확률이 아님
2025,04,제주특별자치도,30,30,90.2,100.0,10,14,6,0,강풍,완전,일별 상대노출 신호를 월 단위로 요약; 사고확률이 아님
2025,04,충청남도,30,30,88.5,96.9,2,21,7,0,저온,완전,일별 상대노출 신호를 월 단위로 요약; 사고확률이 아님
2025,04,충청북도,30,30,89.5,99.3,5,17,8,0,저온,완전,일별 상대노출 신호를 월 단위로 요약; 사고확률이 아님
2025,05,강원특별자치도,31,31,93.8,100.0,14,16,1,0,저온,완전,일별 상대노출 신호를 월 단위로 요약; 사고확률이 아님
2025,05,경기도,31,31,76.6,94.8,0,13,18,0,저온,완전,일별 상대노출 신호를 월 단위로 요약; 사고확률이 아님
2025,05,경상남도,31,31,84.4,98.1,4,15,12,0,고온,완전,일별 상대노출 신호를 월 단위로 요약; 사고확률이 아님
2025,05,경상북도,31,31,93.1,99.6,10,19,2,0,저온,완전,일별 상대노출 신호를 월 단위로 요약; 사고확률이 아님
2025,05,대구광역시,31,31,75.7,99.1,1,10,20,0,고온,완전,일별 상대노출 신호를 월 단위로 요약; 사고확률이 아님
2025,05,대전광역시,31,31,69.0,95.3,1,6,24,0,고온,완전,일별 상대노출 신호를 월 단위로 요약; 사고확률이 아님
2025,05,부산광역시,31,31,72.7,95.8,1,9,21,0,강풍,완전,일별 상대노출 신호를 월 단위로 요약; 사고확률이 아님
2025,05,서울특별시,31,31,83.5,98.7,8,10,13,0,저온,완전,일별 상대노출 신호를 월 단위로 요약; 사고확률이 아님
2025,05,세종특별자치시,31,31,64.9,89.9,0,10,21,0,고온,완전,일별 상대노출 신호를 월 단위로 요약; 사고확률이 아님
2025,05,울산광역시,31,31,65.9,93.8,0,7,24,0,저온,완전,일별 상대노출 신호를 월 단위로 요약; 사고확률이 아님
2025,05,인천광역시,31,31,79.8,97.1,1,14,16,0,강풍,완전,일별 상대노출 신호를 월 단위로 요약; 사고확률이 아님
2025,05,전남광주통합특별시,31,31,92.3,99.7,12,15,4,0,강풍,완전,일별 상대노출 신호를 월 단위로 요약; 사고확률이 아님
2025,05,전북특별자치도,31,31,81.0,98.8,5,13,13,0,저온,완전,일별 상대노출 신호를 월 단위로 요약; 사고확률이 아님
2025,05,제주특별자치도,31,31,90.4,99.9,11,11,9,0,강풍,완전,일별 상대노출 신호를 월 단위로 요약; 사고확률이 아님
2025,05,충청남도,31,31,80.2,96.9,3,13,15,0,저온,완전,일별 상대노출 신호를 월 단위로 요약; 사고확률이 아님
2025,05,충청북도,31,31,81.6,97.7,5,11,15,0,저온,완전,일별 상대노출 신호를 월 단위로 요약; 사고확률이 아님
2025,06,강원특별자치도,30,30,91.4,99.9,9,15,6,0,저온,완전,일별 상대노출 신호를 월 단위로 요약; 사고확률이 아님
2025,06,경기도,30,30,76.5,98.6,1,11,18,0,고온,완전,일별 상대노출 신호를 월 단위로 요약; 사고확률이 아님
2025,06,경상남도,30,30,88.7,99.8,8,15,7,0,고온,완전,일별 상대노출 신호를 월 단위로 요약; 사고확률이 아님
2025,06,경상북도,30,30,93.5,100.0,13,14,3,0,고온,완전,일별 상대노출 신호를 월 단위로 요약; 사고확률이 아님
2025,06,대구광역시,30,30,80.3,99.5,3,12,15,0,고온,완전,일별 상대노출 신호를 월 단위로 요약; 사고확률이 아님
2025,06,대전광역시,30,30,74.6,99.3,1,12,17,0,고온,완전,일별 상대노출 신호를 월 단위로 요약; 사고확률이 아님
2025,06,부산광역시,30,30,77.8,100.0,3,10,17,0,강풍,완전,일별 상대노출 신호를 월 단위로 요약; 사고확률이 아님
2025,06,서울특별시,30,30,82.5,99.0,5,13,12,0,고온,완전,일별 상대노출 신호를 월 단위로 요약; 사고확률이 아님
2025,06,세종특별자치시,30,30,71.1,98.8,1,7,22,0,고온,완전,일별 상대노출 신호를 월 단위로 요약; 사고확률이 아님
2025,06,울산광역시,30,30,65.2,98.5,2,8,20,0,고온,완전,일별 상대노출 신호를 월 단위로 요약; 사고확률이 아님
2025,06,인천광역시,30,30,80.9,99.6,1,14,15,0,강풍,완전,일별 상대노출 신호를 월 단위로 요약; 사고확률이 아님
2025,06,전남광주통합특별시,30,30,94.8,99.4,15,10,5,0,강풍,완전,일별 상대노출 신호를 월 단위로 요약; 사고확률이 아님
2025,06,전북특별자치도,30,30,88.1,99.7,9,15,6,0,고온,완전,일별 상대노출 신호를 월 단위로 요약; 사고확률이 아님
2025,06,제주특별자치도,30,30,87.5,98.9,7,14,9,0,강풍,완전,일별 상대노출 신호를 월 단위로 요약; 사고확률이 아님
2025,06,충청남도,30,30,82.5,98.0,4,13,13,0,고온,완전,일별 상대노출 신호를 월 단위로 요약; 사고확률이 아님
2025,06,충청북도,30,30,82.2,98.4,5,13,12,0,고온,완전,일별 상대노출 신호를 월 단위로 요약; 사고확률이 아님
2025,07,강원특별자치도,31,31,96.1,100.0,19,11,1,0,저온,완전,일별 상대노출 신호를 월 단위로 요약; 사고확률이 아님
2025,07,경기도,31,31,84.6,93.7,0,16,15,0,고온,완전,일별 상대노출 신호를 월 단위로 요약; 사고확률이 아님
2025,07,경상남도,31,31,93.4,99.4,13,14,4,0,고온,완전,일별 상대노출 신호를 월 단위로 요약; 사고확률이 아님
2025,07,경상북도,31,31,94.3,99.8,15,15,1,0,고온,완전,일별 상대노출 신호를 월 단위로 요약; 사고확률이 아님
2025,07,대구광역시,31,31,82.6,98.1,3,16,12,0,고온,완전,일별 상대노출 신호를 월 단위로 요약; 사고확률이 아님
2025,07,대전광역시,31,31,75.1,99.7,2,11,18,0,고온,완전,일별 상대노출 신호를 월 단위로 요약; 사고확률이 아님
2025,07,부산광역시,31,31,77.4,96.9,3,11,17,0,고온,완전,일별 상대노출 신호를 월 단위로 요약; 사고확률이 아님
2025,07,서울특별시,31,31,89.9,99.3,12,9,10,0,고온,완전,일별 상대노출 신호를 월 단위로 요약; 사고확률이 아님
2025,07,세종특별자치시,31,31,69.7,99.9,1,6,24,0,고온,완전,일별 상대노출 신호를 월 단위로 요약; 사고확률이 아님
2025,07,울산광역시,31,31,60.5,98.4,3,4,24,0,고온,완전,일별 상대노출 신호를 월 단위로 요약; 사고확률이 아님
2025,07,인천광역시,31,31,75.1,94.9,0,11,20,0,저온,완전,일별 상대노출 신호를 월 단위로 요약; 사고확률이 아님
2025,07,전남광주통합특별시,31,31,87.8,99.6,7,22,2,0,강풍,완전,일별 상대노출 신호를 월 단위로 요약; 사고확률이 아님
2025,07,전북특별자치도,31,31,93.2,99.1,11,15,5,0,고온,완전,일별 상대노출 신호를 월 단위로 요약; 사고확률이 아님
2025,07,제주특별자치도,31,31,80.9,98.7,2,14,15,0,강풍,완전,일별 상대노출 신호를 월 단위로 요약; 사고확률이 아님
2025,07,충청남도,31,31,83.6,100.0,3,17,11,0,고온,완전,일별 상대노출 신호를 월 단위로 요약; 사고확률이 아님
2025,07,충청북도,31,31,89.3,99.5,8,12,11,0,고온,완전,일별 상대노출 신호를 월 단위로 요약; 사고확률이 아님
2025,08,강원특별자치도,31,31,94.0,100.0,13,18,0,0,저온,완전,일별 상대노출 신호를 월 단위로 요약; 사고확률이 아님
2025,08,경기도,31,31,69.8,99.3,3,8,20,0,저온,완전,일별 상대노출 신호를 월 단위로 요약; 사고확률이 아님
2025,08,경상남도,31,31,89.4,98.7,8,16,7,0,고온,완전,일별 상대노출 신호를 월 단위로 요약; 사고확률이 아님
2025,08,경상북도,31,31,94.0,99.5,14,16,1,0,저온,완전,일별 상대노출 신호를 월 단위로 요약; 사고확률이 아님
2025,08,대구광역시,31,31,74.4,99.2,2,12,17,0,고온,완전,일별 상대노출 신호를 월 단위로 요약; 사고확률이 아님
2025,08,대전광역시,31,31,55.7,94.9,0,7,24,0,고온,완전,일별 상대노출 신호를 월 단위로 요약; 사고확률이 아님
2025,08,부산광역시,31,31,81.4,98.2,4,13,14,0,강풍,완전,일별 상대노출 신호를 월 단위로 요약; 사고확률이 아님
2025,08,서울특별시,31,31,82.7,99.5,4,14,13,0,저온,완전,일별 상대노출 신호를 월 단위로 요약; 사고확률이 아님
2025,08,세종특별자치시,31,31,53.5,95.7,1,4,26,0,저온,완전,일별 상대노출 신호를 월 단위로 요약; 사고확률이 아님
2025,08,울산광역시,31,31,55.1,99.4,2,4,25,0,고온,완전,일별 상대노출 신호를 월 단위로 요약; 사고확률이 아님
2025,08,인천광역시,31,31,82.4,100.0,2,16,13,0,강풍,완전,일별 상대노출 신호를 월 단위로 요약; 사고확률이 아님
2025,08,전남광주통합특별시,31,31,88.5,100.0,9,15,7,0,강풍,완전,일별 상대노출 신호를 월 단위로 요약; 사고확률이 아님
2025,08,전북특별자치도,31,31,86.1,97.7,5,18,8,0,저온,완전,일별 상대노출 신호를 월 단위로 요약; 사고확률이 아님
2025,08,제주특별자치도,31,31,90.4,99.7,11,12,8,0,강풍,완전,일별 상대노출 신호를 월 단위로 요약; 사고확률이 아님
2025,08,충청남도,31,31,84.2,96.4,4,13,14,0,저온,완전,일별 상대노출 신호를 월 단위로 요약; 사고확률이 아님
2025,08,충청북도,31,31,79.7,97.3,3,12,16,0,저온,완전,일별 상대노출 신호를 월 단위로 요약; 사고확률이 아님
2025,09,강원특별자치도,30,30,96.7,100.0,19,9,2,0,저온,완전,일별 상대노출 신호를 월 단위로 요약; 사고확률이 아님
2025,09,경기도,30,30,81.0,96.3,2,14,14,0,저온,완전,일별 상대노출 신호를 월 단위로 요약; 사고확률이 아님
2025,09,경상남도,30,30,78.6,97.3,1,13,16,0,고온,완전,일별 상대노출 신호를 월 단위로 요약; 사고확률이 아님
2025,09,경상북도,30,30,95.2,99.3,15,10,5,0,강풍,완전,일별 상대노출 신호를 월 단위로 요약; 사고확률이 아님
2025,09,대구광역시,30,30,66.3,96.7,1,4,25,0,저온,완전,일별 상대노출 신호를 월 단위로 요약; 사고확률이 아님
2025,09,대전광역시,30,30,72.3,96.4,2,8,20,0,강수,완전,일별 상대노출 신호를 월 단위로 요약; 사고확률이 아님
2025,09,부산광역시,30,30,75.2,89.1,0,12,18,0,강풍,완전,일별 상대노출 신호를 월 단위로 요약; 사고확률이 아님
2025,09,서울특별시,30,30,87.2,95.9,2,19,9,0,저온,완전,일별 상대노출 신호를 월 단위로 요약; 사고확률이 아님
2025,09,세종특별자치시,30,30,70.2,97.7,1,6,23,0,저온,완전,일별 상대노출 신호를 월 단위로 요약; 사고확률이 아님
2025,09,울산광역시,30,30,61.2,82.6,0,2,28,0,저온,완전,일별 상대노출 신호를 월 단위로 요약; 사고확률이 아님
2025,09,인천광역시,30,30,79.7,94.8,0,15,15,0,저온,완전,일별 상대노출 신호를 월 단위로 요약; 사고확률이 아님
2025,09,전남광주통합특별시,30,30,93.8,99.5,12,13,5,0,강풍,완전,일별 상대노출 신호를 월 단위로 요약; 사고확률이 아님
2025,09,전북특별자치도,30,30,87.0,98.9,4,17,9,0,강풍,완전,일별 상대노출 신호를 월 단위로 요약; 사고확률이 아님
2025,09,제주특별자치도,30,30,88.8,100.0,10,14,6,0,강풍,완전,일별 상대노출 신호를 월 단위로 요약; 사고확률이 아님
2025,09,충청남도,30,30,81.5,96.1,1,15,14,0,저온,완전,일별 상대노출 신호를 월 단위로 요약; 사고확률이 아님
2025,09,충청북도,30,30,84.4,95.2,1,22,7,0,저온,완전,일별 상대노출 신호를 월 단위로 요약; 사고확률이 아님
2025,10,강원특별자치도,31,31,88.7,100.0,8,17,6,0,강수,완전,일별 상대노출 신호를 월 단위로 요약; 사고확률이 아님
2025,10,경기도,31,31,82.4,99.6,7,12,12,0,저온,완전,일별 상대노출 신호를 월 단위로 요약; 사고확률이 아님
2025,10,경상남도,31,31,87.9,99.6,8,12,11,0,고온,완전,일별 상대노출 신호를 월 단위로 요약; 사고확률이 아님
2025,10,경상북도,31,31,91.5,99.8,9,14,8,0,강풍,완전,일별 상대노출 신호를 월 단위로 요약; 사고확률이 아님
2025,10,대구광역시,31,31,71.0,98.0,3,7,21,0,고온,완전,일별 상대노출 신호를 월 단위로 요약; 사고확률이 아님
2025,10,대전광역시,31,31,81.5,98.9,2,15,14,0,저온,완전,일별 상대노출 신호를 월 단위로 요약; 사고확률이 아님
2025,10,부산광역시,31,31,83.0,99.0,5,14,12,0,고온,완전,일별 상대노출 신호를 월 단위로 요약; 사고확률이 아님
2025,10,서울특별시,31,31,92.0,99.6,7,17,7,0,고온,완전,일별 상대노출 신호를 월 단위로 요약; 사고확률이 아님
2025,10,세종특별자치시,31,31,83.5,97.4,2,16,13,0,저온,완전,일별 상대노출 신호를 월 단위로 요약; 사고확률이 아님
2025,10,울산광역시,31,31,65.9,97.2,3,9,19,0,고온,완전,일별 상대노출 신호를 월 단위로 요약; 사고확률이 아님
2025,10,인천광역시,31,31,82.5,97.8,6,14,11,0,강풍,완전,일별 상대노출 신호를 월 단위로 요약; 사고확률이 아님
2025,10,전남광주통합특별시,31,31,96.8,99.8,23,8,0,0,강풍,완전,일별 상대노출 신호를 월 단위로 요약; 사고확률이 아님
2025,10,전북특별자치도,31,31,88.7,99.1,9,15,7,0,고온,완전,일별 상대노출 신호를 월 단위로 요약; 사고확률이 아님
2025,10,제주특별자치도,31,31,96.9,100.0,21,8,2,0,고온,완전,일별 상대노출 신호를 월 단위로 요약; 사고확률이 아님
2025,10,충청남도,31,31,88.9,99.2,4,19,8,0,저온,완전,일별 상대노출 신호를 월 단위로 요약; 사고확률이 아님
2025,10,충청북도,31,31,83.3,99.3,7,13,11,0,저온,완전,일별 상대노출 신호를 월 단위로 요약; 사고확률이 아님
2025,11,강원특별자치도,30,30,88.2,99.9,10,12,8,0,저온,완전,일별 상대노출 신호를 월 단위로 요약; 사고확률이 아님
2025,11,경기도,30,30,77.3,98.8,4,10,16,0,저온,완전,일별 상대노출 신호를 월 단위로 요약; 사고확률이 아님
2025,11,경상남도,30,30,82.5,98.4,2,18,10,0,저온,완전,일별 상대노출 신호를 월 단위로 요약; 사고확률이 아님
2025,11,경상북도,30,30,89.0,99.7,8,18,4,0,저온,완전,일별 상대노출 신호를 월 단위로 요약; 사고확률이 아님
2025,11,대구광역시,30,30,66.8,88.5,0,3,27,0,고온,완전,일별 상대노출 신호를 월 단위로 요약; 사고확률이 아님
2025,11,대전광역시,30,30,61.4,85.3,0,4,26,0,저온,완전,일별 상대노출 신호를 월 단위로 요약; 사고확률이 아님
2025,11,부산광역시,30,30,75.5,95.0,1,11,18,0,고온,완전,일별 상대노출 신호를 월 단위로 요약; 사고확률이 아님
2025,11,서울특별시,30,30,84.3,99.3,4,14,12,0,저온,완전,일별 상대노출 신호를 월 단위로 요약; 사고확률이 아님
2025,11,세종특별자치시,30,30,61.2,87.8,0,3,27,0,저온,완전,일별 상대노출 신호를 월 단위로 요약; 사고확률이 아님
2025,11,울산광역시,30,30,60.5,91.3,0,2,28,0,고온,완전,일별 상대노출 신호를 월 단위로 요약; 사고확률이 아님
2025,11,인천광역시,30,30,74.6,92.7,0,11,19,0,저온,완전,일별 상대노출 신호를 월 단위로 요약; 사고확률이 아님
2025,11,전남광주통합특별시,30,30,91.9,98.5,8,18,4,0,강풍,완전,일별 상대노출 신호를 월 단위로 요약; 사고확률이 아님
2025,11,전북특별자치도,30,30,84.2,96.6,1,17,12,0,저온,완전,일별 상대노출 신호를 월 단위로 요약; 사고확률이 아님
2025,11,제주특별자치도,30,30,95.4,99.6,17,11,2,0,강풍,완전,일별 상대노출 신호를 월 단위로 요약; 사고확률이 아님
2025,11,충청남도,30,30,71.9,94.1,0,7,23,0,저온,완전,일별 상대노출 신호를 월 단위로 요약; 사고확률이 아님
2025,11,충청북도,30,30,81.4,98.8,4,12,14,0,저온,완전,일별 상대노출 신호를 월 단위로 요약; 사고확률이 아님
2025,12,강원특별자치도,31,31,91.5,100.0,10,16,5,0,저온,완전,일별 상대노출 신호를 월 단위로 요약; 사고확률이 아님
2025,12,경기도,31,31,80.6,99.4,8,8,15,0,저온,완전,일별 상대노출 신호를 월 단위로 요약; 사고확률이 아님
2025,12,경상남도,31,31,89.1,99.4,4,20,7,0,고온,완전,일별 상대노출 신호를 월 단위로 요약; 사고확률이 아님
2025,12,경상북도,31,31,90.5,99.6,9,21,1,0,고온,완전,일별 상대노출 신호를 월 단위로 요약; 사고확률이 아님
2025,12,대구광역시,31,31,68.3,92.9,0,7,24,0,고온,완전,일별 상대노출 신호를 월 단위로 요약; 사고확률이 아님
2025,12,대전광역시,31,31,72.3,97.5,2,10,19,0,고온,완전,일별 상대노출 신호를 월 단위로 요약; 사고확률이 아님
2025,12,부산광역시,31,31,83.3,99.5,5,12,14,0,고온,완전,일별 상대노출 신호를 월 단위로 요약; 사고확률이 아님
2025,12,서울특별시,31,31,86.5,98.2,8,15,8,0,저온,완전,일별 상대노출 신호를 월 단위로 요약; 사고확률이 아님
2025,12,세종특별자치시,31,31,65.4,97.3,1,8,22,0,저온,완전,일별 상대노출 신호를 월 단위로 요약; 사고확률이 아님
2025,12,울산광역시,31,31,74.0,98.5,4,6,21,0,고온,완전,일별 상대노출 신호를 월 단위로 요약; 사고확률이 아님
2025,12,인천광역시,31,31,81.1,98.6,5,11,15,0,저온,완전,일별 상대노출 신호를 월 단위로 요약; 사고확률이 아님
2025,12,전남광주통합특별시,31,31,94.2,99.0,14,17,0,0,강풍,완전,일별 상대노출 신호를 월 단위로 요약; 사고확률이 아님
2025,12,전북특별자치도,31,31,84.5,98.8,5,16,10,0,고온,완전,일별 상대노출 신호를 월 단위로 요약; 사고확률이 아님
2025,12,제주특별자치도,31,31,97.5,100.0,22,8,1,0,고온,완전,일별 상대노출 신호를 월 단위로 요약; 사고확률이 아님
2025,12,충청남도,31,31,77.9,96.7,3,11,17,0,저온,완전,일별 상대노출 신호를 월 단위로 요약; 사고확률이 아님
2025,12,충청북도,31,31,82.4,97.3,4,13,14,0,저온,완전,일별 상대노출 신호를 월 단위로 요약; 사고확률이 아님
2026,01,강원특별자치도,31,31,95.8,99.7,17,13,1,0,저온,완전,일별 상대노출 신호를 월 단위로 요약; 사고확률이 아님
2026,01,경기도,31,31,87.7,98.6,9,16,6,0,저온,완전,일별 상대노출 신호를 월 단위로 요약; 사고확률이 아님
2026,01,경상남도,31,31,83.4,99.9,4,16,11,0,저온,완전,일별 상대노출 신호를 월 단위로 요약; 사고확률이 아님
2026,01,경상북도,31,31,94.5,99.9,14,16,1,0,저온,완전,일별 상대노출 신호를 월 단위로 요약; 사고확률이 아님
2026,01,대구광역시,31,31,61.8,99.4,2,4,25,0,강풍,완전,일별 상대노출 신호를 월 단위로 요약; 사고확률이 아님
2026,01,대전광역시,31,31,67.7,90.6,0,3,28,0,저온,완전,일별 상대노출 신호를 월 단위로 요약; 사고확률이 아님
2026,01,부산광역시,31,31,66.7,99.6,4,5,22,0,고온,완전,일별 상대노출 신호를 월 단위로 요약; 사고확률이 아님
2026,01,서울특별시,31,31,88.7,99.5,7,14,10,0,저온,완전,일별 상대노출 신호를 월 단위로 요약; 사고확률이 아님
2026,01,세종특별자치시,31,31,67.7,93.3,0,2,29,0,저온,완전,일별 상대노출 신호를 월 단위로 요약; 사고확률이 아님
2026,01,울산광역시,31,31,60.9,99.8,2,3,26,0,고온,완전,일별 상대노출 신호를 월 단위로 요약; 사고확률이 아님
2026,01,인천광역시,31,31,81.8,93.2,0,20,11,0,저온,완전,일별 상대노출 신호를 월 단위로 요약; 사고확률이 아님
2026,01,전남광주통합특별시,31,31,95.7,99.7,18,11,2,0,강풍,완전,일별 상대노출 신호를 월 단위로 요약; 사고확률이 아님
2026,01,전북특별자치도,31,31,83.8,98.1,3,18,10,0,저온,완전,일별 상대노출 신호를 월 단위로 요약; 사고확률이 아님
2026,01,제주특별자치도,31,31,98.0,100.0,23,8,0,0,강풍,완전,일별 상대노출 신호를 월 단위로 요약; 사고확률이 아님
2026,01,충청남도,31,31,80.0,94.9,0,16,15,0,저온,완전,일별 상대노출 신호를 월 단위로 요약; 사고확률이 아님
2026,01,충청북도,31,31,89.8,96.5,5,20,6,0,저온,완전,일별 상대노출 신호를 월 단위로 요약; 사고확률이 아님
2026,02,강원특별자치도,28,28,89.9,99.7,7,18,3,0,저온,완전,일별 상대노출 신호를 월 단위로 요약; 사고확률이 아님
2026,02,경기도,28,28,83.5,98.8,5,13,10,0,저온,완전,일별 상대노출 신호를 월 단위로 요약; 사고확률이 아님
2026,02,경상남도,28,28,85.2,99.9,4,15,9,0,고온,완전,일별 상대노출 신호를 월 단위로 요약; 사고확률이 아님
2026,02,경상북도,28,28,88.4,100.0,5,19,4,0,저온,완전,일별 상대노출 신호를 월 단위로 요약; 사고확률이 아님
2026,02,대구광역시,28,28,69.8,99.7,2,7,19,0,고온,완전,일별 상대노출 신호를 월 단위로 요약; 사고확률이 아님
2026,02,대전광역시,28,28,74.8,98.1,1,8,19,0,고온,완전,일별 상대노출 신호를 월 단위로 요약; 사고확률이 아님
2026,02,부산광역시,28,28,78.9,99.5,3,10,15,0,고온,완전,일별 상대노출 신호를 월 단위로 요약; 사고확률이 아님
2026,02,서울특별시,28,28,85.0,97.1,3,15,10,0,고온,완전,일별 상대노출 신호를 월 단위로 요약; 사고확률이 아님
2026,02,세종특별자치시,28,28,71.6,94.5,0,9,19,0,고온,완전,일별 상대노출 신호를 월 단위로 요약; 사고확률이 아님
2026,02,울산광역시,28,28,69.2,99.8,3,6,19,0,고온,완전,일별 상대노출 신호를 월 단위로 요약; 사고확률이 아님
2026,02,인천광역시,28,28,79.2,93.5,0,12,16,0,저온,완전,일별 상대노출 신호를 월 단위로 요약; 사고확률이 아님
2026,02,전남광주통합특별시,28,28,91.7,99.1,9,16,3,0,강풍,완전,일별 상대노출 신호를 월 단위로 요약; 사고확률이 아님
2026,02,전북특별자치도,28,28,85.6,97.8,1,20,7,0,저온,완전,일별 상대노출 신호를 월 단위로 요약; 사고확률이 아님
2026,02,제주특별자치도,28,28,94.5,99.9,12,16,0,0,강풍,완전,일별 상대노출 신호를 월 단위로 요약; 사고확률이 아님
2026,02,충청남도,28,28,77.6,96.9,1,10,17,0,저온,완전,일별 상대노출 신호를 월 단위로 요약; 사고확률이 아님
2026,02,충청북도,28,28,80.4,98.3,4,10,14,0,저온,완전,일별 상대노출 신호를 월 단위로 요약; 사고확률이 아님
2026,03,강원특별자치도,31,31,90.5,99.9,11,16,4,0,저온,완전,일별 상대노출 신호를 월 단위로 요약; 사고확률이 아님
2026,03,경기도,31,31,82.5,96.9,1,18,12,0,저온,완전,일별 상대노출 신호를 월 단위로 요약; 사고확률이 아님
2026,03,경상남도,31,31,85.6,97.5,6,12,13,0,고온,완전,일별 상대노출 신호를 월 단위로 요약; 사고확률이 아님
2026,03,경상북도,31,31,87.7,98.2,6,19,6,0,저온,완전,일별 상대노출 신호를 월 단위로 요약; 사고확률이 아님
2026,03,대구광역시,31,31,73.6,96.3,2,6,23,0,고온,완전,일별 상대노출 신호를 월 단위로 요약; 사고확률이 아님
2026,03,대전광역시,31,31,71.9,96.9,1,11,19,0,고온,완전,일별 상대노출 신호를 월 단위로 요약; 사고확률이 아님
2026,03,부산광역시,31,31,72.6,96.2,1,10,20,0,고온,완전,일별 상대노출 신호를 월 단위로 요약; 사고확률이 아님
2026,03,서울특별시,31,31,84.6,97.4,1,16,14,0,저온,완전,일별 상대노출 신호를 월 단위로 요약; 사고확률이 아님
2026,03,세종특별자치시,31,31,74.5,98.3,1,11,19,0,고온,완전,일별 상대노출 신호를 월 단위로 요약; 사고확률이 아님
2026,03,울산광역시,31,31,59.7,99.2,1,5,25,0,고온,완전,일별 상대노출 신호를 월 단위로 요약; 사고확률이 아님
2026,03,인천광역시,31,31,67.8,94.4,0,9,22,0,저온,완전,일별 상대노출 신호를 월 단위로 요약; 사고확률이 아님
2026,03,전남광주통합특별시,31,31,90.6,98.5,11,14,6,0,강풍,완전,일별 상대노출 신호를 월 단위로 요약; 사고확률이 아님
2026,03,전북특별자치도,31,31,85.5,98.0,4,16,11,0,저온,완전,일별 상대노출 신호를 월 단위로 요약; 사고확률이 아님
2026,03,제주특별자치도,31,31,90.2,99.6,7,14,10,0,강풍,완전,일별 상대노출 신호를 월 단위로 요약; 사고확률이 아님
2026,03,충청남도,31,31,80.1,95.8,3,14,14,0,저온,완전,일별 상대노출 신호를 월 단위로 요약; 사고확률이 아님
2026,03,충청북도,31,31,84.3,97.2,2,20,9,0,저온,완전,일별 상대노출 신호를 월 단위로 요약; 사고확률이 아님
2026,04,강원특별자치도,30,30,90.0,99.8,7,22,1,0,저온,완전,일별 상대노출 신호를 월 단위로 요약; 사고확률이 아님
2026,04,경기도,30,30,80.8,99.6,3,13,14,0,저온,완전,일별 상대노출 신호를 월 단위로 요약; 사고확률이 아님
2026,04,경상남도,30,30,85.6,98.8,5,14,11,0,고온,완전,일별 상대노출 신호를 월 단위로 요약; 사고확률이 아님
2026,04,경상북도,30,30,93.0,99.7,9,16,5,0,강풍,완전,일별 상대노출 신호를 월 단위로 요약; 사고확률이 아님
2026,04,대구광역시,30,30,67.2,96.6,1,7,22,0,고온,완전,일별 상대노출 신호를 월 단위로 요약; 사고확률이 아님
2026,04,대전광역시,30,30,75.7,97.7,3,8,19,0,고온,완전,일별 상대노출 신호를 월 단위로 요약; 사고확률이 아님
2026,04,부산광역시,30,30,74.5,98.6,3,5,22,0,강풍,완전,일별 상대노출 신호를 월 단위로 요약; 사고확률이 아님
2026,04,서울특별시,30,30,87.2,98.6,4,13,13,0,고온,완전,일별 상대노출 신호를 월 단위로 요약; 사고확률이 아님
2026,04,세종특별자치시,30,30,73.8,95.8,2,8,20,0,고온,완전,일별 상대노출 신호를 월 단위로 요약; 사고확률이 아님
2026,04,울산광역시,30,30,58.3,98.3,1,1,28,0,고온,완전,일별 상대노출 신호를 월 단위로 요약; 사고확률이 아님
2026,04,인천광역시,30,30,69.7,94.4,0,7,23,0,강풍,완전,일별 상대노출 신호를 월 단위로 요약; 사고확률이 아님
2026,04,전남광주통합특별시,30,30,92.6,99.5,7,17,6,0,강풍,완전,일별 상대노출 신호를 월 단위로 요약; 사고확률이 아님
2026,04,전북특별자치도,30,30,82.6,99.2,7,13,10,0,저온,완전,일별 상대노출 신호를 월 단위로 요약; 사고확률이 아님
2026,04,제주특별자치도,30,30,87.9,100.0,6,18,6,0,강풍,완전,일별 상대노출 신호를 월 단위로 요약; 사고확률이 아님
2026,04,충청남도,30,30,81.5,98.1,3,14,13,0,고온,완전,일별 상대노출 신호를 월 단위로 요약; 사고확률이 아님
2026,04,충청북도,30,30,84.5,98.1,2,18,10,0,저온,완전,일별 상대노출 신호를 월 단위로 요약; 사고확률이 아님
2026,05,강원특별자치도,31,31,93.1,99.7,12,14,5,0,고온,완전,일별 상대노출 신호를 월 단위로 요약; 사고확률이 아님
2026,05,경기도,31,31,83.6,98.3,5,13,13,0,고온,완전,일별 상대노출 신호를 월 단위로 요약; 사고확률이 아님
2026,05,경상남도,31,31,88.4,99.9,10,17,4,0,고온,완전,일별 상대노출 신호를 월 단위로 요약; 사고확률이 아님
2026,05,경상북도,31,31,94.1,100.0,14,12,5,0,고온,완전,일별 상대노출 신호를 월 단위로 요약; 사고확률이 아님
2026,05,대구광역시,31,31,75.2,99.9,7,6,18,0,고온,완전,일별 상대노출 신호를 월 단위로 요약; 사고확률이 아님
2026,05,대전광역시,31,31,79.4,99.4,2,13,16,0,고온,완전,일별 상대노출 신호를 월 단위로 요약; 사고확률이 아님
2026,05,부산광역시,31,31,83.2,97.8,4,14,13,0,고온,완전,일별 상대노출 신호를 월 단위로 요약; 사고확률이 아님
2026,05,서울특별시,31,31,88.9,98.8,10,13,8,0,고온,완전,일별 상대노출 신호를 월 단위로 요약; 사고확률이 아님
2026,05,세종특별자치시,31,31,83.5,99.7,1,15,15,0,고온,완전,일별 상대노출 신호를 월 단위로 요약; 사고확률이 아님
2026,05,울산광역시,31,31,68.3,97.1,1,9,21,0,고온,완전,일별 상대노출 신호를 월 단위로 요약; 사고확률이 아님
2026,05,인천광역시,31,31,67.0,97.5,1,4,26,0,고온,완전,일별 상대노출 신호를 월 단위로 요약; 사고확률이 아님
2026,05,전남광주통합특별시,31,31,94.2,99.1,15,14,2,0,강풍,완전,일별 상대노출 신호를 월 단위로 요약; 사고확률이 아님
2026,05,전북특별자치도,31,31,90.7,99.4,7,15,9,0,고온,완전,일별 상대노출 신호를 월 단위로 요약; 사고확률이 아님
2026,05,제주특별자치도,31,31,87.7,99.8,7,16,8,0,강풍,완전,일별 상대노출 신호를 월 단위로 요약; 사고확률이 아님
2026,05,충청남도,31,31,81.9,99.2,4,14,13,0,고온,완전,일별 상대노출 신호를 월 단위로 요약; 사고확률이 아님
2026,05,충청북도,31,31,90.4,98.7,10,11,10,0,고온,완전,일별 상대노출 신호를 월 단위로 요약; 사고확률이 아님
2026,06,강원특별자치도,30,30,93.8,99.7,13,17,0,0,저온,완전,일별 상대노출 신호를 월 단위로 요약; 사고확률이 아님
2026,06,경기도,30,30,80.8,96.7,1,15,14,0,저온,완전,일별 상대노출 신호를 월 단위로 요약; 사고확률이 아님
2026,06,경상남도,30,30,77.2,99.2,2,12,16,0,저온,완전,일별 상대노출 신호를 월 단위로 요약; 사고확률이 아님
2026,06,경상북도,30,30,90.6,100.0,9,15,6,0,저온,완전,일별 상대노출 신호를 월 단위로 요약; 사고확률이 아님
2026,06,대구광역시,30,30,63.8,91.1,0,5,25,0,고온,완전,일별 상대노출 신호를 월 단위로 요약; 사고확률이 아님
2026,06,대전광역시,30,30,71.3,97.7,1,9,20,0,고온,완전,일별 상대노출 신호를 월 단위로 요약; 사고확률이 아님
2026,06,부산광역시,30,30,67.9,99.0,1,5,24,0,강풍,완전,일별 상대노출 신호를 월 단위로 요약; 사고확률이 아님
2026,06,서울특별시,30,30,89.1,99.5,5,17,8,0,저온,완전,일별 상대노출 신호를 월 단위로 요약; 사고확률이 아님
2026,06,세종특별자치시,30,30,69.4,95.6,1,4,25,0,고온,완전,일별 상대노출 신호를 월 단위로 요약; 사고확률이 아님
2026,06,울산광역시,30,30,46.4,93.6,0,2,28,0,저온,완전,일별 상대노출 신호를 월 단위로 요약; 사고확률이 아님
2026,06,인천광역시,30,30,74.9,94.4,0,11,19,0,저온,완전,일별 상대노출 신호를 월 단위로 요약; 사고확률이 아님
2026,06,전남광주통합특별시,30,30,92.1,99.6,8,19,3,0,강풍,완전,일별 상대노출 신호를 월 단위로 요약; 사고확률이 아님
2026,06,전북특별자치도,30,30,83.7,97.4,2,20,8,0,저온,완전,일별 상대노출 신호를 월 단위로 요약; 사고확률이 아님
2026,06,제주특별자치도,30,30,88.1,99.7,7,14,9,0,강풍,완전,일별 상대노출 신호를 월 단위로 요약; 사고확률이 아님
2026,06,충청남도,30,30,78.3,96.0,2,11,17,0,고온,완전,일별 상대노출 신호를 월 단위로 요약; 사고확률이 아님
2026,06,충청북도,30,30,85.1,96.0,2,17,11,0,저온,완전,일별 상대노출 신호를 월 단위로 요약; 사고확률이 아님
2026,07,강원특별자치도,31,31,92.2,99.9,10,15,6,0,저온,완전,일별 상대노출 신호를 월 단위로 요약; 사고확률이 아님
2026,07,경기도,31,31,71.0,96.6,1,9,21,0,강수,완전,일별 상대노출 신호를 월 단위로 요약; 사고확률이 아님
2026,07,경상남도,31,31,92.6,100.0,10,9,12,0,고온,완전,일별 상대노출 신호를 월 단위로 요약; 사고확률이 아님
2026,07,경상북도,31,31,95.4,99.7,16,11,4,0,고온,완전,일별 상대노출 신호를 월 단위로 요약; 사고확률이 아님
2026,07,대구광역시,31,31,78.5,98.0,4,10,17,0,고온,완전,일별 상대노출 신호를 월 단위로 요약; 사고확률이 아님
2026,07,대전광역시,31,31,65.9,99.0,2,3,26,0,고온,완전,일별 상대노출 신호를 월 단위로 요약; 사고확률이 아님
2026,07,부산광역시,31,31,85.1,99.7,5,16,10,0,강풍,완전,일별 상대노출 신호를 월 단위로 요약; 사고확률이 아님
2026,07,서울특별시,31,31,81.5,99.5,3,14,14,0,고온,완전,일별 상대노출 신호를 월 단위로 요약; 사고확률이 아님
2026,07,세종특별자치시,31,31,61.3,98.9,2,5,24,0,강수,완전,일별 상대노출 신호를 월 단위로 요약; 사고확률이 아님
2026,07,울산광역시,31,31,74.0,98.2,3,9,19,0,고온,완전,일별 상대노출 신호를 월 단위로 요약; 사고확률이 아님
2026,07,인천광역시,31,31,83.6,98.6,5,13,13,0,강풍,완전,일별 상대노출 신호를 월 단위로 요약; 사고확률이 아님
2026,07,전남광주통합특별시,31,31,93.4,100.0,11,18,2,0,강풍,완전,일별 상대노출 신호를 월 단위로 요약; 사고확률이 아님
2026,07,전북특별자치도,31,31,81.8,98.4,2,16,13,0,저온,완전,일별 상대노출 신호를 월 단위로 요약; 사고확률이 아님
2026,07,제주특별자치도,31,31,85.1,99.0,4,15,12,0,강풍,완전,일별 상대노출 신호를 월 단위로 요약; 사고확률이 아님
2026,07,충청남도,31,31,81.5,95.3,1,16,14,0,고온,완전,일별 상대노출 신호를 월 단위로 요약; 사고확률이 아님
2026,07,충청북도,31,31,78.4,99.0,4,10,17,0,고온,완전,일별 상대노출 신호를 월 단위로 요약; 사고확률이 아님
2026,08,강원특별자치도,25,25,95.9,98.9,14,11,0,0,저온,완전,일별 상대노출 신호를 월 단위로 요약; 사고확률이 아님
2026,08,경기도,25,25,78.9,97.3,3,9,13,0,저온,완전,일별 상대노출 신호를 월 단위로 요약; 사고확률이 아님
2026,08,경상남도,25,25,91.5,100.0,11,8,6,0,고온,완전,일별 상대노출 신호를 월 단위로 요약; 사고확률이 아님
2026,08,경상북도,25,25,94.0,99.7,10,12,3,0,저온,완전,일별 상대노출 신호를 월 단위로 요약; 사고확률이 아님
2026,08,대구광역시,25,25,69.8,99.6,5,4,16,0,고온,완전,일별 상대노출 신호를 월 단위로 요약; 사고확률이 아님
2026,08,대전광역시,25,25,74.4,96.6,1,10,14,0,고온,완전,일별 상대노출 신호를 월 단위로 요약; 사고확률이 아님
2026,08,부산광역시,25,25,81.4,99.7,6,7,12,0,고온,완전,일별 상대노출 신호를 월 단위로 요약; 사고확률이 아님
2026,08,서울특별시,25,25,88.7,99.4,5,10,10,0,저온,완전,일별 상대노출 신호를 월 단위로 요약; 사고확률이 아님
2026,08,세종특별자치시,25,25,67.0,94.8,0,10,15,0,고온,완전,일별 상대노출 신호를 월 단위로 요약; 사고확률이 아님
2026,08,울산광역시,25,25,58.0,98.6,3,3,19,0,강풍,완전,일별 상대노출 신호를 월 단위로 요약; 사고확률이 아님
2026,08,인천광역시,25,25,75.8,98.0,1,7,17,0,강풍,완전,일별 상대노출 신호를 월 단위로 요약; 사고확률이 아님
2026,08,전남광주통합특별시,25,25,94.9,99.7,12,13,0,0,고온,완전,일별 상대노출 신호를 월 단위로 요약; 사고확률이 아님
2026,08,전북특별자치도,25,25,91.1,99.9,7,15,3,0,고온,완전,일별 상대노출 신호를 월 단위로 요약; 사고확률이 아님
2026,08,제주특별자치도,25,25,90.1,97.1,6,17,2,0,강풍,완전,일별 상대노출 신호를 월 단위로 요약; 사고확률이 아님
2026,08,충청남도,25,25,81.4,98.7,5,8,12,0,고온,완전,일별 상대노출 신호를 월 단위로 요약; 사고확률이 아님
2026,08,충청북도,25,25,88.5,99.7,7,11,7,0,저온,완전,일별 상대노출 신호를 월 단위로 요약; 사고확률이 아님
