자료종류코드,자료종류,관측시각,지점번호,지점명,경도,위도,유의파고,풍향,풍속,돌풍속,수온,기온,해면기압,상대습도,품질정보,자료상태,원천파일,출처,수집시각
B,해양기상부이,2026-08-27 01:30,21229,울릉도,131.1144,37.4554,0.6,7,2.2,3.2,28.1,27.6,1007.6,84.0,,관측값,data/raw/kma/stage4_surface_marine_smoke_20260827_032220/raw_responses/sea_obs/sea_obs_2026082701.txt,기상청 APIHub 해양기상 종합관측,2026-08-27T03:22:20+09:00
B,해양기상부이,2026-08-27 01:30,22101,덕적도,126.0188,37.2361,0.2,231,0.3,0.9,25.9,25.2,1008.1,87.0,,관측값,data/raw/kma/stage4_surface_marine_smoke_20260827_032220/raw_responses/sea_obs/sea_obs_2026082701.txt,기상청 APIHub 해양기상 종합관측,2026-08-27T03:22:20+09:00
B,해양기상부이,2026-08-27 01:30,22102,칠발도,125.7769,34.7933,0.4,56,2.5,3.4,29.4,26.9,1007.0,95.0,,관측값,data/raw/kma/stage4_surface_marine_smoke_20260827_032220/raw_responses/sea_obs/sea_obs_2026082701.txt,기상청 APIHub 해양기상 종합관측,2026-08-27T03:22:20+09:00
B,해양기상부이,2026-08-27 01:30,22103,거문도,127.5014,34.0014,2.0,99,2.1,3.0,30.0,29.1,1006.7,97.0,,관측값,data/raw/kma/stage4_surface_marine_smoke_20260827_032220/raw_responses/sea_obs/sea_obs_2026082701.txt,기상청 APIHub 해양기상 종합관측,2026-08-27T03:22:20+09:00
B,해양기상부이,2026-08-27 01:30,22104,거제도,128.9,34.7667,0.7,204,0.8,1.2,29.9,29.6,1007.0,89.0,,관측값,data/raw/kma/stage4_surface_marine_smoke_20260827_032220/raw_responses/sea_obs/sea_obs_2026082701.txt,기상청 APIHub 해양기상 종합관측,2026-08-27T03:22:20+09:00
B,해양기상부이,2026-08-27 01:30,22105,동해,130.0,37.5442,0.8,8,4.6,5.9,26.0,26.1,1007.7,94.0,,관측값,data/raw/kma/stage4_surface_marine_smoke_20260827_032220/raw_responses/sea_obs/sea_obs_2026082701.txt,기상청 APIHub 해양기상 종합관측,2026-08-27T03:22:20+09:00
B,해양기상부이,2026-08-27 01:30,22106,포항,129.7833,36.35,0.8,346,2.4,3.2,26.6,25.7,1007.4,91.0,,관측값,data/raw/kma/stage4_surface_marine_smoke_20260827_032220/raw_responses/sea_obs/sea_obs_2026082701.txt,기상청 APIHub 해양기상 종합관측,2026-08-27T03:22:20+09:00
B,해양기상부이,2026-08-27 01:30,22107,마라도,126.0333,33.0833,1.9,79,7.7,10.4,29.5,29.9,1005.8,99.0,,관측값,data/raw/kma/stage4_surface_marine_smoke_20260827_032220/raw_responses/sea_obs/sea_obs_2026082701.txt,기상청 APIHub 해양기상 종합관측,2026-08-27T03:22:20+09:00
B,해양기상부이,2026-08-27 01:30,22108,외연도,125.75,36.25,0.3,15,3.5,4.2,28.7,27.7,1007.7,82.0,,관측값,data/raw/kma/stage4_surface_marine_smoke_20260827_032220/raw_responses/sea_obs/sea_obs_2026082701.txt,기상청 APIHub 해양기상 종합관측,2026-08-27T03:22:20+09:00
B,해양기상부이,2026-08-27 01:50,22183,신안,126.24166667,34.73333333,0.2,116,2.2,2.2,25.7,26.2,1006.9,94.0,,관측값,data/raw/kma/stage4_surface_marine_smoke_20260827_032220/raw_responses/sea_obs/sea_obs_2026082701.txt,기상청 APIHub 해양기상 종합관측,2026-08-27T03:22:20+09:00
B,해양기상부이,2026-08-27 01:30,22184,추자도,126.1411,33.79361,0.7,60,4.3,6.0,29.5,28.8,1006.3,95.0,,관측값,data/raw/kma/stage4_surface_marine_smoke_20260827_032220/raw_responses/sea_obs/sea_obs_2026082701.txt,기상청 APIHub 해양기상 종합관측,2026-08-27T03:22:20+09:00
B,해양기상부이,2026-08-27 01:30,22185,인천,125.4289,37.0917,0.4,322,1.4,1.9,26.9,26.9,1008.1,95.0,,관측값,data/raw/kma/stage4_surface_marine_smoke_20260827_032220/raw_responses/sea_obs/sea_obs_2026082701.txt,기상청 APIHub 해양기상 종합관측,2026-08-27T03:22:20+09:00
B,해양기상부이,2026-08-27 01:30,22186,부안,125.8139,35.6586,0.4,10,2.9,3.5,29.0,28.1,1007.2,82.0,,관측값,data/raw/kma/stage4_surface_marine_smoke_20260827_032220/raw_responses/sea_obs/sea_obs_2026082701.txt,기상청 APIHub 해양기상 종합관측,2026-08-27T03:22:20+09:00
B,해양기상부이,2026-08-27 01:30,22187,서귀포,127.0228,33.1281,3.0,105,4.6,7.0,28.8,29.7,1006.3,84.0,,관측값,data/raw/kma/stage4_surface_marine_smoke_20260827_032220/raw_responses/sea_obs/sea_obs_2026082701.txt,기상청 APIHub 해양기상 종합관측,2026-08-27T03:22:20+09:00
B,해양기상부이,2026-08-27 01:30,22188,통영,128.225,34.3917,1.1,157,2.4,3.4,30.1,29.4,1006.9,86.0,,관측값,data/raw/kma/stage4_surface_marine_smoke_20260827_032220/raw_responses/sea_obs/sea_obs_2026082701.txt,기상청 APIHub 해양기상 종합관측,2026-08-27T03:22:20+09:00
B,해양기상부이,2026-08-27 01:30,22189,울산,129.8414,35.3453,0.5,358,5.6,7.3,29.9,28.2,1007.3,92.0,,관측값,data/raw/kma/stage4_surface_marine_smoke_20260827_032220/raw_responses/sea_obs/sea_obs_2026082701.txt,기상청 APIHub 해양기상 종합관측,2026-08-27T03:22:20+09:00
B,해양기상부이,2026-08-27 01:30,22190,울진,129.8744,36.9069,0.9,352,3.9,4.8,28.4,26.1,1007.6,89.0,,관측값,data/raw/kma/stage4_surface_marine_smoke_20260827_032220/raw_responses/sea_obs/sea_obs_2026082701.txt,기상청 APIHub 해양기상 종합관측,2026-08-27T03:22:20+09:00
B,해양기상부이,2026-08-27 01:50,22191,서해170,124.05694,36.13333,0.8,313,2.1,2.8,29.2,27.7,1007.7,85.0,,관측값,data/raw/kma/stage4_surface_marine_smoke_20260827_032220/raw_responses/sea_obs/sea_obs_2026082701.txt,기상청 APIHub 해양기상 종합관측,2026-08-27T03:22:20+09:00
B,해양기상부이,2026-08-27 01:50,22192,서해206,123.2625,34.0,1.5,84,5.0,6.1,28.5,28.6,1007.5,91.0,0000000000000000001,관측값,data/raw/kma/stage4_surface_marine_smoke_20260827_032220/raw_responses/sea_obs/sea_obs_2026082701.txt,기상청 APIHub 해양기상 종합관측,2026-08-27T03:22:20+09:00
B,해양기상부이,2026-08-27 01:50,22193,서해143,124.0167,37.5,0.6,211,5.3,6.5,28.3,27.6,1007.9,93.0,,관측값,data/raw/kma/stage4_surface_marine_smoke_20260827_032220/raw_responses/sea_obs/sea_obs_2026082701.txt,기상청 APIHub 해양기상 종합관측,2026-08-27T03:22:20+09:00
B,해양기상부이,2026-08-27 01:30,22297,가거도,125.214722,34.0275,2.5,64,4.1,5.3,29.6,28.5,1006.8,82.0,,관측값,data/raw/kma/stage4_surface_marine_smoke_20260827_032220/raw_responses/sea_obs/sea_obs_2026082701.txt,기상청 APIHub 해양기상 종합관측,2026-08-27T03:22:20+09:00
B,해양기상부이,2026-08-27 01:30,22298,홍도,125.245556,34.746667,0.9,28,3.7,4.8,29.7,28.7,1007.4,86.0,,관측값,data/raw/kma/stage4_surface_marine_smoke_20260827_032220/raw_responses/sea_obs/sea_obs_2026082701.txt,기상청 APIHub 해양기상 종합관측,2026-08-27T03:22:20+09:00
B,해양기상부이,2026-08-27 01:50,22299,서해190,124.13,35.0,1.6,64,2.6,3.3,29.4,28.6,1007.9,81.0,,관측값,data/raw/kma/stage4_surface_marine_smoke_20260827_032220/raw_responses/sea_obs/sea_obs_2026082701.txt,기상청 APIHub 해양기상 종합관측,2026-08-27T03:22:20+09:00
B,해양기상부이,2026-08-27 01:30,22300,남해239,124.73,32.83,3.2,60,7.0,9.4,28.1,29.0,1005.8,88.0,0001110000000000000,관측값,data/raw/kma/stage4_surface_marine_smoke_20260827_032220/raw_responses/sea_obs/sea_obs_2026082701.txt,기상청 APIHub 해양기상 종합관측,2026-08-27T03:22:20+09:00
B,해양기상부이,2026-08-27 01:50,22301,남해465,126.4,31.666667,4.8,95,12.5,15.8,27.9,28.7,1002.7,90.0,,관측값,data/raw/kma/stage4_surface_marine_smoke_20260827_032220/raw_responses/sea_obs/sea_obs_2026082701.txt,기상청 APIHub 해양기상 종합관측,2026-08-27T03:22:20+09:00
B,해양기상부이,2026-08-27 01:50,22302,동해78,130.516667,36.966667,0.7,340,0.9,1.9,28.6,28.0,1007.7,95.0,,관측값,data/raw/kma/stage4_surface_marine_smoke_20260827_032220/raw_responses/sea_obs/sea_obs_2026082701.txt,기상청 APIHub 해양기상 종합관측,2026-08-27T03:22:20+09:00
B,해양기상부이,2026-08-27 01:30,22303,풍도,126.41,37.15833,0.2,334,3.3,4.2,27.1,26.3,1008.0,93.0,,관측값,data/raw/kma/stage4_surface_marine_smoke_20260827_032220/raw_responses/sea_obs/sea_obs_2026082701.txt,기상청 APIHub 해양기상 종합관측,2026-08-27T03:22:20+09:00
B,해양기상부이,2026-08-27 01:50,22304,남해244,127.27222,32.72222,3.1,110,9.3,12.2,29.3,29.3,1005.1,90.0,,관측값,data/raw/kma/stage4_surface_marine_smoke_20260827_032220/raw_responses/sea_obs/sea_obs_2026082701.txt,기상청 APIHub 해양기상 종합관측,2026-08-27T03:22:20+09:00
B,해양기상부이,2026-08-27 01:50,22305,동해57,129.6,38.366667,0.6,186,2.4,3.2,27.0,25.2,1007.8,86.0,,관측값,data/raw/kma/stage4_surface_marine_smoke_20260827_032220/raw_responses/sea_obs/sea_obs_2026082701.txt,기상청 APIHub 해양기상 종합관측,2026-08-27T03:22:20+09:00
B,해양기상부이,2026-08-27 01:50,22309,남해111,128.375,33.775,2.2,161,2.7,3.4,29.2,29.4,1007.2,88.0,,관측값,data/raw/kma/stage4_surface_marine_smoke_20260827_032220/raw_responses/sea_obs/sea_obs_2026082701.txt,기상청 APIHub 해양기상 종합관측,2026-08-27T03:22:20+09:00
B,해양기상부이,2026-08-27 01:30,22310,고성,128.639167,38.31722,0.9,196,3.7,4.7,25.5,25.0,1007.9,91.0,,관측값,data/raw/kma/stage4_surface_marine_smoke_20260827_032220/raw_responses/sea_obs/sea_obs_2026082701.txt,기상청 APIHub 해양기상 종합관측,2026-08-27T03:22:20+09:00
B,해양기상부이,2026-08-27 01:30,22311,삼척,129.31805,37.46389,0.9,15,3.6,4.6,25.3,25.3,1008.0,88.0,,관측값,data/raw/kma/stage4_surface_marine_smoke_20260827_032220/raw_responses/sea_obs/sea_obs_2026082701.txt,기상청 APIHub 해양기상 종합관측,2026-08-27T03:22:20+09:00
B,해양기상부이,2026-08-27 01:50,22446,내파수도,126.24,36.45139,0.2,0,0.1,0.1,26.4,26.3,1007.5,,1110000100000000000,관측값,data/raw/kma/stage4_surface_marine_smoke_20260827_032220/raw_responses/sea_obs/sea_obs_2026082701.txt,기상청 APIHub 해양기상 종합관측,2026-08-27T03:22:20+09:00
B,해양기상부이,2026-08-27 01:50,22485,소매물도,128.538,34.62138889,1.2,,,,,,1007.0,,1111110111000000000,관측값,data/raw/kma/stage4_surface_marine_smoke_20260827_032220/raw_responses/sea_obs/sea_obs_2026082701.txt,기상청 APIHub 해양기상 종합관측,2026-08-27T03:22:20+09:00
B,해양기상부이,2026-08-27 01:50,22489,대치마도,126.0319,35.0175,,,,,26.1,27.1,1006.7,,1111110100111110000,관측값,data/raw/kma/stage4_surface_marine_smoke_20260827_032220/raw_responses/sea_obs/sea_obs_2026082701.txt,기상청 APIHub 해양기상 종합관측,2026-08-27T03:22:20+09:00
B,해양기상부이,2026-08-27 01:50,22493,자은,125.86806,34.91917,0.3,307,2.0,2.0,24.2,24.9,1006.8,,0000000100000000000,관측값,data/raw/kma/stage4_surface_marine_smoke_20260827_032220/raw_responses/sea_obs/sea_obs_2026082701.txt,기상청 APIHub 해양기상 종합관측,2026-08-27T03:22:20+09:00
B,해양기상부이,2026-08-27 01:50,22510,위도동부,126.358611,35.64297,0.2,1,1.7,1.7,28.1,27.5,1007.0,89.0,,관측값,data/raw/kma/stage4_surface_marine_smoke_20260827_032220/raw_responses/sea_obs/sea_obs_2026082701.txt,기상청 APIHub 해양기상 종합관측,2026-08-27T03:22:20+09:00
B,해양기상부이,2026-08-27 01:50,22513,이수도,128.75833333,34.97166667,0.3,16,1.1,1.6,29.3,28.9,1007.1,90.0,,관측값,data/raw/kma/stage4_surface_marine_smoke_20260827_032220/raw_responses/sea_obs/sea_obs_2026082701.txt,기상청 APIHub 해양기상 종합관측,2026-08-27T03:22:20+09:00
B,해양기상부이,2026-08-27 01:50,22515,위미,126.71119,33.22369,,,,,,,,,1111111111111111111,관측행_유효측정없음,data/raw/kma/stage4_surface_marine_smoke_20260827_032220/raw_responses/sea_obs/sea_obs_2026082701.txt,기상청 APIHub 해양기상 종합관측,2026-08-27T03:22:20+09:00
B,해양기상부이,2026-08-27 01:30,22516,신창,126.10888,33.36686,1.1,161,5.2,7.4,29.1,29.8,1006.0,84.0,,관측값,data/raw/kma/stage4_surface_marine_smoke_20260827_032220/raw_responses/sea_obs/sea_obs_2026082701.txt,기상청 APIHub 해양기상 종합관측,2026-08-27T03:22:20+09:00
B,해양기상부이,2026-08-27 01:30,22520,강릉,129.06083,37.79833,0.7,211,4.7,6.3,26.2,24.7,1008.0,83.0,,관측값,data/raw/kma/stage4_surface_marine_smoke_20260827_032220/raw_responses/sea_obs/sea_obs_2026082701.txt,기상청 APIHub 해양기상 종합관측,2026-08-27T03:22:20+09:00
B,해양기상부이,2026-08-27 01:50,22522,연평도,125.64833333,37.61944444,0.4,346,1.7,1.8,26.5,26.7,1008.2,99.0,,관측값,data/raw/kma/stage4_surface_marine_smoke_20260827_032220/raw_responses/sea_obs/sea_obs_2026082701.txt,기상청 APIHub 해양기상 종합관측,2026-08-27T03:22:20+09:00
C,파고부이,2026-08-27 01:30,22441,독도,131.8698,37.2372,0.4,,,,28.5,,,,,관측값,data/raw/kma/stage4_surface_marine_smoke_20260827_032220/raw_responses/sea_obs/sea_obs_2026082701.txt,기상청 APIHub 해양기상 종합관측,2026-08-27T03:22:20+09:00
C,파고부이,2026-08-27 01:30,22442,혈암,130.8538,37.5413,0.6,,,,26.6,,,,,관측값,data/raw/kma/stage4_surface_marine_smoke_20260827_032220/raw_responses/sea_obs/sea_obs_2026082701.txt,기상청 APIHub 해양기상 종합관측,2026-08-27T03:22:20+09:00
C,파고부이,2026-08-27 01:30,22443,구암,130.8045,37.479,0.4,,,,27.9,,,,,관측값,data/raw/kma/stage4_surface_marine_smoke_20260827_032220/raw_responses/sea_obs/sea_obs_2026082701.txt,기상청 APIHub 해양기상 종합관측,2026-08-27T03:22:20+09:00
C,파고부이,2026-08-27 01:30,22444,신진도,126.126,36.6052,0.2,,,,25.1,,,,,관측값,data/raw/kma/stage4_surface_marine_smoke_20260827_032220/raw_responses/sea_obs/sea_obs_2026082701.txt,기상청 APIHub 해양기상 종합관측,2026-08-27T03:22:20+09:00
C,파고부이,2026-08-27 01:30,22445,삽시도,126.3383,36.3712,0.1,,,,25.8,,,,,관측값,data/raw/kma/stage4_surface_marine_smoke_20260827_032220/raw_responses/sea_obs/sea_obs_2026082701.txt,기상청 APIHub 해양기상 종합관측,2026-08-27T03:22:20+09:00
C,파고부이,2026-08-27 01:30,22449,진도,126.0615,34.4358,0.2,,,,23.2,,,,,관측값,data/raw/kma/stage4_surface_marine_smoke_20260827_032220/raw_responses/sea_obs/sea_obs_2026082701.txt,기상청 APIHub 해양기상 종합관측,2026-08-27T03:22:20+09:00
C,파고부이,2026-08-27 01:30,22450,두미도,128.1497,34.71,0.7,,,,29.5,,,,,관측값,data/raw/kma/stage4_surface_marine_smoke_20260827_032220/raw_responses/sea_obs/sea_obs_2026082701.txt,기상청 APIHub 해양기상 종합관측,2026-08-27T03:22:20+09:00
C,파고부이,2026-08-27 01:30,22451,연곡,128.8853,37.8673,0.7,,,,26.2,,,,,관측값,data/raw/kma/stage4_surface_marine_smoke_20260827_032220/raw_responses/sea_obs/sea_obs_2026082701.txt,기상청 APIHub 해양기상 종합관측,2026-08-27T03:22:20+09:00
C,파고부이,2026-08-27 01:30,22454,장안,129.2887,35.2975,0.3,,,,27.1,,,,,관측값,data/raw/kma/stage4_surface_marine_smoke_20260827_032220/raw_responses/sea_obs/sea_obs_2026082701.txt,기상청 APIHub 해양기상 종합관측,2026-08-27T03:22:20+09:00
C,파고부이,2026-08-27 01:30,22455,해금강,128.6913,34.7353,0.6,,,,27.8,,,,,관측값,data/raw/kma/stage4_surface_marine_smoke_20260827_032220/raw_responses/sea_obs/sea_obs_2026082701.txt,기상청 APIHub 해양기상 종합관측,2026-08-27T03:22:20+09:00
C,파고부이,2026-08-27 01:30,22456,청산도,126.7447,34.1373,1.2,,,,27.0,,,,,관측값,data/raw/kma/stage4_surface_marine_smoke_20260827_032220/raw_responses/sea_obs/sea_obs_2026082701.txt,기상청 APIHub 해양기상 종합관측,2026-08-27T03:22:20+09:00
C,파고부이,2026-08-27 01:46,22457,제주항,126.4938,33.525,,,,,28.2,,,,11110,관측값,data/raw/kma/stage4_surface_marine_smoke_20260827_032220/raw_responses/sea_obs/sea_obs_2026082701.txt,기상청 APIHub 해양기상 종합관측,2026-08-27T03:22:20+09:00
C,파고부이,2026-08-27 01:30,22458,중문,126.3933,33.2255,2.4,,,,29.1,,,,,관측값,data/raw/kma/stage4_surface_marine_smoke_20260827_032220/raw_responses/sea_obs/sea_obs_2026082701.txt,기상청 APIHub 해양기상 종합관측,2026-08-27T03:22:20+09:00
C,파고부이,2026-08-27 01:30,22459,오륙도,129.1282,35.0945,0.4,,,,26.3,,,,,관측값,data/raw/kma/stage4_surface_marine_smoke_20260827_032220/raw_responses/sea_obs/sea_obs_2026082701.txt,기상청 APIHub 해양기상 종합관측,2026-08-27T03:22:20+09:00
C,파고부이,2026-08-27 01:30,22460,다대포,128.9553,35.021,0.3,,,,29.0,,,,,관측값,data/raw/kma/stage4_surface_marine_smoke_20260827_032220/raw_responses/sea_obs/sea_obs_2026082701.txt,기상청 APIHub 해양기상 종합관측,2026-08-27T03:22:20+09:00
C,파고부이,2026-08-27 01:30,22461,이작도,126.2068,37.1652,0.1,,,,25.2,,,,,관측값,data/raw/kma/stage4_surface_marine_smoke_20260827_032220/raw_responses/sea_obs/sea_obs_2026082701.txt,기상청 APIHub 해양기상 종합관측,2026-08-27T03:22:20+09:00
C,파고부이,2026-08-27 01:30,22464,울릉읍,130.9002,37.4713,0.3,,,,27.8,,,,,관측값,data/raw/kma/stage4_surface_marine_smoke_20260827_032220/raw_responses/sea_obs/sea_obs_2026082701.txt,기상청 APIHub 해양기상 종합관측,2026-08-27T03:22:20+09:00
C,파고부이,2026-08-27 01:30,22465,후포,129.4878,36.7192,0.6,,,,24.9,,,,,관측값,data/raw/kma/stage4_surface_marine_smoke_20260827_032220/raw_responses/sea_obs/sea_obs_2026082701.txt,기상청 APIHub 해양기상 종합관측,2026-08-27T03:22:20+09:00
C,파고부이,2026-08-27 01:30,22466,금오도,127.7765,34.5667,0.4,,,,29.2,,,,,관측값,data/raw/kma/stage4_surface_marine_smoke_20260827_032220/raw_responses/sea_obs/sea_obs_2026082701.txt,기상청 APIHub 해양기상 종합관측,2026-08-27T03:22:20+09:00
C,파고부이,2026-08-27 01:30,22467,한산도,128.4957,34.7062,0.6,,,,28.4,,,,,관측값,data/raw/kma/stage4_surface_marine_smoke_20260827_032220/raw_responses/sea_obs/sea_obs_2026082701.txt,기상청 APIHub 해양기상 종합관측,2026-08-27T03:22:20+09:00
C,파고부이,2026-08-27 01:30,22468,추자도,126.2785,33.9735,0.3,,,,26.3,,,,,관측값,data/raw/kma/stage4_surface_marine_smoke_20260827_032220/raw_responses/sea_obs/sea_obs_2026082701.txt,기상청 APIHub 해양기상 종합관측,2026-08-27T03:22:20+09:00
C,파고부이,2026-08-27 01:30,22469,우도,126.9667,33.5222,0.7,,,,27.6,,,,,관측값,data/raw/kma/stage4_surface_marine_smoke_20260827_032220/raw_responses/sea_obs/sea_obs_2026082701.txt,기상청 APIHub 해양기상 종합관측,2026-08-27T03:22:20+09:00
C,파고부이,2026-08-27 01:30,22471,토성,128.5757,38.2768,0.7,,,,26.1,,,,,관측값,data/raw/kma/stage4_surface_marine_smoke_20260827_032220/raw_responses/sea_obs/sea_obs_2026082701.txt,기상청 APIHub 해양기상 종합관측,2026-08-27T03:22:20+09:00
C,파고부이,2026-08-27 01:30,22472,자월도,126.158,37.3045,0.1,,,,25.3,,,,,관측값,data/raw/kma/stage4_surface_marine_smoke_20260827_032220/raw_responses/sea_obs/sea_obs_2026082701.txt,기상청 APIHub 해양기상 종합관측,2026-08-27T03:22:20+09:00
C,파고부이,2026-08-27 01:30,22473,서천,126.3328,36.1675,0.3,,,,26.8,,,,,관측값,data/raw/kma/stage4_surface_marine_smoke_20260827_032220/raw_responses/sea_obs/sea_obs_2026082701.txt,기상청 APIHub 해양기상 종합관측,2026-08-27T03:22:20+09:00
C,파고부이,2026-08-27 01:30,22474,군산,126.4258,35.888,0.2,,,,27.5,,,,,관측값,data/raw/kma/stage4_surface_marine_smoke_20260827_032220/raw_responses/sea_obs/sea_obs_2026082701.txt,기상청 APIHub 해양기상 종합관측,2026-08-27T03:22:20+09:00
C,파고부이,2026-08-27 01:30,22475,영광,126.1765,35.4358,0.2,,,,28.6,,,,00000,관측값,data/raw/kma/stage4_surface_marine_smoke_20260827_032220/raw_responses/sea_obs/sea_obs_2026082701.txt,기상청 APIHub 해양기상 종합관측,2026-08-27T03:22:20+09:00
C,파고부이,2026-08-27 01:30,22476,가파도,126.2638,33.1623,1.8,,,,28.6,,,,,관측값,data/raw/kma/stage4_surface_marine_smoke_20260827_032220/raw_responses/sea_obs/sea_obs_2026082701.txt,기상청 APIHub 해양기상 종합관측,2026-08-27T03:22:20+09:00
C,파고부이,2026-08-27 01:30,22477,노화도,126.4915,34.2413,0.2,,,,26.2,,,,,관측값,data/raw/kma/stage4_surface_marine_smoke_20260827_032220/raw_responses/sea_obs/sea_obs_2026082701.txt,기상청 APIHub 해양기상 종합관측,2026-08-27T03:22:20+09:00
C,파고부이,2026-08-27 01:30,22478,고흥,127.1788,34.3752,0.8,,,,28.4,,,,,관측값,data/raw/kma/stage4_surface_marine_smoke_20260827_032220/raw_responses/sea_obs/sea_obs_2026082701.txt,기상청 APIHub 해양기상 종합관측,2026-08-27T03:22:20+09:00
C,파고부이,2026-08-27 01:30,22479,맹방,129.2295,37.4013,0.7,,,,25.3,,,,,관측값,data/raw/kma/stage4_surface_marine_smoke_20260827_032220/raw_responses/sea_obs/sea_obs_2026082701.txt,기상청 APIHub 해양기상 종합관측,2026-08-27T03:22:20+09:00
C,파고부이,2026-08-27 01:30,22481,맹골수도,125.9547,34.2263,0.5,,,,22.5,,,,,관측값,data/raw/kma/stage4_surface_marine_smoke_20260827_032220/raw_responses/sea_obs/sea_obs_2026082701.txt,기상청 APIHub 해양기상 종합관측,2026-08-27T03:22:20+09:00
C,파고부이,2026-08-27 01:30,22483,간절곶,129.375,35.3667,0.4,,,,27.3,,,,,관측값,data/raw/kma/stage4_surface_marine_smoke_20260827_032220/raw_responses/sea_obs/sea_obs_2026082701.txt,기상청 APIHub 해양기상 종합관측,2026-08-27T03:22:20+09:00
C,파고부이,2026-08-27 01:30,22484,잠도,128.6807,35.0578,0.1,,,,29.2,,,,,관측값,data/raw/kma/stage4_surface_marine_smoke_20260827_032220/raw_responses/sea_obs/sea_obs_2026082701.txt,기상청 APIHub 해양기상 종합관측,2026-08-27T03:22:20+09:00
C,파고부이,2024-02-07 12:30,22485,소매물도,128.5383,34.621,0.4,,,,12.7,,,,,관측값,data/raw/kma/stage4_marine_long_term_20240101/raw_responses/sea_obs/sea_obs_2024020712.txt,기상청 APIHub 해양기상 종합관측,2026-08-28T12:38:57+09:00
C,파고부이,2026-08-27 01:30,22486,협재,126.2092,33.4005,0.4,,,,27.9,,,,,관측값,data/raw/kma/stage4_surface_marine_smoke_20260827_032220/raw_responses/sea_obs/sea_obs_2026082701.txt,기상청 APIHub 해양기상 종합관측,2026-08-27T03:22:20+09:00
C,파고부이,2026-08-27 01:30,22487,천수만,126.4393,36.4675,0.1,,,,28.8,,,,,관측값,data/raw/kma/stage4_surface_marine_smoke_20260827_032220/raw_responses/sea_obs/sea_obs_2026082701.txt,기상청 APIHub 해양기상 종합관측,2026-08-27T03:22:20+09:00
C,파고부이,2026-08-27 01:30,22488,안면도,126.298,36.5368,0.2,,,,27.0,,,,,관측값,data/raw/kma/stage4_surface_marine_smoke_20260827_032220/raw_responses/sea_obs/sea_obs_2026082701.txt,기상청 APIHub 해양기상 종합관측,2026-08-27T03:22:20+09:00
C,파고부이,2024-02-07 12:30,22489,대치마도,126.032,35.0177,1.0,,,,5.5,,,,,관측값,data/raw/kma/stage4_marine_long_term_20240101/raw_responses/sea_obs/sea_obs_2024020712.txt,기상청 APIHub 해양기상 종합관측,2026-08-28T12:38:57+09:00
C,파고부이,2026-08-27 01:30,22490,월포,129.401,36.216,0.6,,,,24.2,,,,,관측값,data/raw/kma/stage4_surface_marine_smoke_20260827_032220/raw_responses/sea_obs/sea_obs_2026082701.txt,기상청 APIHub 해양기상 종합관측,2026-08-27T03:22:20+09:00
C,파고부이,2026-08-27 01:30,22491,김녕,126.764,33.5817,0.5,,,,27.3,,,,,관측값,data/raw/kma/stage4_surface_marine_smoke_20260827_032220/raw_responses/sea_obs/sea_obs_2026082701.txt,기상청 APIHub 해양기상 종합관측,2026-08-27T03:22:20+09:00
C,파고부이,2026-08-27 01:30,22492,비안도,126.3522,35.7402,0.2,,,,27.1,,,,,관측값,data/raw/kma/stage4_surface_marine_smoke_20260827_032220/raw_responses/sea_obs/sea_obs_2026082701.txt,기상청 APIHub 해양기상 종합관측,2026-08-27T03:22:20+09:00
C,파고부이,2024-02-07 12:30,22493,자은,125.8682,34.9195,1.1,,,,5.7,,,,,관측값,data/raw/kma/stage4_marine_long_term_20240101/raw_responses/sea_obs/sea_obs_2024020712.txt,기상청 APIHub 해양기상 종합관측,2026-08-28T12:38:57+09:00
C,파고부이,2026-08-27 01:30,22494,낙월,126.2102,35.2005,0.1,,,,28.1,,,,,관측값,data/raw/kma/stage4_surface_marine_smoke_20260827_032220/raw_responses/sea_obs/sea_obs_2026082701.txt,기상청 APIHub 해양기상 종합관측,2026-08-27T03:22:20+09:00
C,파고부이,2026-08-27 01:30,22495,신산,126.906,33.3777,2.8,,,,29.4,,,,,관측값,data/raw/kma/stage4_surface_marine_smoke_20260827_032220/raw_responses/sea_obs/sea_obs_2026082701.txt,기상청 APIHub 해양기상 종합관측,2026-08-27T03:22:20+09:00
C,파고부이,2026-08-27 01:30,22496,장봉도,126.3533,37.4905,0.1,,,,27.3,,,,,관측값,data/raw/kma/stage4_surface_marine_smoke_20260827_032220/raw_responses/sea_obs/sea_obs_2026082701.txt,기상청 APIHub 해양기상 종합관측,2026-08-27T03:22:20+09:00
C,파고부이,2026-08-27 01:30,22497,변산,126.4592,35.6592,0.1,,,,25.7,,,,,관측값,data/raw/kma/stage4_surface_marine_smoke_20260827_032220/raw_responses/sea_obs/sea_obs_2026082701.txt,기상청 APIHub 해양기상 종합관측,2026-08-27T03:22:20+09:00
C,파고부이,2026-08-27 01:30,22498,남해,127.9925,34.6963,0.9,,,,29.1,,,,,관측값,data/raw/kma/stage4_surface_marine_smoke_20260827_032220/raw_responses/sea_obs/sea_obs_2026082701.txt,기상청 APIHub 해양기상 종합관측,2026-08-27T03:22:20+09:00
C,파고부이,2026-08-27 01:30,22499,연화도,128.3662,34.673,0.4,,,,27.6,,,,,관측값,data/raw/kma/stage4_surface_marine_smoke_20260827_032220/raw_responses/sea_obs/sea_obs_2026082701.txt,기상청 APIHub 해양기상 종합관측,2026-08-27T03:22:20+09:00
C,파고부이,2026-08-27 01:30,22500,조도,126.114,34.2862,0.2,,,,22.8,,,,,관측값,data/raw/kma/stage4_surface_marine_smoke_20260827_032220/raw_responses/sea_obs/sea_obs_2026082701.txt,기상청 APIHub 해양기상 종합관측,2026-08-27T03:22:20+09:00
C,파고부이,2026-08-27 01:30,22501,사량도,128.1398,34.8607,0.2,,,,30.4,,,,,관측값,data/raw/kma/stage4_surface_marine_smoke_20260827_032220/raw_responses/sea_obs/sea_obs_2026082701.txt,기상청 APIHub 해양기상 종합관측,2026-08-27T03:22:20+09:00
C,파고부이,2026-08-27 01:30,22502,나로도,127.5898,34.4322,1.4,,,,28.5,,,,,관측값,data/raw/kma/stage4_surface_marine_smoke_20260827_032220/raw_responses/sea_obs/sea_obs_2026082701.txt,기상청 APIHub 해양기상 종합관측,2026-08-27T03:22:20+09:00
C,파고부이,2026-08-27 01:30,22503,불무도,126.1737,34.318,0.3,,,,25.7,,,,,관측값,data/raw/kma/stage4_surface_marine_smoke_20260827_032220/raw_responses/sea_obs/sea_obs_2026082701.txt,기상청 APIHub 해양기상 종합관측,2026-08-27T03:22:20+09:00
C,파고부이,2026-08-27 01:30,22504,위도,126.261,35.6583,0.3,,,,26.5,,,,,관측값,data/raw/kma/stage4_surface_marine_smoke_20260827_032220/raw_responses/sea_obs/sea_obs_2026082701.txt,기상청 APIHub 해양기상 종합관측,2026-08-27T03:22:20+09:00
C,파고부이,2026-08-27 01:30,22505,영락,126.1945,33.2388,1.0,,,,29.0,,,,,관측값,data/raw/kma/stage4_surface_marine_smoke_20260827_032220/raw_responses/sea_obs/sea_obs_2026082701.txt,기상청 APIHub 해양기상 종합관측,2026-08-27T03:22:20+09:00
C,파고부이,2024-02-07 12:30,22506,울릉서부,130.5013,37.4487,0.7,,,,12.2,,,,,관측값,data/raw/kma/stage4_marine_long_term_20240101/raw_responses/sea_obs/sea_obs_2024020712.txt,기상청 APIHub 해양기상 종합관측,2026-08-28T12:38:57+09:00
C,파고부이,2026-08-27 01:30,22507,초도,127.2185,34.151,1.4,,,,29.2,,,,,관측값,data/raw/kma/stage4_surface_marine_smoke_20260827_032220/raw_responses/sea_obs/sea_obs_2026082701.txt,기상청 APIHub 해양기상 종합관측,2026-08-27T03:22:20+09:00
C,파고부이,2026-08-27 01:30,22509,장안퇴,126.2837,37.034,0.2,,,,23.8,,,,,관측값,data/raw/kma/stage4_surface_marine_smoke_20260827_032220/raw_responses/sea_obs/sea_obs_2026082701.txt,기상청 APIHub 해양기상 종합관측,2026-08-27T03:22:20+09:00
C,파고부이,2024-02-07 12:30,22510,위도동부,126.3585,35.643,0.8,,,,5.6,,,,,관측값,data/raw/kma/stage4_marine_long_term_20240101/raw_responses/sea_obs/sea_obs_2024020712.txt,기상청 APIHub 해양기상 종합관측,2026-08-28T12:38:57+09:00
C,파고부이,2026-08-27 01:30,22511,기장,129.2632,35.2208,0.5,,,,27.7,,,,,관측값,data/raw/kma/stage4_surface_marine_smoke_20260827_032220/raw_responses/sea_obs/sea_obs_2026082701.txt,기상청 APIHub 해양기상 종합관측,2026-08-27T03:22:20+09:00
C,파고부이,2024-02-07 12:30,22512,지심도,128.7737,34.8327,,,,,,,,,11111,관측행_유효측정없음,data/raw/kma/stage4_marine_long_term_20240101/raw_responses/sea_obs/sea_obs_2024020712.txt,기상청 APIHub 해양기상 종합관측,2026-08-28T12:38:57+09:00
C,파고부이,2024-02-07 12:30,22513,이수도,128.7582,34.9713,0.3,,,,10.9,,,,,관측값,data/raw/kma/stage4_marine_long_term_20240101/raw_responses/sea_obs/sea_obs_2024020712.txt,기상청 APIHub 해양기상 종합관측,2026-08-28T12:38:57+09:00
C,파고부이,2024-02-07 12:30,22514,구엄,126.3755,33.521,1.0,,,,15.7,,,,,관측값,data/raw/kma/stage4_marine_long_term_20240101/raw_responses/sea_obs/sea_obs_2024020712.txt,기상청 APIHub 해양기상 종합관측,2026-08-28T12:38:57+09:00
C,파고부이,2024-02-07 12:30,22515,위미,126.7123,33.2245,0.5,,,,15.4,,,,,관측값,data/raw/kma/stage4_marine_long_term_20240101/raw_responses/sea_obs/sea_obs_2024020712.txt,기상청 APIHub 해양기상 종합관측,2026-08-28T12:38:57+09:00
C,파고부이,2024-02-07 12:30,22516,신창,126.1097,33.3675,1.2,,,,15.6,,,,,관측값,data/raw/kma/stage4_marine_long_term_20240101/raw_responses/sea_obs/sea_obs_2024020712.txt,기상청 APIHub 해양기상 종합관측,2026-08-28T12:38:57+09:00
C,파고부이,2026-08-27 01:30,22517,하도,126.9282,33.5617,0.9,,,,29.3,,,,,관측값,data/raw/kma/stage4_surface_marine_smoke_20260827_032220/raw_responses/sea_obs/sea_obs_2026082701.txt,기상청 APIHub 해양기상 종합관측,2026-08-27T03:22:20+09:00
C,파고부이,2026-08-27 01:30,22518,당사,129.503,35.5783,0.7,,,,27.6,,,,,관측값,data/raw/kma/stage4_surface_marine_smoke_20260827_032220/raw_responses/sea_obs/sea_obs_2026082701.txt,기상청 APIHub 해양기상 종합관측,2026-08-27T03:22:20+09:00
C,파고부이,2024-02-07 12:30,22520,강릉,129.4365,37.5415,,,,,,,,,11111,관측행_유효측정없음,data/raw/kma/stage4_marine_long_term_20240101/raw_responses/sea_obs/sea_obs_2024020712.txt,기상청 APIHub 해양기상 종합관측,2026-08-28T12:38:57+09:00
C,파고부이,2024-02-07 12:30,22522,연평도,125.6485,37.6193,0.3,,,,2.0,,,,,관측값,data/raw/kma/stage4_marine_long_term_20240101/raw_responses/sea_obs/sea_obs_2024020712.txt,기상청 APIHub 해양기상 종합관측,2026-08-28T12:38:57+09:00
C,파고부이,2024-02-07 12:30,22523,죽변,129.4597,37.1038,1.4,,,,11.2,,,,,관측값,data/raw/kma/stage4_marine_long_term_20240101/raw_responses/sea_obs/sea_obs_2024020712.txt,기상청 APIHub 해양기상 종합관측,2026-08-28T12:38:57+09:00
C,파고부이,2026-08-27 01:30,22524,구룡포,129.6003,35.9675,0.5,,,,26.0,,,,,관측값,data/raw/kma/stage4_surface_marine_smoke_20260827_032220/raw_responses/sea_obs/sea_obs_2026082701.txt,기상청 APIHub 해양기상 종합관측,2026-08-27T03:22:20+09:00
C,파고부이,2026-08-27 01:30,22525,볼음도,126.1343,37.6125,0.1,,,,26.9,,,,,관측값,data/raw/kma/stage4_surface_marine_smoke_20260827_032220/raw_responses/sea_obs/sea_obs_2026082701.txt,기상청 APIHub 해양기상 종합관측,2026-08-27T03:22:20+09:00
C,파고부이,2026-08-27 01:30,22526,녹도,126.2075,36.2642,0.2,,,,25.7,,,,,관측값,data/raw/kma/stage4_surface_marine_smoke_20260827_032220/raw_responses/sea_obs/sea_obs_2026082701.txt,기상청 APIHub 해양기상 종합관측,2026-08-27T03:22:20+09:00
C,파고부이,2026-08-27 01:30,22527,슬도,126.139,34.242,0.5,,,,24.6,,,,,관측값,data/raw/kma/stage4_surface_marine_smoke_20260827_032220/raw_responses/sea_obs/sea_obs_2026082701.txt,기상청 APIHub 해양기상 종합관측,2026-08-27T03:22:20+09:00
D,표류부이,2026-08-27 01:30,21715,표류26012,123.79708,34.33873,0.0,,,,29.5,,1006.0,,,관측값,data/raw/kma/stage4_surface_marine_smoke_20260827_032220/raw_responses/sea_obs/sea_obs_2026082701.txt,기상청 APIHub 해양기상 종합관측,2026-08-27T03:22:20+09:00
D,표류부이,2026-08-27 01:30,21716,표류26013,123.90303,34.88225,0.0,,,,29.6,,1007.2,,,관측값,data/raw/kma/stage4_surface_marine_smoke_20260827_032220/raw_responses/sea_obs/sea_obs_2026082701.txt,기상청 APIHub 해양기상 종합관측,2026-08-27T03:22:20+09:00
D,표류부이,2026-08-27 01:30,21719,표류26016,125.00361,34.00222,0.0,,,,29.3,,1006.3,,,관측값,data/raw/kma/stage4_surface_marine_smoke_20260827_032220/raw_responses/sea_obs/sea_obs_2026082701.txt,기상청 APIHub 해양기상 종합관측,2026-08-27T03:22:20+09:00
D,표류부이,2026-08-27 01:30,21720,표류26017,139.2853,16.53565,0.0,,,,29.5,,1009.3,,,관측값,data/raw/kma/stage4_surface_marine_smoke_20260827_032220/raw_responses/sea_obs/sea_obs_2026082701.txt,기상청 APIHub 해양기상 종합관측,2026-08-27T03:22:20+09:00
D,표류부이,2026-08-27 01:30,21721,표류26018,130.25265,13.67061,0.0,,,,29.3,,1010.1,,,관측값,data/raw/kma/stage4_surface_marine_smoke_20260827_032220/raw_responses/sea_obs/sea_obs_2026082701.txt,기상청 APIHub 해양기상 종합관측,2026-08-27T03:22:20+09:00
D,표류부이,2026-08-27 01:30,21723,표류26020,136.2808,18.75791,0.0,,,,29.7,,1007.5,,,관측값,data/raw/kma/stage4_surface_marine_smoke_20260827_032220/raw_responses/sea_obs/sea_obs_2026082701.txt,기상청 APIHub 해양기상 종합관측,2026-08-27T03:22:20+09:00
D,표류부이,2026-08-27 01:30,21724,표류26021,134.93251,19.36739,0.0,,,,29.5,,1007.2,,,관측값,data/raw/kma/stage4_surface_marine_smoke_20260827_032220/raw_responses/sea_obs/sea_obs_2026082701.txt,기상청 APIHub 해양기상 종합관측,2026-08-27T03:22:20+09:00
D,표류부이,2026-08-27 01:30,21725,표류26022,128.85197,19.06495,0.0,,,,29.3,,1007.8,,,관측값,data/raw/kma/stage4_surface_marine_smoke_20260827_032220/raw_responses/sea_obs/sea_obs_2026082701.txt,기상청 APIHub 해양기상 종합관측,2026-08-27T03:22:20+09:00
D,표류부이,2026-08-27 01:30,21726,표류26023,133.30308,15.10616,0.0,,,,29.3,,1009.0,,,관측값,data/raw/kma/stage4_surface_marine_smoke_20260827_032220/raw_responses/sea_obs/sea_obs_2026082701.txt,기상청 APIHub 해양기상 종합관측,2026-08-27T03:22:20+09:00
D,표류부이,2026-08-27 01:00,21727,표류26024,127.4122,19.60992,0.0,,,,29.5,,1006.9,,,관측값,data/raw/kma/stage4_surface_marine_smoke_20260827_032220/raw_responses/sea_obs/sea_obs_2026082701.txt,기상청 APIHub 해양기상 종합관측,2026-08-27T03:22:20+09:00
D,표류부이,2026-08-27 01:00,21730,표류26026,132.85398,16.3571,0.0,,,,29.1,,1009.0,,,관측값,data/raw/kma/stage4_surface_marine_smoke_20260827_032220/raw_responses/sea_obs/sea_obs_2026082701.txt,기상청 APIHub 해양기상 종합관측,2026-08-27T03:22:20+09:00
D,표류부이,2026-08-27 01:00,22604,표류25019,153.08276,19.7066,0.0,,,,30.0,,1009.7,,,관측값,data/raw/kma/stage4_surface_marine_smoke_20260827_032220/raw_responses/sea_obs/sea_obs_2026082701.txt,기상청 APIHub 해양기상 종합관측,2026-08-27T03:22:20+09:00
D,표류부이,2024-02-03 22:30,22684,표류23007,138.00038,28.23244,1.2,,,,21.1,,1013.3,,,관측값,data/raw/kma/stage4_marine_long_term_20240101/raw_responses/sea_obs/sea_obs_2024020322.txt,기상청 APIHub 해양기상 종합관측,2026-08-28T12:38:08+09:00
D,표류부이,2024-01-13 11:30,22948,표류23012,141.35195,32.66258,0.0,,,,19.5,,988.4,,,관측값,data/raw/kma/stage4_marine_long_term_20240101/raw_responses/sea_obs/sea_obs_2024011311.txt,기상청 APIHub 해양기상 종합관측,2026-08-27T03:59:37+09:00
D,표류부이,2024-01-18 19:30,22949,표류23013,106.90026,9.04182,0.0,,,,25.4,,1008.3,,,관측값,data/raw/kma/stage4_marine_long_term_20240101/raw_responses/sea_obs/sea_obs_2024011819.txt,기상청 APIHub 해양기상 종합관측,2026-08-27T04:01:10+09:00
D,표류부이,2024-01-12 04:30,22951,표류23014,125.21422,24.83942,0.0,,,,19.4,,1018.5,,,관측값,data/raw/kma/stage4_marine_long_term_20240101/raw_responses/sea_obs/sea_obs_2024011204.txt,기상청 APIHub 해양기상 종합관측,2026-08-27T03:59:17+09:00
D,표류부이,2024-01-10 00:30,22952,표류23015,135.05223,30.42287,0.0,,,,21.8,,989.0,,,관측값,data/raw/kma/stage4_marine_long_term_20240101/raw_responses/sea_obs/sea_obs_2024011000.txt,기상청 APIHub 해양기상 종합관측,2026-08-27T03:58:42+09:00
F,연안방재,2026-08-27 01:59,33001,대산,126.3625,37.0275,,0,0.0,0.0,,,,,,관측값,data/raw/kma/stage4_surface_marine_smoke_20260827_032220/raw_responses/sea_obs/sea_obs_2026082701.txt,기상청 APIHub 해양기상 종합관측,2026-08-27T03:22:20+09:00
F,연안방재,2024-02-07 12:59,33002,죽도,126.53792,36.27511,,294,3.9,4.3,,,,,,관측값,data/raw/kma/stage4_marine_long_term_20240101/raw_responses/sea_obs/sea_obs_2024020712.txt,기상청 APIHub 해양기상 종합관측,2026-08-28T12:38:57+09:00
F,연안방재,2026-08-27 01:59,33003,말도,126.31797,35.85391,,0,0.0,0.0,,,,,,관측값,data/raw/kma/stage4_surface_marine_smoke_20260827_032220/raw_responses/sea_obs/sea_obs_2026082701.txt,기상청 APIHub 해양기상 종합관측,2026-08-27T03:22:20+09:00
F,연안방재,2026-08-27 01:59,33004,격포,126.46304,35.61902,,112,1.2,1.4,,,,,,관측값,data/raw/kma/stage4_surface_marine_smoke_20260827_032220/raw_responses/sea_obs/sea_obs_2026082701.txt,기상청 APIHub 해양기상 종합관측,2026-08-27T03:22:20+09:00
F,연안방재,2026-08-27 01:59,33006,지산,126.1184,34.44957,,94,1.4,1.6,,,,,,관측값,data/raw/kma/stage4_surface_marine_smoke_20260827_032220/raw_responses/sea_obs/sea_obs_2026082701.txt,기상청 APIHub 해양기상 종합관측,2026-08-27T03:22:20+09:00
F,연안방재,2026-08-27 01:59,33008,영덕,129.38274,36.33874,,0,0.0,0.0,,,,,,관측값,data/raw/kma/stage4_surface_marine_smoke_20260827_032220/raw_responses/sea_obs/sea_obs_2026082701.txt,기상청 APIHub 해양기상 종합관측,2026-08-27T03:22:20+09:00
F,연안방재,2026-08-27 01:59,33009,통영,128.4048,34.76516,,47,0.7,1.2,,,,,,관측값,data/raw/kma/stage4_surface_marine_smoke_20260827_032220/raw_responses/sea_obs/sea_obs_2026082701.txt,기상청 APIHub 해양기상 종합관측,2026-08-27T03:22:20+09:00
F,연안방재,2026-08-27 01:59,33010,흑산도,125.39348,34.65088,,,,,,,,,011110000,관측행_유효측정없음,data/raw/kma/stage4_surface_marine_smoke_20260827_032220/raw_responses/sea_obs/sea_obs_2026082701.txt,기상청 APIHub 해양기상 종합관측,2026-08-27T03:22:20+09:00
F,연안방재,2026-08-27 01:59,33011,판포,126.20052,33.36686,,114,2.8,3.8,,,,,,관측값,data/raw/kma/stage4_surface_marine_smoke_20260827_032220/raw_responses/sea_obs/sea_obs_2026082701.txt,기상청 APIHub 해양기상 종합관측,2026-08-27T03:22:20+09:00
F,연안방재,2026-08-27 01:59,33013,해남,126.5145,34.3157,,,,,,,,,011110000,관측행_유효측정없음,data/raw/kma/stage4_surface_marine_smoke_20260827_032220/raw_responses/sea_obs/sea_obs_2026082701.txt,기상청 APIHub 해양기상 종합관측,2026-08-27T03:22:20+09:00
F,연안방재,2026-08-27 01:59,33014,여수,127.7303,34.5242,,67,1.4,1.7,,,,,,관측값,data/raw/kma/stage4_surface_marine_smoke_20260827_032220/raw_responses/sea_obs/sea_obs_2026082701.txt,기상청 APIHub 해양기상 종합관측,2026-08-27T03:22:20+09:00
F,연안방재,2026-08-27 01:59,33015,서귀포,126.6426,33.2635,,34,2.0,2.3,,,,,,관측값,data/raw/kma/stage4_surface_marine_smoke_20260827_032220/raw_responses/sea_obs/sea_obs_2026082701.txt,기상청 APIHub 해양기상 종합관측,2026-08-27T03:22:20+09:00
F,연안방재,2026-08-27 01:59,33016,울산,129.4563,35.581,,332,1.0,1.5,,,,,,관측값,data/raw/kma/stage4_surface_marine_smoke_20260827_032220/raw_responses/sea_obs/sea_obs_2026082701.txt,기상청 APIHub 해양기상 종합관측,2026-08-27T03:22:20+09:00
F,연안방재,2026-08-27 01:59,33017,신안,125.9009,34.727,,278,0.8,0.9,,,,,,관측값,data/raw/kma/stage4_surface_marine_smoke_20260827_032220/raw_responses/sea_obs/sea_obs_2026082701.txt,기상청 APIHub 해양기상 종합관측,2026-08-27T03:22:20+09:00
F,연안방재,2026-08-27 01:59,33018,법성포,126.3874,35.352,,67,0.4,0.6,,,,,,관측값,data/raw/kma/stage4_surface_marine_smoke_20260827_032220/raw_responses/sea_obs/sea_obs_2026082701.txt,기상청 APIHub 해양기상 종합관측,2026-08-27T03:22:20+09:00
F,연안방재,2026-08-27 01:59,33019,실리도,128.63935,35.06265,,20,0.0,0.0,,,,,,관측값,data/raw/kma/stage4_surface_marine_smoke_20260827_032220/raw_responses/sea_obs/sea_obs_2026082701.txt,기상청 APIHub 해양기상 종합관측,2026-08-27T03:22:20+09:00
F,연안방재,2026-08-27 01:59,33020,정동진,129.04444,37.68472,,24,1.2,1.5,,,,,,관측값,data/raw/kma/stage4_surface_marine_smoke_20260827_032220/raw_responses/sea_obs/sea_obs_2026082701.txt,기상청 APIHub 해양기상 종합관측,2026-08-27T03:22:20+09:00
F,연안방재,2026-08-27 01:59,33021,구룡포,129.54965,35.95183,,234,0.7,0.8,,,,,,관측값,data/raw/kma/stage4_surface_marine_smoke_20260827_032220/raw_responses/sea_obs/sea_obs_2026082701.txt,기상청 APIHub 해양기상 종합관측,2026-08-27T03:22:20+09:00
J,기상선,2026-08-27 01:55,22003,기상1호,124.975555,36.346943,0.5,329,3.5,4.2,,27.8,1007.4,84.0,,관측값,data/raw/kma/stage4_surface_marine_smoke_20260827_032220/raw_responses/sea_obs/sea_obs_2026082701.txt,기상청 APIHub 해양기상 종합관측,2026-08-27T03:22:20+09:00
L,등표,2026-08-27 01:59,955,서수도,126.39333333,37.325,,290,2.7,4.4,,26.0,1009.2,,,관측값,data/raw/kma/stage4_surface_marine_smoke_20260827_032220/raw_responses/sea_obs/sea_obs_2026082701.txt,기상청 APIHub 해양기상 종합관측,2026-08-27T03:22:20+09:00
L,등표,2026-08-27 01:59,956,가대암,125.9767,36.77,,30,2.6,3.7,,24.9,1007.8,,,관측값,data/raw/kma/stage4_surface_marine_smoke_20260827_032220/raw_responses/sea_obs/sea_obs_2026082701.txt,기상청 APIHub 해양기상 종합관측,2026-08-27T03:22:20+09:00
L,등표,2026-08-27 01:59,957,십이동파,126.225,35.98666667,,333,4.0,6.6,,26.6,1008.2,,,관측값,data/raw/kma/stage4_surface_marine_smoke_20260827_032220/raw_responses/sea_obs/sea_obs_2026082701.txt,기상청 APIHub 해양기상 종합관측,2026-08-27T03:22:20+09:00
L,등표,2026-08-27 01:59,958,갈매여,126.245,35.61333333,,325,1.0,2.5,,27.0,1007.4,,,관측값,data/raw/kma/stage4_surface_marine_smoke_20260827_032220/raw_responses/sea_obs/sea_obs_2026082701.txt,기상청 APIHub 해양기상 종합관측,2026-08-27T03:22:20+09:00
L,등표,2026-08-27 01:59,959,해수서,126.02666667,34.26333333,,347,2.0,2.2,,25.8,1007.2,,,관측값,data/raw/kma/stage4_surface_marine_smoke_20260827_032220/raw_responses/sea_obs/sea_obs_2026082701.txt,기상청 APIHub 해양기상 종합관측,2026-08-27T03:22:20+09:00
L,등표,2026-08-27 01:59,960,지귀도,126.6542,33.22333,,55,3.8,9.0,,29.3,1007.1,,,관측값,data/raw/kma/stage4_surface_marine_smoke_20260827_032220/raw_responses/sea_obs/sea_obs_2026082701.txt,기상청 APIHub 해양기상 종합관측,2026-08-27T03:22:20+09:00
L,등표,2026-08-27 01:59,961,간여암,127.85778,34.285,,155,2.5,4.4,,28.3,1006.9,,,관측값,data/raw/kma/stage4_surface_marine_smoke_20260827_032220/raw_responses/sea_obs/sea_obs_2026082701.txt,기상청 APIHub 해양기상 종합관측,2026-08-27T03:22:20+09:00
L,등표,2026-08-27 01:59,963,이덕서,129.475,35.5667,,328,3.5,4.2,,26.6,1008.0,,,관측값,data/raw/kma/stage4_surface_marine_smoke_20260827_032220/raw_responses/sea_obs/sea_obs_2026082701.txt,기상청 APIHub 해양기상 종합관측,2026-08-27T03:22:20+09:00
L,등표,2026-08-27 01:59,984,오륙도,129.127,35.091,,56,2.9,7.7,,28.2,1006.7,,,관측값,data/raw/kma/stage4_surface_marine_smoke_20260827_032220/raw_responses/sea_obs/sea_obs_2026082701.txt,기상청 APIHub 해양기상 종합관측,2026-08-27T03:22:20+09:00
N,조위관측소,2026-08-27 01:59,132129,왕돌초,129.735,36.71667,,15,2.7,3.1,,25.7,1006.0,,0000000000000000,관측값,data/raw/kma/stage4_surface_marine_smoke_20260827_032220/raw_responses/sea_obs/sea_obs_2026082701.txt,기상청 APIHub 해양기상 종합관측,2026-08-27T03:22:20+09:00
N,조위관측소,2026-08-27 01:59,158650,부산,129.0375,35.09305556,,73,0.4,1.0,29.2,28.9,1006.0,,0000000000000000,관측값,data/raw/kma/stage4_surface_marine_smoke_20260827_032220/raw_responses/sea_obs/sea_obs_2026082701.txt,기상청 APIHub 해양기상 종합관측,2026-08-27T03:22:20+09:00
N,조위관측소,2026-08-27 01:59,217800,속초,128.59666667,38.20444444,,186,0.9,1.6,23.6,24.7,1007.0,,0000000000000000,관측값,data/raw/kma/stage4_surface_marine_smoke_20260827_032220/raw_responses/sea_obs/sea_obs_2026082701.txt,기상청 APIHub 해양기상 종합관측,2026-08-27T03:22:20+09:00
N,조위관측소,2026-08-27 01:59,22388,소무의도,126.44,37.37306,,,,,,,1007.0,,0000000000000000,관측값,data/raw/kma/stage4_surface_marine_smoke_20260827_032220/raw_responses/sea_obs/sea_obs_2026082701.txt,기상청 APIHub 해양기상 종합관측,2026-08-27T03:22:20+09:00
N,조위관측소,2026-08-27 01:59,23102,백령도,124.7361,37.9556,,198,0.4,0.5,,25.0,1007.0,,0000000000000000,관측값,data/raw/kma/stage4_surface_marine_smoke_20260827_032220/raw_responses/sea_obs/sea_obs_2026082701.txt,기상청 APIHub 해양기상 종합관측,2026-08-27T03:22:20+09:00
N,조위관측소,2024-02-07 12:59,23108,연평도,125.7144,37.6577,,83,1.4,1.6,,1.2,1023.0,,0000000000000000,관측값,data/raw/kma/stage4_marine_long_term_20240101/raw_responses/sea_obs/sea_obs_2024020712.txt,기상청 APIHub 해양기상 종합관측,2026-08-28T12:38:57+09:00
N,조위관측소,2026-08-27 01:59,23130,덕적도,126.15667,37.22639,,323,2.0,3.1,,,,,0000000000000000,관측값,data/raw/kma/stage4_surface_marine_smoke_20260827_032220/raw_responses/sea_obs/sea_obs_2026082701.txt,기상청 APIHub 해양기상 종합관측,2026-08-27T03:22:20+09:00
N,조위관측소,2026-08-27 01:59,240050,묵호,129.11861111,37.5475,,284,2.5,3.3,24.8,25.1,1008.0,,0000000000000000,관측값,data/raw/kma/stage4_surface_marine_smoke_20260827_032220/raw_responses/sea_obs/sea_obs_2026082701.txt,기상청 APIHub 해양기상 종합관측,2026-08-27T03:22:20+09:00
N,조위관측소,2026-08-27 01:59,240130,동해항,129.1439,37.495,,,,,,25.0,1008.0,,0000000000000000,관측값,data/raw/kma/stage4_surface_marine_smoke_20260827_032220/raw_responses/sea_obs/sea_obs_2026082701.txt,기상청 APIHub 해양기상 종합관측,2026-08-27T03:22:20+09:00
N,조위관측소,2026-08-27 01:59,325894,서천(마량),126.4956,36.1286,,357,2.4,2.7,,27.9,1007.0,,0000000000000000,관측값,data/raw/kma/stage4_surface_marine_smoke_20260827_032220/raw_responses/sea_obs/sea_obs_2026082701.txt,기상청 APIHub 해양기상 종합관측,2026-08-27T03:22:20+09:00
N,조위관측소,2026-08-27 01:59,325903,장항,126.6875,36.00694444,,346,0.6,1.0,,27.4,1007.0,,0000000000000000,관측값,data/raw/kma/stage4_surface_marine_smoke_20260827_032220/raw_responses/sea_obs/sea_obs_2026082701.txt,기상청 APIHub 해양기상 종합관측,2026-08-27T03:22:20+09:00
N,조위관측소,2026-08-27 01:59,355844,보령,126.4880555,36.40305555,,38,1.1,1.6,28.3,26.4,1007.0,,0000000000000000,관측값,data/raw/kma/stage4_surface_marine_smoke_20260827_032220/raw_responses/sea_obs/sea_obs_2026082701.txt,기상청 APIHub 해양기상 종합관측,2026-08-27T03:22:20+09:00
N,조위관측소,2026-08-27 01:59,356870,대산,126.35444444,37.00472222,,55,1.2,1.6,25.2,25.3,1007.0,,0000000000000000,관측값,data/raw/kma/stage4_surface_marine_smoke_20260827_032220/raw_responses/sea_obs/sea_obs_2026082701.txt,기상청 APIHub 해양기상 종합관측,2026-08-27T03:22:20+09:00
N,조위관측소,2026-08-27 01:59,357914,태안,126.2386,36.9133,,21,0.4,0.5,,24.9,1007.0,,0000000000000000,관측값,data/raw/kma/stage4_surface_marine_smoke_20260827_032220/raw_responses/sea_obs/sea_obs_2026082701.txt,기상청 APIHub 해양기상 종합관측,2026-08-27T03:22:20+09:00
N,조위관측소,2024-02-07 12:59,357945,안흥,126.135,36.67,,327,2.9,3.4,6.1,1.9,1024.0,,0000000000000000,관측값,data/raw/kma/stage4_marine_long_term_20240101/raw_responses/sea_obs/sea_obs_2024020712.txt,기상청 APIHub 해양기상 종합관측,2026-08-28T12:38:57+09:00
N,조위관측소,2026-08-27 01:59,37716,포항,129.39916667,36.01777778,,251,1.1,1.8,26.3,26.5,1007.0,,0000000000000000,관측값,data/raw/kma/stage4_surface_marine_smoke_20260827_032220/raw_responses/sea_obs/sea_obs_2026082701.txt,기상청 APIHub 해양기상 종합관측,2026-08-27T03:22:20+09:00
N,조위관측소,2026-08-27 01:59,400031,인천,126.59416667,37.44916667,,355,4.6,5.3,27.8,26.1,1007.0,,0000000000000000,관측값,data/raw/kma/stage4_surface_marine_smoke_20260827_032220/raw_responses/sea_obs/sea_obs_2026082701.txt,기상청 APIHub 해양기상 종합관측,2026-08-27T03:22:20+09:00
N,조위관측소,2026-08-27 01:59,404170,영종대교,126.608,37.5539,,,,,,,1007.0,,0000000000000000,관측값,data/raw/kma/stage4_surface_marine_smoke_20260827_032220/raw_responses/sea_obs/sea_obs_2026082701.txt,기상청 APIHub 해양기상 종합관측,2026-08-27T03:22:20+09:00
N,조위관측소,2026-08-27 01:59,406800,인천(송도),126.5861,37.3381,,18,2.3,3.1,,26.3,1007.0,,0000000000000000,관측값,data/raw/kma/stage4_surface_marine_smoke_20260827_032220/raw_responses/sea_obs/sea_obs_2026082701.txt,기상청 APIHub 해양기상 종합관측,2026-08-27T03:22:20+09:00
N,조위관측소,2026-08-27 01:59,409870,영흥도,126.4314,37.2367,,15,2.8,3.6,,26.3,1007.0,,0000000000000000,관측값,data/raw/kma/stage4_surface_marine_smoke_20260827_032220/raw_responses/sea_obs/sea_obs_2026082701.txt,기상청 APIHub 해양기상 종합관측,2026-08-27T03:22:20+09:00
N,조위관측소,2026-08-27 01:59,417820,강화대교,126.5225,37.7319,,,,,,,1007.0,,0000000000000000,관측값,data/raw/kma/stage4_surface_marine_smoke_20260827_032220/raw_responses/sea_obs/sea_obs_2026082701.txt,기상청 APIHub 해양기상 종합관측,2026-08-27T03:22:20+09:00
N,조위관측소,2026-08-27 01:59,417881,교동대교,126.33972,37.78944,,,,,,,1006.0,,0000000000000000,관측값,data/raw/kma/stage4_surface_marine_smoke_20260827_032220/raw_responses/sea_obs/sea_obs_2026082701.txt,기상청 APIHub 해양기상 종합관측,2026-08-27T03:22:20+09:00
N,조위관측소,2026-08-27 01:59,445310,안산,126.64972222,37.18944444,,350,1.0,1.6,28.9,26.2,1007.0,,0000000000000000,관측값,data/raw/kma/stage4_surface_marine_smoke_20260827_032220/raw_responses/sea_obs/sea_obs_2026082701.txt,기상청 APIHub 해양기상 종합관측,2026-08-27T03:22:20+09:00
N,조위관측소,2026-08-27 01:59,451821,평택,126.82472222,36.96388889,,316,2.6,2.9,27.7,26.9,1007.0,,0000000000000000,관측값,data/raw/kma/stage4_surface_marine_smoke_20260827_032220/raw_responses/sea_obs/sea_obs_2026082701.txt,기상청 APIHub 해양기상 종합관측,2026-08-27T03:22:20+09:00
N,조위관측소,2026-08-27 01:59,513800,영광,126.39388889,34.77666667,,164,1.5,1.7,,27.2,1006.0,,0000000000000000,관측값,data/raw/kma/stage4_surface_marine_smoke_20260827_032220/raw_responses/sea_obs/sea_obs_2026082701.txt,기상청 APIHub 해양기상 종합관측,2026-08-27T03:22:20+09:00
N,조위관측소,2026-08-27 01:59,513864,향화도,126.35944,35.16778,,28,1.6,2.0,,27.8,1006.0,,0000000000000000,관측값,data/raw/kma/stage4_surface_marine_smoke_20260827_032220/raw_responses/sea_obs/sea_obs_2026082701.txt,기상청 APIHub 해양기상 종합관측,2026-08-27T03:22:20+09:00
N,조위관측소,2026-08-27 01:59,516090,부산신항,128.7869,35.0744,,81,0.9,1.5,,29.5,1007.0,,0000000000000000,관측값,data/raw/kma/stage4_surface_marine_smoke_20260827_032220/raw_responses/sea_obs/sea_obs_2026082701.txt,기상청 APIHub 해양기상 종합관측,2026-08-27T03:22:20+09:00
N,조위관측소,2026-08-27 01:59,52565,삼천포,128.069722,34.924056,,265,1.3,1.5,29.0,28.9,1007.0,,0000000000000000,관측값,data/raw/kma/stage4_surface_marine_smoke_20260827_032220/raw_responses/sea_obs/sea_obs_2026082701.txt,기상청 APIHub 해양기상 종합관측,2026-08-27T03:22:20+09:00
N,조위관측소,2026-08-27 01:59,530350,목포,126.3925,34.77805556,,119,1.7,1.9,26.6,27.8,1007.0,,0000000000000000,관측값,data/raw/kma/stage4_surface_marine_smoke_20260827_032220/raw_responses/sea_obs/sea_obs_2026082701.txt,기상청 APIHub 해양기상 종합관측,2026-08-27T03:22:20+09:00
N,조위관측소,2026-08-27 01:59,535951,대흑산도,125.4358333,34.68388889,,210,0.7,1.2,28.4,27.1,1007.0,,0000000000000000,관측값,data/raw/kma/stage4_surface_marine_smoke_20260827_032220/raw_responses/sea_obs/sea_obs_2026082701.txt,기상청 APIHub 해양기상 종합관측,2026-08-27T03:22:20+09:00
N,조위관측소,2026-08-27 01:59,537800,완도,126.76138889,34.3125,,318,0.4,0.6,27.9,28.3,1006.0,,0000000000000000,관측값,data/raw/kma/stage4_surface_marine_smoke_20260827_032220/raw_responses/sea_obs/sea_obs_2026082701.txt,기상청 APIHub 해양기상 종합관측,2026-08-27T03:22:20+09:00
N,조위관측소,2026-08-27 01:59,539800,진도,126.3086,34.3777,,317,1.2,1.7,,27.5,1006.0,,0000000000000000,관측값,data/raw/kma/stage4_surface_marine_smoke_20260827_032220/raw_responses/sea_obs/sea_obs_2026082701.txt,기상청 APIHub 해양기상 종합관측,2026-08-27T03:22:20+09:00
N,조위관측소,2024-02-07 12:59,539840,복사초,126.17,34.095,,,,,,,,,0000000000000000,관측행_유효측정없음,data/raw/kma/stage4_marine_long_term_20240101/raw_responses/sea_obs/sea_obs_2024020712.txt,기상청 APIHub 해양기상 종합관측,2026-08-28T12:38:57+09:00
N,조위관측소,2026-08-27 01:59,545711,광양,127.75483,34.90342,,120,0.5,0.8,,29.1,1007.0,,0000000000000000,관측값,data/raw/kma/stage4_surface_marine_smoke_20260827_032220/raw_responses/sea_obs/sea_obs_2026082701.txt,기상청 APIHub 해양기상 종합관측,2026-08-27T03:22:20+09:00
N,조위관측소,2026-08-27 01:59,548893,고흥,127.3475,34.47666667,,340,3.2,3.4,29.7,26.8,1006.0,,0000000000000000,관측값,data/raw/kma/stage4_surface_marine_smoke_20260827_032220/raw_responses/sea_obs/sea_obs_2026082701.txt,기상청 APIHub 해양기상 종합관측,2026-08-27T03:22:20+09:00
N,조위관측소,2026-08-27 01:59,550070,여수,127.76805555,34.74416667,,355,0.9,1.0,29.9,29.1,1006.0,,0000000000000000,관측값,data/raw/kma/stage4_surface_marine_smoke_20260827_032220/raw_responses/sea_obs/sea_obs_2026082701.txt,기상청 APIHub 해양기상 종합관측,2026-08-27T03:22:20+09:00
N,조위관측소,2026-08-27 01:59,556851,거문도,127.31083333,34.025,,252,0.7,0.9,28.8,29.0,1006.0,,0000000000000000,관측값,data/raw/kma/stage4_surface_marine_smoke_20260827_032220/raw_responses/sea_obs/sea_obs_2026082701.txt,기상청 APIHub 해양기상 종합관측,2026-08-27T03:22:20+09:00
N,조위관측소,2024-02-07 12:59,573400,군산외항,126.62666667,35.96833333,,12,3.9,4.8,5.2,1.6,1023.0,,0000000000000000,관측값,data/raw/kma/stage4_marine_long_term_20240101/raw_responses/sea_obs/sea_obs_2024020712.txt,기상청 APIHub 해양기상 종합관측,2026-08-28T12:38:57+09:00
N,조위관측소,2026-08-27 01:59,573819,어청도,125.9847,36.1169,,336,2.6,3.2,26.9,27.4,1007.0,,0000000000000000,관측값,data/raw/kma/stage4_surface_marine_smoke_20260827_032220/raw_responses/sea_obs/sea_obs_2026082701.txt,기상청 APIHub 해양기상 종합관측,2026-08-27T03:22:20+09:00
N,조위관측소,2026-08-27 01:59,579911,위도,126.3039,35.6153,,0,0.0,0.0,,26.4,1007.0,,0000000000000000,관측값,data/raw/kma/stage4_surface_marine_smoke_20260827_032220/raw_responses/sea_obs/sea_obs_2026082701.txt,기상청 APIHub 해양기상 종합관측,2026-08-27T03:22:20+09:00
N,조위관측소,2026-08-27 01:59,58958,서거차도,125.91556,34.25139,,359,0.9,1.6,21.6,27.2,1006.0,,0000000000000000,관측값,data/raw/kma/stage4_surface_marine_smoke_20260827_032220/raw_responses/sea_obs/sea_obs_2026082701.txt,기상청 APIHub 해양기상 종합관측,2026-08-27T03:22:20+09:00
N,조위관측소,2026-08-27 01:59,595180,여호항,127.46917,34.66194,,299,1.0,1.4,,27.2,1007.0,,0000000000000000,관측값,data/raw/kma/stage4_surface_marine_smoke_20260827_032220/raw_responses/sea_obs/sea_obs_2026082701.txt,기상청 APIHub 해양기상 종합관측,2026-08-27T03:22:20+09:00
N,조위관측소,2026-08-27 01:59,618440,가덕도,128.81305556,35.02166667,,332,0.7,0.9,29.1,29.6,1006.0,,0000000000000000,관측값,data/raw/kma/stage4_surface_marine_smoke_20260827_032220/raw_responses/sea_obs/sea_obs_2026082701.txt,기상청 APIHub 해양기상 종합관측,2026-08-27T03:22:20+09:00
N,조위관측소,2026-08-27 01:59,626800,거제도,128.70166667,34.79888889,,309,0.3,0.8,28.7,28.9,1006.0,,0000000000000000,관측값,data/raw/kma/stage4_surface_marine_smoke_20260827_032220/raw_responses/sea_obs/sea_obs_2026082701.txt,기상청 APIHub 해양기상 종합관측,2026-08-27T03:22:20+09:00
N,조위관측소,2026-08-27 01:59,630651,마산,128.58,35.19694444,,195,0.6,0.8,28.6,28.9,1006.0,,0000000000000000,관측값,data/raw/kma/stage4_surface_marine_smoke_20260827_032220/raw_responses/sea_obs/sea_obs_2026082701.txt,기상청 APIHub 해양기상 종합관측,2026-08-27T03:22:20+09:00
N,조위관측소,2026-08-27 01:59,645600,진해군항,128.64306,35.14722,,295,1.5,1.7,,29.6,1007.0,,0000000000000000,관측값,data/raw/kma/stage4_surface_marine_smoke_20260827_032220/raw_responses/sea_obs/sea_obs_2026082701.txt,기상청 APIHub 해양기상 종합관측,2026-08-27T03:22:20+09:00
N,조위관측소,2026-08-27 01:59,650804,통영,128.43694444,34.82472222,,289,0.1,0.4,27.3,28.4,1007.0,,0000000000000000,관측값,data/raw/kma/stage4_surface_marine_smoke_20260827_032220/raw_responses/sea_obs/sea_obs_2026082701.txt,기상청 APIHub 해양기상 종합관측,2026-08-27T03:22:20+09:00
N,조위관측소,2026-08-27 01:59,650940,교본초,128.31,34.70167,,50,2.1,2.2,,28.9,1005.0,,0000000000000000,관측값,data/raw/kma/stage4_surface_marine_smoke_20260827_032220/raw_responses/sea_obs/sea_obs_2026082701.txt,기상청 APIHub 해양기상 종합관측,2026-08-27T03:22:20+09:00
N,조위관측소,2026-08-27 01:59,680050,추자도,126.30222222,33.95861111,,127,0.3,0.5,23.1,26.8,1006.0,,0000000000000000,관측값,data/raw/kma/stage4_surface_marine_smoke_20260827_032220/raw_responses/sea_obs/sea_obs_2026082701.txt,기상청 APIHub 해양기상 종합관측,2026-08-27T03:22:20+09:00
N,조위관측소,2026-08-27 01:59,690704,제주,126.54527778,33.52416667,,113,0.8,1.2,28.9,29.3,1006.0,,0000000000000000,관측값,data/raw/kma/stage4_surface_marine_smoke_20260827_032220/raw_responses/sea_obs/sea_obs_2026082701.txt,기상청 APIHub 해양기상 종합관측,2026-08-27T03:22:20+09:00
N,조위관측소,2026-08-27 01:59,695851,울산,129.38944444,35.50055556,,33,1.2,1.7,25.3,27.6,1006.0,,0000000000000000,관측값,data/raw/kma/stage4_surface_marine_smoke_20260827_032220/raw_responses/sea_obs/sea_obs_2026082701.txt,기상청 APIHub 해양기상 종합관측,2026-08-27T03:22:20+09:00
N,조위관측소,2026-08-27 01:59,697010,서귀포,126.56361111,33.23666667,,291,0.1,0.6,26.2,29.5,1006.0,,0000000000000000,관측값,data/raw/kma/stage4_surface_marine_smoke_20260827_032220/raw_responses/sea_obs/sea_obs_2026082701.txt,기상청 APIHub 해양기상 종합관측,2026-08-27T03:22:20+09:00
N,조위관측소,2026-08-27 01:59,699835,모슬포,126.25111111,33.21444444,,87,4.0,5.4,26.8,29.3,1005.0,,0000000000000000,관측값,data/raw/kma/stage4_surface_marine_smoke_20260827_032220/raw_responses/sea_obs/sea_obs_2026082701.txt,기상청 APIHub 해양기상 종합관측,2026-08-27T03:22:20+09:00
N,조위관측소,2026-08-27 01:59,699903,성산포,126.92777778,33.475,,143,2.3,3.3,28.9,29.4,1006.0,,0000000000000000,관측값,data/raw/kma/stage4_surface_marine_smoke_20260827_032220/raw_responses/sea_obs/sea_obs_2026082701.txt,기상청 APIHub 해양기상 종합관측,2026-08-27T03:22:20+09:00
N,조위관측소,2026-08-27 01:59,767800,후포,129.45555556,36.67444444,,315,1.8,2.7,26.6,25.4,1007.0,,0000000000000000,관측값,data/raw/kma/stage4_surface_marine_smoke_20260827_032220/raw_responses/sea_obs/sea_obs_2026082701.txt,기상청 APIHub 해양기상 종합관측,2026-08-27T03:22:20+09:00
N,조위관측소,2026-08-27 01:59,799801,울릉도,130.91388889,37.49333333,,233,1.2,1.3,27.9,26.3,1007.0,,0000000000000000,관측값,data/raw/kma/stage4_surface_marine_smoke_20260827_032220/raw_responses/sea_obs/sea_obs_2026082701.txt,기상청 APIHub 해양기상 종합관측,2026-08-27T03:22:20+09:00
