자료종류코드,자료종류,지점번호,지점명,시도명,시군구명,경도,위도,관측시각,자료상태,원천파일,출처,기온,상대습도,강수량,풍속,풍향,일조,일사,지면온도
SFC,ASOS 시간관측,100,대관령,강원특별자치도,평창군,128.71834000,37.67713000,2026-08-25 20:00:00,정상관측,data/raw/kma/stage4_20260825_212325/raw_responses/ASOS/00023387_ASOS_202608252000_attempt1.txt,https://apihub.kma.go.kr/api/typ01/url/kma_sfctm2.php,23.0,92.0,,0.5,11,0.0,0.00,24.2
SFC,ASOS 시간관측,101,춘천,강원특별자치도,춘천시,127.73570000,37.90262000,2026-08-25 20:00:00,정상관측,data/raw/kma/stage4_20260825_212325/raw_responses/ASOS/00023387_ASOS_202608252000_attempt1.txt,https://apihub.kma.go.kr/api/typ01/url/kma_sfctm2.php,27.9,79.0,,0.9,14,0.0,0.01,28.4
SFC,ASOS 시간관측,102,백령도,인천광역시,옹진군,124.71237000,37.97396000,2026-08-25 20:00:00,정상관측,data/raw/kma/stage4_20260825_212325/raw_responses/ASOS/00023387_ASOS_202608252000_attempt1.txt,https://apihub.kma.go.kr/api/typ01/url/kma_sfctm2.php,26.1,92.0,,1.7,20,0.0,0.01,26.5
SFC,ASOS 시간관측,104,북강릉,강원특별자치도,강릉시,128.85535000,37.80456000,2026-08-25 20:00:00,정상관측,data/raw/kma/stage4_20260825_212325/raw_responses/ASOS/00023387_ASOS_202608252000_attempt1.txt,https://apihub.kma.go.kr/api/typ01/url/kma_sfctm2.php,26.3,92.0,,0.8,5,0.0,0.01,27.9
SFC,ASOS 시간관측,105,강릉,강원특별자치도,강릉시,128.89099000,37.75147000,2026-08-25 20:00:00,정상관측,data/raw/kma/stage4_20260825_212325/raw_responses/ASOS/00023387_ASOS_202608252000_attempt1.txt,https://apihub.kma.go.kr/api/typ01/url/kma_sfctm2.php,27.7,82.0,,0.3,0,0.0,0.00,28.4
SFC,ASOS 시간관측,106,동해,강원특별자치도,동해시,129.12433000,37.50709000,2026-08-25 20:00:00,정상관측,data/raw/kma/stage4_20260825_212325/raw_responses/ASOS/00023387_ASOS_202608252000_attempt1.txt,https://apihub.kma.go.kr/api/typ01/url/kma_sfctm2.php,26.5,93.0,,1.2,34,0.0,0.00,27.7
SFC,ASOS 시간관측,108,서울,서울특별시,종로구,126.96580000,37.57142000,2026-08-25 20:00:00,정상관측,data/raw/kma/stage4_20260825_212325/raw_responses/ASOS/00023387_ASOS_202608252000_attempt1.txt,https://apihub.kma.go.kr/api/typ01/url/kma_sfctm2.php,29.0,69.0,,1.6,23,0.0,0.01,26.1
SFC,ASOS 시간관측,112,인천,인천광역시,제물포구,126.62490000,37.47772000,2026-08-25 20:00:00,정상관측,data/raw/kma/stage4_20260825_212325/raw_responses/ASOS/00023387_ASOS_202608252000_attempt1.txt,https://apihub.kma.go.kr/api/typ01/url/kma_sfctm2.php,28.3,85.0,,2.2,27,0.0,0.01,27.3
SFC,ASOS 시간관측,114,원주,강원특별자치도,원주시,127.94659000,37.33749000,2026-08-25 20:00:00,정상관측,data/raw/kma/stage4_20260825_212325/raw_responses/ASOS/00023387_ASOS_202608252000_attempt1.txt,https://apihub.kma.go.kr/api/typ01/url/kma_sfctm2.php,28.1,78.0,,0.1,0,0.0,0.00,27.9
SFC,ASOS 시간관측,115,울릉도,경상북도,울릉군,130.89863000,37.48129000,2026-08-25 20:00:00,정상관측,data/raw/kma/stage4_20260825_212325/raw_responses/ASOS/00023387_ASOS_202608252000_attempt1.txt,https://apihub.kma.go.kr/api/typ01/url/kma_sfctm2.php,26.4,84.0,,1.1,5,,,26.4
SFC,ASOS 시간관측,119,수원,경기도,수원시권선구,126.98300000,37.25746000,2026-08-25 20:00:00,정상관측,data/raw/kma/stage4_20260825_212325/raw_responses/ASOS/00023387_ASOS_202608252000_attempt1.txt,https://apihub.kma.go.kr/api/typ01/url/kma_sfctm2.php,27.4,80.0,,1.5,23,0.0,0.01,27.4
SFC,ASOS 시간관측,121,영월,강원특별자치도,영월군,128.45743000,37.18126000,2026-08-25 20:00:00,정상관측,data/raw/kma/stage4_20260825_212325/raw_responses/ASOS/00023387_ASOS_202608252000_attempt1.txt,https://apihub.kma.go.kr/api/typ01/url/kma_sfctm2.php,25.9,91.0,,0.2,0,0.0,0.00,25.5
SFC,ASOS 시간관측,127,충주,충청북도,충주시,127.95250000,36.97045000,2026-08-25 20:00:00,정상관측,data/raw/kma/stage4_20260825_212325/raw_responses/ASOS/00023387_ASOS_202608252000_attempt1.txt,https://apihub.kma.go.kr/api/typ01/url/kma_sfctm2.php,26.7,83.0,,0.9,9,0.0,0.00,28.2
SFC,ASOS 시간관측,129,서산,충청남도,서산시,126.49390000,36.77658000,2026-08-25 20:00:00,정상관측,data/raw/kma/stage4_20260825_212325/raw_responses/ASOS/00023387_ASOS_202608252000_attempt1.txt,https://apihub.kma.go.kr/api/typ01/url/kma_sfctm2.php,26.8,90.0,,0.2,0,0.0,0.01,27.7
SFC,ASOS 시간관측,130,울진,경상북도,울진군,129.41278000,36.99176000,2026-08-25 20:00:00,정상관측,data/raw/kma/stage4_20260825_212325/raw_responses/ASOS/00023387_ASOS_202608252000_attempt1.txt,https://apihub.kma.go.kr/api/typ01/url/kma_sfctm2.php,26.9,91.0,,0.6,18,0.0,,26.3
SFC,ASOS 시간관측,131,청주,충청북도,청주시흥덕구,127.44066000,36.63924000,2026-08-25 20:00:00,정상관측,data/raw/kma/stage4_20260825_212325/raw_responses/ASOS/00023387_ASOS_202608252000_attempt1.txt,https://apihub.kma.go.kr/api/typ01/url/kma_sfctm2.php,30.2,70.0,,1.8,5,0.0,0.00,28.7
SFC,ASOS 시간관측,133,대전,대전광역시,유성구,127.37210000,36.37199000,2026-08-25 20:00:00,정상관측,data/raw/kma/stage4_20260825_212325/raw_responses/ASOS/00023387_ASOS_202608252000_attempt1.txt,https://apihub.kma.go.kr/api/typ01/url/kma_sfctm2.php,28.3,81.0,,2.0,7,0.0,0.01,29.3
SFC,ASOS 시간관측,135,추풍령,충청북도,영동군,127.99458000,36.22025000,2026-08-25 20:00:00,정상관측,data/raw/kma/stage4_20260825_212325/raw_responses/ASOS/00023387_ASOS_202608252000_attempt1.txt,https://apihub.kma.go.kr/api/typ01/url/kma_sfctm2.php,26.5,82.0,,0.3,0,0.0,0.00,28.5
SFC,ASOS 시간관측,136,안동,경상북도,안동시,128.70733000,36.57293000,2026-08-25 20:00:00,정상관측,data/raw/kma/stage4_20260825_212325/raw_responses/ASOS/00023387_ASOS_202608252000_attempt1.txt,https://apihub.kma.go.kr/api/typ01/url/kma_sfctm2.php,29.1,71.0,,0.2,0,0.0,0.00,29.3
SFC,ASOS 시간관측,137,상주,경상북도,상주시,128.15741000,36.40837000,2026-08-25 20:00:00,정상관측,data/raw/kma/stage4_20260825_212325/raw_responses/ASOS/00023387_ASOS_202608252000_attempt1.txt,https://apihub.kma.go.kr/api/typ01/url/kma_sfctm2.php,27.2,84.0,,0.9,29,0.0,0.00,28.9
SFC,ASOS 시간관측,138,포항,경상북도,포항시남구,129.38002000,36.03201000,2026-08-25 20:00:00,정상관측,data/raw/kma/stage4_20260825_212325/raw_responses/ASOS/00023387_ASOS_202608252000_attempt1.txt,https://apihub.kma.go.kr/api/typ01/url/kma_sfctm2.php,31.1,62.0,,1.3,14,0.0,0.00,30.3
SFC,ASOS 시간관측,140,군산,전북특별자치도,군산시,126.76135000,36.00530000,2026-08-25 20:00:00,정상관측,data/raw/kma/stage4_20260825_212325/raw_responses/ASOS/00023387_ASOS_202608252000_attempt1.txt,https://apihub.kma.go.kr/api/typ01/url/kma_sfctm2.php,28.1,86.0,,1.2,32,0.0,,28.6
SFC,ASOS 시간관측,143,대구,대구광역시,동구,128.65296000,35.87797000,2026-08-25 20:00:00,정상관측,data/raw/kma/stage4_20260825_212325/raw_responses/ASOS/00023387_ASOS_202608252000_attempt1.txt,https://apihub.kma.go.kr/api/typ01/url/kma_sfctm2.php,30.8,58.0,,1.0,16,0.0,0.00,31.1
SFC,ASOS 시간관측,146,전주,전북특별자치도,전주시,127.11718000,35.84092000,2026-08-25 20:00:00,정상관측,data/raw/kma/stage4_20260825_212325/raw_responses/ASOS/00023387_ASOS_202608252000_attempt1.txt,https://apihub.kma.go.kr/api/typ01/url/kma_sfctm2.php,29.6,73.0,,2.0,27,0.0,0.00,31.9
SFC,ASOS 시간관측,152,울산,울산광역시,중구,129.33469000,35.58237000,2026-08-25 20:00:00,정상관측,data/raw/kma/stage4_20260825_212325/raw_responses/ASOS/00023387_ASOS_202608252000_attempt1.txt,https://apihub.kma.go.kr/api/typ01/url/kma_sfctm2.php,28.6,79.0,,0.8,18,0.0,,28.6
SFC,ASOS 시간관측,155,창원,경상남도,창원시,128.57282000,35.17019000,2026-08-25 20:00:00,정상관측,data/raw/kma/stage4_20260825_212325/raw_responses/ASOS/00023387_ASOS_202608252000_attempt1.txt,https://apihub.kma.go.kr/api/typ01/url/kma_sfctm2.php,28.8,80.0,,1.6,20,0.0,0.00,30.0
SFC,ASOS 시간관측,156,광주,전남광주통합특별시,북구,126.89156000,35.17294000,2026-08-25 20:00:00,정상관측,data/raw/kma/stage4_20260825_212325/raw_responses/ASOS/00023387_ASOS_202608252000_attempt1.txt,https://apihub.kma.go.kr/api/typ01/url/kma_sfctm2.php,29.7,76.0,,1.7,5,0.0,0.82,27.8
SFC,ASOS 시간관측,159,부산,부산광역시,중구,129.03203000,35.10468000,2026-08-25 20:00:00,정상관측,data/raw/kma/stage4_20260825_212325/raw_responses/ASOS/00023387_ASOS_202608252000_attempt1.txt,https://apihub.kma.go.kr/api/typ01/url/kma_sfctm2.php,29.5,79.0,,1.1,23,0.0,0.01,30.8
SFC,ASOS 시간관측,162,통영,경상남도,통영시,128.43561000,34.84541000,2026-08-25 20:00:00,정상관측,data/raw/kma/stage4_20260825_212325/raw_responses/ASOS/00023387_ASOS_202608252000_attempt1.txt,https://apihub.kma.go.kr/api/typ01/url/kma_sfctm2.php,28.3,77.0,,0.8,16,0.0,0.00,29.6
SFC,ASOS 시간관측,165,목포,전남광주통합특별시,목포시,126.38151000,34.81732000,2026-08-25 20:00:00,정상관측,data/raw/kma/stage4_20260825_212325/raw_responses/ASOS/00023387_ASOS_202608252000_attempt1.txt,https://apihub.kma.go.kr/api/typ01/url/kma_sfctm2.php,28.6,77.0,,2.1,32,0.0,0.00,28.9
SFC,ASOS 시간관측,168,여수,전남광주통합특별시,여수시,127.74063000,34.73929000,2026-08-25 20:00:00,정상관측,data/raw/kma/stage4_20260825_212325/raw_responses/ASOS/00023387_ASOS_202608252000_attempt1.txt,https://apihub.kma.go.kr/api/typ01/url/kma_sfctm2.php,29.8,75.0,,2.2,25,0.0,0.01,28.7
SFC,ASOS 시간관측,169,흑산도,전남광주통합특별시,신안군,125.45105000,34.68719000,2026-08-25 20:00:00,정상관측,data/raw/kma/stage4_20260825_212325/raw_responses/ASOS/00023387_ASOS_202608252000_attempt1.txt,https://apihub.kma.go.kr/api/typ01/url/kma_sfctm2.php,27.0,82.0,,2.1,36,0.0,0.01,24.4
SFC,ASOS 시간관측,170,완도,전남광주통합특별시,완도군,126.70182000,34.39590000,2026-08-25 20:00:00,정상관측,data/raw/kma/stage4_20260825_212325/raw_responses/ASOS/00023387_ASOS_202608252000_attempt1.txt,https://apihub.kma.go.kr/api/typ01/url/kma_sfctm2.php,28.0,71.0,,0.8,11,0.0,0.00,28.6
SFC,ASOS 시간관측,172,고창,전북특별자치도,고창군,126.59900000,35.34824000,2026-08-25 20:00:00,정상관측,data/raw/kma/stage4_20260825_212325/raw_responses/ASOS/00023387_ASOS_202608252000_attempt1.txt,https://apihub.kma.go.kr/api/typ01/url/kma_sfctm2.php,27.4,90.0,,0.9,32,0.0,0.00,26.4
SFC,ASOS 시간관측,174,순천,전남광주통합특별시,순천시,127.36940000,35.02040000,2026-08-25 20:00:00,정상관측,data/raw/kma/stage4_20260825_212325/raw_responses/ASOS/00023387_ASOS_202608252000_attempt1.txt,https://apihub.kma.go.kr/api/typ01/url/kma_sfctm2.php,26.9,82.0,,1.2,9,0.0,,28.5
SFC,ASOS 시간관측,177,홍성,충청남도,홍성군,126.68772000,36.65759000,2026-08-25 20:00:00,정상관측,data/raw/kma/stage4_20260825_212325/raw_responses/ASOS/00023387_ASOS_202608252000_attempt1.txt,https://apihub.kma.go.kr/api/typ01/url/kma_sfctm2.php,27.8,85.0,,1.4,34,0.0,0.00,27.6
SFC,ASOS 시간관측,181,서청주,충청북도,청주시흥덕구,127.38458000,36.63994000,2026-08-25 20:00:00,정상관측,data/raw/kma/stage4_20260825_212325/raw_responses/ASOS/00023387_ASOS_202608252000_attempt1.txt,https://apihub.kma.go.kr/api/typ01/url/kma_sfctm2.php,26.7,84.0,,2.0,2,0.0,0.01,29.2
SFC,ASOS 시간관측,184,제주,제주특별자치도,제주시,126.52969000,33.51411000,2026-08-25 20:00:00,정상관측,data/raw/kma/stage4_20260825_212325/raw_responses/ASOS/00023387_ASOS_202608252000_attempt1.txt,https://apihub.kma.go.kr/api/typ01/url/kma_sfctm2.php,30.1,63.0,,2.3,5,0.0,0.00,31.4
SFC,ASOS 시간관측,185,고산,제주특별자치도,제주시,126.16283000,33.29382000,2026-08-25 20:00:00,정상관측,data/raw/kma/stage4_20260825_212325/raw_responses/ASOS/00023387_ASOS_202608252000_attempt1.txt,https://apihub.kma.go.kr/api/typ01/url/kma_sfctm2.php,28.2,72.0,,2.8,5,0.0,0.00,32.8
SFC,ASOS 시간관측,188,성산,제주특별자치도,서귀포시,126.88020000,33.38677000,2026-08-25 20:00:00,정상관측,data/raw/kma/stage4_20260825_212325/raw_responses/ASOS/00023387_ASOS_202608252000_attempt1.txt,https://apihub.kma.go.kr/api/typ01/url/kma_sfctm2.php,27.6,81.0,,0.4,0,0.0,,27.7
SFC,ASOS 시간관측,189,서귀포,제주특별자치도,서귀포시,126.56530000,33.24616000,2026-08-25 20:00:00,정상관측,data/raw/kma/stage4_20260825_212325/raw_responses/ASOS/00023387_ASOS_202608252000_attempt1.txt,https://apihub.kma.go.kr/api/typ01/url/kma_sfctm2.php,29.1,60.0,,1.7,7,0.0,0.00,28.0
SFC,ASOS 시간관측,192,진주,경상남도,진주시,128.04004000,35.16378000,2026-08-25 20:00:00,정상관측,data/raw/kma/stage4_20260825_212325/raw_responses/ASOS/00023387_ASOS_202608252000_attempt1.txt,https://apihub.kma.go.kr/api/typ01/url/kma_sfctm2.php,29.1,73.0,,0.6,20,0.0,0.00,29.6
SFC,ASOS 시간관측,201,강화,인천광역시,강화군,126.44634000,37.70739000,2026-08-25 20:00:00,정상관측,data/raw/kma/stage4_20260825_212325/raw_responses/ASOS/00023387_ASOS_202608252000_attempt1.txt,https://apihub.kma.go.kr/api/typ01/url/kma_sfctm2.php,26.3,97.0,,2.2,27,0.0,,26.4
SFC,ASOS 시간관측,202,양평,경기도,양평군,127.49446000,37.48863000,2026-08-25 20:00:00,정상관측,data/raw/kma/stage4_20260825_212325/raw_responses/ASOS/00023387_ASOS_202608252000_attempt1.txt,https://apihub.kma.go.kr/api/typ01/url/kma_sfctm2.php,27.9,84.0,,0.8,18,0.0,,29.3
SFC,ASOS 시간관측,203,이천,경기도,이천시,127.48421000,37.26399000,2026-08-25 20:00:00,정상관측,data/raw/kma/stage4_20260825_212325/raw_responses/ASOS/00023387_ASOS_202608252000_attempt1.txt,https://apihub.kma.go.kr/api/typ01/url/kma_sfctm2.php,27.1,92.0,,0.4,0,0.0,,28.7
SFC,ASOS 시간관측,211,인제,강원특별자치도,인제군,128.16811000,38.05991000,2026-08-25 20:00:00,정상관측,data/raw/kma/stage4_20260825_212325/raw_responses/ASOS/00023387_ASOS_202608252000_attempt1.txt,https://apihub.kma.go.kr/api/typ01/url/kma_sfctm2.php,25.2,88.0,,0.1,0,0.0,,27.0
SFC,ASOS 시간관측,212,홍천,강원특별자치도,홍천군,127.88043000,37.68360000,2026-08-25 20:00:00,정상관측,data/raw/kma/stage4_20260825_212325/raw_responses/ASOS/00023387_ASOS_202608252000_attempt1.txt,https://apihub.kma.go.kr/api/typ01/url/kma_sfctm2.php,27.7,80.0,,0.6,14,0.0,,27.4
SFC,ASOS 시간관측,216,태백,강원특별자치도,태백시,128.98929000,37.17038000,2026-08-25 20:00:00,정상관측,data/raw/kma/stage4_20260825_212325/raw_responses/ASOS/00023387_ASOS_202608252000_attempt1.txt,https://apihub.kma.go.kr/api/typ01/url/kma_sfctm2.php,23.3,88.0,,1.3,29,0.0,0.00,24.2
SFC,ASOS 시간관측,217,정선군,서울특별시,강원특별자치도,128.67312000,37.38071000,2026-08-21 17:00:00,정상관측,data/raw/kma/stage4_20260825_212325/raw_responses/ASOS/00023288_ASOS_202608211700_attempt1.txt,https://apihub.kma.go.kr/api/typ01/url/kma_sfctm2.php,26.1,92.0,,0.4,0,0.0,,29.3
SFC,ASOS 시간관측,221,제천,충청북도,제천시,128.19433000,37.15928000,2026-08-25 20:00:00,정상관측,data/raw/kma/stage4_20260825_212325/raw_responses/ASOS/00023387_ASOS_202608252000_attempt1.txt,https://apihub.kma.go.kr/api/typ01/url/kma_sfctm2.php,24.8,99.0,,0.0,0,0.0,,27.2
SFC,ASOS 시간관측,226,보은,충청북도,보은군,127.73415000,36.48761000,2026-08-25 20:00:00,정상관측,data/raw/kma/stage4_20260825_212325/raw_responses/ASOS/00023387_ASOS_202608252000_attempt1.txt,https://apihub.kma.go.kr/api/typ01/url/kma_sfctm2.php,26.2,87.0,,0.3,0,0.0,,27.2
SFC,ASOS 시간관측,232,천안,충청남도,천안시,127.29282000,36.76217000,2026-08-25 20:00:00,정상관측,data/raw/kma/stage4_20260825_212325/raw_responses/ASOS/00023387_ASOS_202608252000_attempt1.txt,https://apihub.kma.go.kr/api/typ01/url/kma_sfctm2.php,27.7,78.0,,1.1,34,0.0,,28.6
SFC,ASOS 시간관측,235,보령,충청남도,보령시,126.55744000,36.32724000,2026-08-25 20:00:00,정상관측,data/raw/kma/stage4_20260825_212325/raw_responses/ASOS/00023387_ASOS_202608252000_attempt1.txt,https://apihub.kma.go.kr/api/typ01/url/kma_sfctm2.php,27.5,83.0,,1.0,36,0.0,0.01,29.1
SFC,ASOS 시간관측,236,부여,충청남도,부여군,126.92079000,36.27242000,2026-08-25 20:00:00,정상관측,data/raw/kma/stage4_20260825_212325/raw_responses/ASOS/00023387_ASOS_202608252000_attempt1.txt,https://apihub.kma.go.kr/api/typ01/url/kma_sfctm2.php,27.9,80.0,,1.0,36,0.0,,29.1
SFC,ASOS 시간관측,238,금산,충청남도,금산군,127.48175000,36.10563000,2026-08-25 20:00:00,정상관측,data/raw/kma/stage4_20260825_212325/raw_responses/ASOS/00023387_ASOS_202608252000_attempt1.txt,https://apihub.kma.go.kr/api/typ01/url/kma_sfctm2.php,27.5,84.0,,0.6,25,0.0,,28.8
SFC,ASOS 시간관측,239,세종,세종특별자치시,새롬동,127.24438000,36.48522000,2026-08-25 20:00:00,정상관측,data/raw/kma/stage4_20260825_212325/raw_responses/ASOS/00023387_ASOS_202608252000_attempt1.txt,https://apihub.kma.go.kr/api/typ01/url/kma_sfctm2.php,27.7,83.0,,1.6,32,0.0,0.01,29.1
SFC,ASOS 시간관측,243,부안,전북특별자치도,부안군,126.71657000,35.72961000,2026-08-25 20:00:00,정상관측,data/raw/kma/stage4_20260825_212325/raw_responses/ASOS/00023387_ASOS_202608252000_attempt1.txt,https://apihub.kma.go.kr/api/typ01/url/kma_sfctm2.php,27.3,87.0,,0.8,29,0.0,,26.5
SFC,ASOS 시간관측,244,임실,전북특별자치도,임실군,127.28556000,35.61203000,2026-08-25 20:00:00,정상관측,data/raw/kma/stage4_20260825_212325/raw_responses/ASOS/00023387_ASOS_202608252000_attempt1.txt,https://apihub.kma.go.kr/api/typ01/url/kma_sfctm2.php,27.6,78.0,,1.1,34,0.0,,29.5
SFC,ASOS 시간관측,245,정읍,전북특별자치도,정읍시,126.83904000,35.56333000,2026-08-25 20:00:00,정상관측,data/raw/kma/stage4_20260825_212325/raw_responses/ASOS/00023387_ASOS_202608252000_attempt1.txt,https://apihub.kma.go.kr/api/typ01/url/kma_sfctm2.php,28.5,77.0,,0.9,27,0.0,0.01,28.1
SFC,ASOS 시간관측,247,남원,전북특별자치도,남원시,127.39652000,35.42130000,2026-08-25 20:00:00,정상관측,data/raw/kma/stage4_20260825_212325/raw_responses/ASOS/00023387_ASOS_202608252000_attempt1.txt,https://apihub.kma.go.kr/api/typ01/url/kma_sfctm2.php,29.5,72.0,,0.4,0,0.0,,30.2
SFC,ASOS 시간관측,248,장수,전북특별자치도,장수군,127.52031000,35.65696000,2026-08-25 20:00:00,정상관측,data/raw/kma/stage4_20260825_212325/raw_responses/ASOS/00023387_ASOS_202608252000_attempt1.txt,https://apihub.kma.go.kr/api/typ01/url/kma_sfctm2.php,24.5,89.0,,0.8,27,0.0,,26.1
SFC,ASOS 시간관측,251,고창군,전북특별자치도,고창군,126.69231000,35.42346000,2026-08-25 20:00:00,정상관측,data/raw/kma/stage4_20260825_212325/raw_responses/ASOS/00023387_ASOS_202608252000_attempt1.txt,https://apihub.kma.go.kr/api/typ01/url/kma_sfctm2.php,28.6,79.0,,1.7,2,0.0,0.00,27.9
SFC,ASOS 시간관측,252,영광군,전남광주통합특별시,영광군,126.47784000,35.28366000,2026-08-25 20:00:00,정상관측,data/raw/kma/stage4_20260825_212325/raw_responses/ASOS/00023387_ASOS_202608252000_attempt1.txt,https://apihub.kma.go.kr/api/typ01/url/kma_sfctm2.php,27.1,85.0,,1.2,36,0.0,0.00,28.7
SFC,ASOS 시간관측,253,김해시,경상남도,김해시,128.89075000,35.22981000,2026-08-25 20:00:00,정상관측,data/raw/kma/stage4_20260825_212325/raw_responses/ASOS/00023387_ASOS_202608252000_attempt1.txt,https://apihub.kma.go.kr/api/typ01/url/kma_sfctm2.php,29.1,79.0,,1.0,16,0.0,0.00,32.4
SFC,ASOS 시간관측,254,순창군,전북특별자치도,순창군,127.12860000,35.37131000,2026-08-25 20:00:00,정상관측,data/raw/kma/stage4_20260825_212325/raw_responses/ASOS/00023387_ASOS_202608252000_attempt1.txt,https://apihub.kma.go.kr/api/typ01/url/kma_sfctm2.php,28.9,76.0,,1.2,27,0.0,0.01,30.8
SFC,ASOS 시간관측,255,북창원,경상남도,창원시,128.67260000,35.22655000,2026-08-25 20:00:00,정상관측,data/raw/kma/stage4_20260825_212325/raw_responses/ASOS/00023387_ASOS_202608252000_attempt1.txt,https://apihub.kma.go.kr/api/typ01/url/kma_sfctm2.php,30.7,69.0,,0.9,20,0.0,0.00,29.4
SFC,ASOS 시간관측,257,양산시,경상남도,양산시,129.02009000,35.30737000,2026-08-25 20:00:00,정상관측,data/raw/kma/stage4_20260825_212325/raw_responses/ASOS/00023387_ASOS_202608252000_attempt1.txt,https://apihub.kma.go.kr/api/typ01/url/kma_sfctm2.php,29.8,74.0,,1.0,18,0.0,0.00,32.3
SFC,ASOS 시간관측,258,보성군,전남광주통합특별시,보성군,127.21226000,34.76335000,2026-08-25 20:00:00,정상관측,data/raw/kma/stage4_20260825_212325/raw_responses/ASOS/00023387_ASOS_202608252000_attempt1.txt,https://apihub.kma.go.kr/api/typ01/url/kma_sfctm2.php,28.4,78.0,,0.9,34,0.0,0.00,27.8
SFC,ASOS 시간관측,259,강진군,서울특별시,전남광주통합특별시,126.78408000,34.64457000,2026-08-25 20:00:00,정상관측,data/raw/kma/stage4_20260825_212325/raw_responses/ASOS/00023387_ASOS_202608252000_attempt1.txt,https://apihub.kma.go.kr/api/typ01/url/kma_sfctm2.php,29.4,75.0,,0.8,23,0.0,0.00,28.7
SFC,ASOS 시간관측,260,장흥,전남광주통합특별시,장흥군,126.91951000,34.68886000,2026-08-25 20:00:00,정상관측,data/raw/kma/stage4_20260825_212325/raw_responses/ASOS/00023387_ASOS_202608252000_attempt1.txt,https://apihub.kma.go.kr/api/typ01/url/kma_sfctm2.php,27.5,81.0,,0.7,9,0.0,,27.4
SFC,ASOS 시간관측,261,해남,전남광주통합특별시,해남군,126.56907000,34.55375000,2026-08-25 20:00:00,정상관측,data/raw/kma/stage4_20260825_212325/raw_responses/ASOS/00023387_ASOS_202608252000_attempt1.txt,https://apihub.kma.go.kr/api/typ01/url/kma_sfctm2.php,28.2,79.0,,1.7,27,0.0,,30.7
SFC,ASOS 시간관측,262,고흥,전남광주통합특별시,고흥군,127.27572000,34.61826000,2026-08-25 20:00:00,정상관측,data/raw/kma/stage4_20260825_212325/raw_responses/ASOS/00023387_ASOS_202608252000_attempt1.txt,https://apihub.kma.go.kr/api/typ01/url/kma_sfctm2.php,27.2,80.0,,0.8,34,0.0,0.00,28.9
SFC,ASOS 시간관측,263,의령군,경상남도,의령군,128.28812000,35.32258000,2026-08-25 20:00:00,정상관측,data/raw/kma/stage4_20260825_212325/raw_responses/ASOS/00023387_ASOS_202608252000_attempt1.txt,https://apihub.kma.go.kr/api/typ01/url/kma_sfctm2.php,28.0,82.0,,0.8,34,0.0,0.00,31.4
SFC,ASOS 시간관측,264,함양군,경상남도,함양군,127.74538000,35.51138000,2026-08-25 20:00:00,정상관측,data/raw/kma/stage4_20260825_212325/raw_responses/ASOS/00023387_ASOS_202608252000_attempt1.txt,https://apihub.kma.go.kr/api/typ01/url/kma_sfctm2.php,27.8,85.0,,0.5,25,0.0,0.01,29.3
SFC,ASOS 시간관측,266,광양시,전남광주통합특별시,광양시,127.69140000,34.94340000,2026-08-25 20:00:00,정상관측,data/raw/kma/stage4_20260825_212325/raw_responses/ASOS/00023387_ASOS_202608252000_attempt1.txt,https://apihub.kma.go.kr/api/typ01/url/kma_sfctm2.php,29.7,71.0,,1.1,25,0.0,0.00,28.2
SFC,ASOS 시간관측,268,진도군,전남광주통합특별시,진도군,126.25846000,34.47296000,2026-08-25 20:00:00,정상관측,data/raw/kma/stage4_20260825_212325/raw_responses/ASOS/00023387_ASOS_202608252000_attempt1.txt,https://apihub.kma.go.kr/api/typ01/url/kma_sfctm2.php,27.1,83.0,,0.6,9,0.0,,27.8
SFC,ASOS 시간관측,271,봉화,경상북도,봉화군,128.91449000,36.94361000,2026-08-25 20:00:00,정상관측,data/raw/kma/stage4_20260825_212325/raw_responses/ASOS/00023387_ASOS_202608252000_attempt1.txt,https://apihub.kma.go.kr/api/typ01/url/kma_sfctm2.php,24.6,92.0,,1.3,34,0.0,,26.4
SFC,ASOS 시간관측,272,영주,경상북도,영주시,128.51687000,36.87183000,2026-08-25 20:00:00,정상관측,data/raw/kma/stage4_20260825_212325/raw_responses/ASOS/00023387_ASOS_202608252000_attempt1.txt,https://apihub.kma.go.kr/api/typ01/url/kma_sfctm2.php,25.1,92.0,,0.1,0,0.0,,27.5
SFC,ASOS 시간관측,273,문경,경상북도,문경시,128.14879000,36.62727000,2026-08-25 20:00:00,정상관측,data/raw/kma/stage4_20260825_212325/raw_responses/ASOS/00023387_ASOS_202608252000_attempt1.txt,https://apihub.kma.go.kr/api/typ01/url/kma_sfctm2.php,26.0,86.0,,0.8,32,0.0,,26.2
SFC,ASOS 시간관측,276,청송군,경상북도,청송군,129.04005000,36.43510000,2026-08-25 20:00:00,정상관측,data/raw/kma/stage4_20260825_212325/raw_responses/ASOS/00023387_ASOS_202608252000_attempt1.txt,https://apihub.kma.go.kr/api/typ01/url/kma_sfctm2.php,26.6,86.0,,0.8,9,0.0,0.00,27.7
SFC,ASOS 시간관측,277,영덕,경상북도,영덕군,129.40926000,36.53337000,2026-08-25 20:00:00,정상관측,data/raw/kma/stage4_20260825_212325/raw_responses/ASOS/00023387_ASOS_202608252000_attempt1.txt,https://apihub.kma.go.kr/api/typ01/url/kma_sfctm2.php,26.9,80.0,,0.5,16,0.0,,28.8
SFC,ASOS 시간관측,278,의성,경상북도,의성군,128.68864000,36.35610000,2026-08-25 20:00:00,정상관측,data/raw/kma/stage4_20260825_212325/raw_responses/ASOS/00023387_ASOS_202608252000_attempt1.txt,https://apihub.kma.go.kr/api/typ01/url/kma_sfctm2.php,27.1,85.0,,0.4,0,0.0,,29.3
SFC,ASOS 시간관측,279,구미,경상북도,구미시,128.32055000,36.13055000,2026-08-25 20:00:00,정상관측,data/raw/kma/stage4_20260825_212325/raw_responses/ASOS/00023387_ASOS_202608252000_attempt1.txt,https://apihub.kma.go.kr/api/typ01/url/kma_sfctm2.php,28.6,72.0,,1.4,27,0.0,0.00,31.9
SFC,ASOS 시간관측,281,영천,경상북도,영천시,128.95140000,35.97742000,2026-08-25 20:00:00,정상관측,data/raw/kma/stage4_20260825_212325/raw_responses/ASOS/00023387_ASOS_202608252000_attempt1.txt,https://apihub.kma.go.kr/api/typ01/url/kma_sfctm2.php,27.9,74.0,,1.6,9,0.0,,29.5
SFC,ASOS 시간관측,283,경주시,경상북도,경주시,129.20123000,35.81747000,2026-08-25 20:00:00,정상관측,data/raw/kma/stage4_20260825_212325/raw_responses/ASOS/00023387_ASOS_202608252000_attempt1.txt,https://apihub.kma.go.kr/api/typ01/url/kma_sfctm2.php,29.0,75.0,,1.3,18,0.0,0.00,30.6
SFC,ASOS 시간관측,284,거창,경상남도,거창군,127.90990000,35.66739000,2026-08-25 20:00:00,정상관측,data/raw/kma/stage4_20260825_212325/raw_responses/ASOS/00023387_ASOS_202608252000_attempt1.txt,https://apihub.kma.go.kr/api/typ01/url/kma_sfctm2.php,27.1,81.0,,2.1,29,0.0,0.00,29.6
SFC,ASOS 시간관측,285,합천,경상남도,합천군,128.16994000,35.56505000,2026-08-25 20:00:00,정상관측,data/raw/kma/stage4_20260825_212325/raw_responses/ASOS/00023387_ASOS_202608252000_attempt1.txt,https://apihub.kma.go.kr/api/typ01/url/kma_sfctm2.php,28.7,78.0,,0.5,25,0.0,,32.0
SFC,ASOS 시간관측,288,밀양,경상남도,밀양시,128.74412000,35.49147000,2026-08-25 20:00:00,정상관측,data/raw/kma/stage4_20260825_212325/raw_responses/ASOS/00023387_ASOS_202608252000_attempt1.txt,https://apihub.kma.go.kr/api/typ01/url/kma_sfctm2.php,31.3,66.0,,2.7,18,0.0,0.00,30.1
SFC,ASOS 시간관측,289,산청,경상남도,산청군,127.87910000,35.41300000,2026-08-25 20:00:00,정상관측,data/raw/kma/stage4_20260825_212325/raw_responses/ASOS/00023387_ASOS_202608252000_attempt1.txt,https://apihub.kma.go.kr/api/typ01/url/kma_sfctm2.php,28.2,79.0,,0.2,0,0.0,,29.2
SFC,ASOS 시간관측,294,거제,경상남도,거제시,128.60459000,34.88818000,2026-08-25 20:00:00,정상관측,data/raw/kma/stage4_20260825_212325/raw_responses/ASOS/00023387_ASOS_202608252000_attempt1.txt,https://apihub.kma.go.kr/api/typ01/url/kma_sfctm2.php,27.9,78.0,,0.6,29,0.0,,30.3
SFC,ASOS 시간관측,295,남해,경상남도,남해군,127.92641000,34.81662000,2026-08-25 20:00:00,정상관측,data/raw/kma/stage4_20260825_212325/raw_responses/ASOS/00023387_ASOS_202608252000_attempt1.txt,https://apihub.kma.go.kr/api/typ01/url/kma_sfctm2.php,28.0,76.0,,1.3,25,0.0,,30.8
SFC,ASOS 시간관측,296,북부산,부산광역시,강서구,128.96024000,35.21778000,2026-08-25 20:00:00,정상관측,data/raw/kma/stage4_20260825_212325/raw_responses/ASOS/00023387_ASOS_202608252000_attempt1.txt,https://apihub.kma.go.kr/api/typ01/url/kma_sfctm2.php,29.7,78.0,,0.7,34,0.0,0.00,28.9
SFC,ASOS 시간관측,90,속초,강원특별자치도,고성군,128.56473000,38.25085000,2026-08-25 20:00:00,정상관측,data/raw/kma/stage4_20260825_212325/raw_responses/ASOS/00023387_ASOS_202608252000_attempt1.txt,https://apihub.kma.go.kr/api/typ01/url/kma_sfctm2.php,27.0,80.0,,1.4,16,0.0,0.00,28.2
SFC,ASOS 시간관측,93,북춘천,강원특별자치도,춘천시,127.75443000,37.94738000,2026-08-25 20:00:00,정상관측,data/raw/kma/stage4_20260825_212325/raw_responses/ASOS/00023387_ASOS_202608252000_attempt1.txt,https://apihub.kma.go.kr/api/typ01/url/kma_sfctm2.php,27.3,83.0,,0.9,7,0.0,0.01,28.6
SFC,ASOS 시간관측,95,철원,강원특별자치도,철원군,127.30420000,38.14787000,2026-08-25 20:00:00,정상관측,data/raw/kma/stage4_20260825_212325/raw_responses/ASOS/00023387_ASOS_202608252000_attempt1.txt,https://apihub.kma.go.kr/api/typ01/url/kma_sfctm2.php,27.4,84.0,,0.6,20,0.0,0.00,27.4
SFC,ASOS 시간관측,98,동두천,경기도,동두천시,127.06070000,37.90188000,2026-08-25 20:00:00,정상관측,data/raw/kma/stage4_20260825_212325/raw_responses/ASOS/00023387_ASOS_202608252000_attempt1.txt,https://apihub.kma.go.kr/api/typ01/url/kma_sfctm2.php,27.6,75.0,,0.9,25,0.0,0.00,27.2
SFC,ASOS 시간관측,99,파주,경기도,파주시,126.76648000,37.88589000,2026-08-25 20:00:00,정상관측,data/raw/kma/stage4_20260825_212325/raw_responses/ASOS/00023387_ASOS_202608252000_attempt1.txt,https://apihub.kma.go.kr/api/typ01/url/kma_sfctm2.php,25.7,89.0,,0.3,0,0.0,0.00,28.0
