원천연도,지역,지방관서,재해자관측수
2017,강원,강 릉,7
2017,강원,강 원,8
2017,강원,영 월,7
2017,강원,원 주,8
2017,경기,경 기,22
2017,경기,고 양,7
2017,경기,부 천,4
2017,경기,성 남,47
2017,경기,안 산,2
2017,경기,의 정 부,19
2017,경기,평 택,9
2017,경남,양 산,9
2017,경남,진 주,29
2017,경남,창 원,24
2017,경남,통 영,5
2017,경북,구 미,5
2017,경북,안 동,21
2017,경북,영 주,15
2017,경북,포 항,10
2017,광주,광 주 청,28
2017,대구,대 구 청,21
2017,대구,대구서부,10
2017,대전,대 전 청,16
2017,부산,부산동부,2
2017,서울,서 울 청,4
2017,서울,서울북부,1
2017,서울,서울서부,1
2017,울산,울 산,1
2017,전남,목 포,10
2017,전남,여 수,12
2017,전북,군 산,3
2017,전북,익 산,15
2017,전북,전 주,48
2017,제주,제 주,29
2017,충남,보 령,29
2017,충남,천 안,26
2017,충북,청 주,18
2017,충북,충 주,23
2018,강원,강 릉,9
2018,강원,강 원,31
2018,강원,영 월,9
2018,강원,원 주,8
2018,강원,태 백,2
2018,경기,경 기,28
2018,경기,고 양,13
2018,경기,부 천,1
2018,경기,성 남,33
2018,경기,안 산,3
2018,경기,의 정 부,21
2018,경기,평 택,20
2018,경남,양 산,15
2018,경남,진 주,27
2018,경남,창 원,37
2018,경남,통 영,5
2018,경북,구 미,4
2018,경북,안 동,16
2018,경북,영 주,22
2018,경북,포 항,17
2018,광주,광 주 청,32
2018,대구,대 구 청,23
2018,대구,대구서부,8
2018,대전,대 전 청,15
2018,부산,부산동부,2
2018,부산,부산북부,3
2018,서울,서 울 청,2
2018,서울,서울강남,1
2018,서울,서울남부,1
2018,서울,서울동부,1
2018,서울,서울서부,1
2018,울산,울 산,6
2018,인천,인천북부,3
2018,인천,중 부 청,5
2018,전남,목 포,18
2018,전남,여 수,9
2018,전북,군 산,13
2018,전북,익 산,20
2018,전북,전 주,48
2018,제주,제 주,28
2018,충남,보 령,34
2018,충남,천 안,22
2018,충북,청 주,18
2018,충북,충 주,14
2019,강원,강 릉,9
2019,강원,강 원,25
2019,강원,영 월,5
2019,강원,원 주,3
2019,경기,경 기,11
2019,경기,고 양,3
2019,경기,부 천,4
2019,경기,성 남,34
2019,경기,안 산,1
2019,경기,안 양,5
2019,경기,의 정 부,15
2019,경기,평 택,17
2019,경남,양 산,17
2019,경남,진 주,30
2019,경남,창 원,28
2019,경남,통 영,2
2019,경북,구 미,6
2019,경북,안 동,18
2019,경북,영 주,25
2019,경북,포 항,23
2019,광주,광 주 청,26
2019,대구,대 구 청,30
2019,대구,대구서부,7
2019,대전,대 전 청,15
2019,부산,부산북부,2
2019,서울,서 울 청,3
2019,서울,서울남부,1
2019,서울,서울동부,2
2019,서울,서울북부,1
2019,서울,서울서부,1
2019,울산,울 산,5
2019,인천,인천북부,4
2019,인천,중 부 청,2
2019,전남,목 포,33
2019,전남,여 수,15
2019,전북,군 산,7
2019,전북,익 산,21
2019,전북,전 주,49
2019,제주,제 주,27
2019,충남,보 령,21
2019,충남,서 산,1
2019,충남,천 안,37
2019,충북,청 주,13
2019,충북,충 주,38
2020,강원,강 릉,15
2020,강원,강 원,14
2020,강원,영 월,4
2020,강원,원 주,5
2020,강원,태 백,3
2020,경기,경 기,16
2020,경기,고 양,7
2020,경기,부 천,2
2020,경기,성 남,41
2020,경기,안 산,7
2020,경기,안 양,2
2020,경기,의 정 부,24
2020,경기,평 택,13
2020,경남,양 산,15
2020,경남,진 주,37
2020,경남,창 원,62
2020,경남,통 영,5
2020,경북,구 미,8
2020,경북,안 동,23
2020,경북,영 주,32
2020,경북,포 항,6
2020,광주,광 주 청,28
2020,대구,대 구 청,14
2020,대구,대구서부,6
2020,대전,대 전 청,9
2020,부산,부산동부,6
2020,부산,부산북부,1
2020,서울,서 울 청,2
2020,서울,서울동부,1
2020,서울,서울서부,2
2020,울산,울 산,6
2020,인천,인천북부,3
2020,인천,중 부 청,5
2020,전남,목 포,23
2020,전남,여 수,14
2020,전북,군 산,10
2020,전북,익 산,10
2020,전북,전 주,31
2020,제주,제 주,33
2020,충남,보 령,29
2020,충남,서 산,3
2020,충남,천 안,27
2020,충북,청 주,14
2020,충북,충 주,21
2021,강원,강 릉,14
2021,강원,강 원,25
2021,강원,영 월,10
2021,강원,원 주,5
2021,경기,경 기,24
2021,경기,고 양,9
2021,경기,부 천,2
2021,경기,성 남,39
2021,경기,안 산,6
2021,경기,안 양,1
2021,경기,의 정 부,19
2021,경기,평 택,13
2021,경남,양 산,23
2021,경남,진 주,29
2021,경남,창 원,51
2021,경남,통 영,14
2021,경북,구 미,6
2021,경북,안 동,28
2021,경북,영 주,22
2021,경북,포 항,12
2021,광주,광 주 청,34
2021,대구,대 구 청,36
2021,대구,대구서부,3
2021,대전,대 전 청,13
2021,부산,부산동부,1
2021,서울,서 울 청,2
2021,서울,서울관악,1
2021,서울,서울동부,1
2021,서울,서울서부,1
2021,울산,울 산,4
2021,인천,인천북부,3
2021,인천,중 부 청,1
2021,전남,목 포,30
2021,전남,여 수,11
2021,전북,군 산,10
2021,전북,익 산,9
2021,전북,전 주,31
2021,제주,제 주,26
2021,충남,보 령,28
2021,충남,서 산,3
2021,충남,천 안,30
2021,충북,청 주,21
2021,충북,충 주,17
2022,강원,강 릉,14
2022,강원,강 원,33
2022,강원,영 월,9
2022,강원,원 주,6
2022,강원,태 백,1
2022,경기,경 기,28
2022,경기,고 양,6
2022,경기,부 천,4
2022,경기,성 남,30
2022,경기,안 산,5
2022,경기,안 양,2
2022,경기,의 정 부,28
2022,경기,평 택,15
2022,경남,양 산,16
2022,경남,진 주,39
2022,경남,창 원,36
2022,경남,통 영,3
2022,경북,구 미,12
2022,경북,안 동,24
2022,경북,영 주,30
2022,경북,포 항,13
2022,광주,광 주 청,13
2022,대구,대 구 청,33
2022,대구,대구서부,9
2022,대전,대 전 청,18
2022,부산,부 산 청,1
2022,부산,부산동부,4
2022,부산,부산북부,2
2022,서울,서 울 청,4
2022,서울,서울관악,1
2022,서울,서울동부,1
2022,서울,서울북부,2
2022,울산,울 산,4
2022,인천,인천북부,5
2022,인천,중 부 청,3
2022,전남,목 포,14
2022,전남,여 수,15
2022,전북,군 산,10
2022,전북,익 산,11
2022,전북,전 주,35
2022,제주,제 주,29
2022,충남,보 령,21
2022,충남,서 산,8
2022,충남,천 안,30
2022,충북,청 주,28
2022,충북,충 주,27
2023,강원,강 릉,10
2023,강원,강 원,29
2023,강원,영 월,8
2023,강원,원 주,12
2023,강원,태 백,3
2023,경기,경 기,28
2023,경기,고 양,4
2023,경기,부 천,5
2023,경기,성 남,40
2023,경기,안 산,1
2023,경기,안 양,2
2023,경기,의 정 부,19
2023,경기,평 택,17
2023,경남,양 산,13
2023,경남,진 주,28
2023,경남,창 원,37
2023,경남,통 영,4
2023,경북,구 미,10
2023,경북,안 동,28
2023,경북,영 주,36
2023,경북,포 항,12
2023,광주,광 주 청,36
2023,대구,대 구 청,31
2023,대구,대구서부,25
2023,대전,대 전 청,13
2023,부산,부산동부,5
2023,서울,서 울 청,2
2023,서울,서울관악,3
2023,서울,서울남부,1
2023,서울,서울동부,1
2023,서울,서울서부,2
2023,울산,울 산,6
2023,인천,인천북부,1
2023,인천,중 부 청,5
2023,전남,목 포,24
2023,전남,여 수,13
2023,전북,군 산,6
2023,전북,익 산,15
2023,전북,전 주,30
2023,제주,제 주,37
2023,충남,보 령,24
2023,충남,서 산,8
2023,충남,천 안,34
2023,충북,청 주,18
2023,충북,충 주,20
