원천연도,발생형태,재해정도,재해자관측수
2017,감전,6개월 이상,1
2017,감전,91~180일,1
2017,깔림.뒤집힘,29~90일,4
2017,깔림.뒤집힘,6개월 이상,2
2017,깔림.뒤집힘,91~180일,4
2017,끼임,15~28일,1
2017,끼임,29~90일,29
2017,끼임,6개월 이상,8
2017,끼임,91~180일,37
2017,넘어짐,15~28일,5
2017,넘어짐,29~90일,26
2017,넘어짐,4~7일,1
2017,넘어짐,6개월 이상,23
2017,넘어짐,8~14일,3
2017,넘어짐,91~180일,48
2017,동물상해,15~28일,2
2017,동물상해,29~90일,12
2017,동물상해,4~7일,1
2017,동물상해,6개월 이상,4
2017,동물상해,8~14일,1
2017,동물상해,91~180일,17
2017,떨어짐,15~28일,2
2017,떨어짐,29~90일,41
2017,떨어짐,4~7일,1
2017,떨어짐,6개월 이상,52
2017,떨어짐,91~180일,65
2017,떨어짐,사망자,2
2017,무너짐,29~90일,1
2017,무너짐,91~180일,2
2017,물체에맞음,15~28일,1
2017,물체에맞음,29~90일,11
2017,물체에맞음,8~14일,1
2017,물체에맞음,91~180일,8
2017,부딪힘,15~28일,2
2017,부딪힘,29~90일,15
2017,부딪힘,6개월 이상,7
2017,부딪힘,8~14일,1
2017,부딪힘,91~180일,7
2017,불균형및무리한동작,29~90일,3
2017,불균형및무리한동작,6개월 이상,3
2017,불균형및무리한동작,8~14일,1
2017,불균형및무리한동작,91~180일,2
2017,사업장외교통사고,15~28일,1
2017,사업장외교통사고,29~90일,4
2017,사업장외교통사고,6개월 이상,8
2017,사업장외교통사고,91~180일,3
2017,사업장외교통사고,요양재해자,2
2017,산소결핍,15~28일,1
2017,산소결핍,사망자,3
2017,업무상질병,15~28일,4
2017,업무상질병,29~90일,11
2017,업무상질병,6개월 이상,6
2017,업무상질병,91~180일,4
2017,업무상질병,사망자,1
2017,이상온도물체접촉,15~28일,2
2017,이상온도물체접촉,29~90일,3
2017,절단베임찔림,15~28일,3
2017,절단베임찔림,29~90일,13
2017,절단베임찔림,6개월 이상,2
2017,절단베임찔림,8~14일,1
2017,절단베임찔림,91~180일,13
2017,체육행사,6개월 이상,1
2017,체육행사,91~180일,3
2017,폭발파열,15~28일,2
2017,폭발파열,29~90일,3
2017,폭발파열,4~7일,1
2017,화재,29~90일,1
2017,화학물질누출접촉,6개월 이상,1
2018,깔림.뒤집힘,29~90일,5
2018,깔림.뒤집힘,6개월 이상,7
2018,깔림.뒤집힘,91~180일,6
2018,깔림.뒤집힘,사망자,1
2018,끼임,15~28일,5
2018,끼임,29~90일,23
2018,끼임,6개월 이상,15
2018,끼임,8~14일,1
2018,끼임,91~180일,34
2018,넘어짐,15~28일,8
2018,넘어짐,29~90일,31
2018,넘어짐,4~7일,1
2018,넘어짐,6개월 이상,18
2018,넘어짐,8~14일,3
2018,넘어짐,91~180일,36
2018,넘어짐,요양재해자,1
2018,동물상해,15~28일,5
2018,동물상해,29~90일,18
2018,동물상해,4~7일,1
2018,동물상해,6개월 이상,3
2018,동물상해,8~14일,2
2018,동물상해,91~180일,11
2018,떨어짐,15~28일,4
2018,떨어짐,29~90일,28
2018,떨어짐,4~7일,2
2018,떨어짐,6개월 이상,58
2018,떨어짐,8~14일,3
2018,떨어짐,91~180일,78
2018,떨어짐,사망자,5
2018,떨어짐,요양재해자,2
2018,무너짐,29~90일,1
2018,무너짐,6개월 이상,1
2018,무너짐,91~180일,1
2018,물체에맞음,15~28일,4
2018,물체에맞음,29~90일,11
2018,물체에맞음,6개월 이상,4
2018,물체에맞음,8~14일,1
2018,물체에맞음,91~180일,6
2018,물체에맞음,사망자,1
2018,부딪힘,15~28일,2
2018,부딪힘,29~90일,15
2018,부딪힘,6개월 이상,11
2018,부딪힘,8~14일,1
2018,부딪힘,91~180일,16
2018,부딪힘,사망자,1
2018,불균형및무리한동작,15~28일,2
2018,불균형및무리한동작,29~90일,10
2018,불균형및무리한동작,6개월 이상,1
2018,불균형및무리한동작,8~14일,1
2018,불균형및무리한동작,91~180일,3
2018,빠짐익사,사망자,1
2018,사업장외교통사고,15~28일,1
2018,사업장외교통사고,29~90일,2
2018,사업장외교통사고,6개월 이상,6
2018,사업장외교통사고,91~180일,5
2018,산소결핍,15~28일,1
2018,산소결핍,사망자,1
2018,업무상질병,15~28일,6
2018,업무상질병,29~90일,10
2018,업무상질병,6개월 이상,18
2018,업무상질병,8~14일,1
2018,업무상질병,91~180일,6
2018,업무상질병,사망자,4
2018,이상온도물체접촉,29~90일,2
2018,이상온도물체접촉,6개월 이상,1
2018,절단베임찔림,15~28일,7
2018,절단베임찔림,29~90일,25
2018,절단베임찔림,6개월 이상,9
2018,절단베임찔림,8~14일,4
2018,절단베임찔림,91~180일,17
2018,체육행사,29~90일,1
2018,체육행사,6개월 이상,1
2018,체육행사,91~180일,1
2018,폭력행위,6개월 이상,2
2018,폭발파열,91~180일,2
2018,화재,15~28일,2
2018,화재,91~180일,2
2018,화학물질누출접촉,4~7일,1
2018,화학물질누출접촉,6개월 이상,1
2019,깔림.뒤집힘,15~28일,2
2019,깔림.뒤집힘,29~90일,3
2019,깔림.뒤집힘,6개월 이상,5
2019,깔림.뒤집힘,8~14일,1
2019,깔림.뒤집힘,사망자,1
2019,끼임,15~28일,6
2019,끼임,29~90일,38
2019,끼임,6개월 이상,10
2019,끼임,91~180일,30
2019,넘어짐,15~28일,4
2019,넘어짐,29~90일,26
2019,넘어짐,6개월 이상,30
2019,넘어짐,8~14일,1
2019,넘어짐,91~180일,50
2019,동물상해,15~28일,6
2019,동물상해,29~90일,23
2019,동물상해,4~7일,2
2019,동물상해,6개월 이상,1
2019,동물상해,8~14일,2
2019,동물상해,91~180일,6
2019,떨어짐,15~28일,6
2019,떨어짐,29~90일,38
2019,떨어짐,6개월 이상,64
2019,떨어짐,8~14일,2
2019,떨어짐,91~180일,60
2019,떨어짐,사망자,2
2019,무너짐,29~90일,1
2019,무너짐,6개월 이상,2
2019,무너짐,91~180일,1
2019,무너짐,사망자,1
2019,물체에맞음,15~28일,4
2019,물체에맞음,29~90일,9
2019,물체에맞음,6개월 이상,7
2019,물체에맞음,8~14일,1
2019,물체에맞음,91~180일,12
2019,부딪힘,15~28일,2
2019,부딪힘,29~90일,18
2019,부딪힘,6개월 이상,5
2019,부딪힘,8~14일,2
2019,부딪힘,91~180일,14
2019,부딪힘,사망자,1
2019,분류불능,사망자,1
2019,불균형및무리한동작,15~28일,3
2019,불균형및무리한동작,29~90일,3
2019,불균형및무리한동작,6개월 이상,2
2019,불균형및무리한동작,8~14일,2
2019,불균형및무리한동작,91~180일,3
2019,사업장외교통사고,15~28일,2
2019,사업장외교통사고,29~90일,9
2019,사업장외교통사고,6개월 이상,1
2019,사업장외교통사고,91~180일,4
2019,사업장외교통사고,요양재해자,2
2019,업무상질병,15~28일,4
2019,업무상질병,29~90일,10
2019,업무상질병,6개월 이상,14
2019,업무상질병,8~14일,2
2019,업무상질병,91~180일,10
2019,업무상질병,사망자,3
2019,이상온도물체접촉,15~28일,1
2019,이상온도물체접촉,29~90일,2
2019,이상온도물체접촉,6개월 이상,1
2019,이상온도물체접촉,91~180일,1
2019,절단베임찔림,15~28일,9
2019,절단베임찔림,29~90일,18
2019,절단베임찔림,6개월 이상,2
2019,절단베임찔림,8~14일,2
2019,절단베임찔림,91~180일,21
2019,체육행사,15~28일,1
2019,체육행사,29~90일,1
2019,체육행사,6개월 이상,1
2019,체육행사,91~180일,2
2019,폭발파열,29~90일,4
2019,폭발파열,6개월 이상,1
2019,폭발파열,91~180일,1
2020,감전,6개월 이상,1
2020,깔림.뒤집힘,15~28일,1
2020,깔림.뒤집힘,29~90일,2
2020,깔림.뒤집힘,6개월 이상,5
2020,깔림.뒤집힘,91~180일,7
2020,깔림.뒤집힘,사망자,3
2020,끼임,15~28일,2
2020,끼임,29~90일,30
2020,끼임,6개월 이상,17
2020,끼임,91~180일,38
2020,끼임,사망자,1
2020,넘어짐,15~28일,5
2020,넘어짐,29~90일,34
2020,넘어짐,6개월 이상,30
2020,넘어짐,8~14일,1
2020,넘어짐,91~180일,44
2020,동물상해,15~28일,4
2020,동물상해,29~90일,12
2020,동물상해,4~7일,1
2020,동물상해,6개월 이상,5
2020,동물상해,8~14일,4
2020,동물상해,91~180일,11
2020,동물상해,사망자,1
2020,떨어짐,15~28일,3
2020,떨어짐,29~90일,34
2020,떨어짐,6개월 이상,69
2020,떨어짐,8~14일,1
2020,떨어짐,91~180일,63
2020,떨어짐,사망자,2
2020,떨어짐,요양재해자,2
2020,물체에맞음,15~28일,1
2020,물체에맞음,29~90일,12
2020,물체에맞음,6개월 이상,5
2020,물체에맞음,8~14일,2
2020,물체에맞음,91~180일,13
2020,부딪힘,15~28일,2
2020,부딪힘,29~90일,11
2020,부딪힘,4~7일,1
2020,부딪힘,6개월 이상,9
2020,부딪힘,8~14일,2
2020,부딪힘,91~180일,16
2020,불균형및무리한동작,29~90일,5
2020,불균형및무리한동작,6개월 이상,2
2020,불균형및무리한동작,91~180일,3
2020,사업장외교통사고,15~28일,1
2020,사업장외교통사고,29~90일,5
2020,사업장외교통사고,6개월 이상,5
2020,사업장외교통사고,8~14일,1
2020,사업장외교통사고,91~180일,6
2020,사업장외교통사고,요양재해자,2
2020,업무상질병,15~28일,4
2020,업무상질병,29~90일,12
2020,업무상질병,6개월 이상,18
2020,업무상질병,91~180일,9
2020,업무상질병,사망자,3
2020,이상온도물체접촉,15~28일,1
2020,이상온도물체접촉,29~90일,1
2020,절단베임찔림,15~28일,9
2020,절단베임찔림,29~90일,17
2020,절단베임찔림,6개월 이상,3
2020,절단베임찔림,8~14일,1
2020,절단베임찔림,91~180일,14
2020,체육행사,29~90일,2
2020,체육행사,6개월 이상,2
2020,체육행사,91~180일,3
2020,화재,91~180일,1
2020,화학물질누출접촉,6개월 이상,1
2020,화학물질누출접촉,91~180일,1
2021,감전,29~90일,1
2021,감전,6개월 이상,1
2021,감전,91~180일,1
2021,기타,4~7일,1
2021,깔림.뒤집힘,15~28일,1
2021,깔림.뒤집힘,29~90일,4
2021,깔림.뒤집힘,6개월 이상,6
2021,깔림.뒤집힘,91~180일,7
2021,깔림.뒤집힘,사망자,1
2021,끼임,15~28일,7
2021,끼임,29~90일,22
2021,끼임,6개월 이상,12
2021,끼임,8~14일,1
2021,끼임,91~180일,37
2021,끼임,사망자,3
2021,넘어짐,15~28일,9
2021,넘어짐,29~90일,35
2021,넘어짐,6개월 이상,26
2021,넘어짐,8~14일,3
2021,넘어짐,91~180일,40
2021,동물상해,15~28일,1
2021,동물상해,29~90일,17
2021,동물상해,6개월 이상,4
2021,동물상해,8~14일,1
2021,동물상해,91~180일,10
2021,떨어짐,15~28일,4
2021,떨어짐,29~90일,40
2021,떨어짐,6개월 이상,49
2021,떨어짐,8~14일,1
2021,떨어짐,91~180일,85
2021,떨어짐,사망자,3
2021,무너짐,6개월 이상,1
2021,무너짐,91~180일,2
2021,물체에맞음,15~28일,2
2021,물체에맞음,29~90일,17
2021,물체에맞음,6개월 이상,12
2021,물체에맞음,8~14일,2
2021,물체에맞음,91~180일,7
2021,물체에맞음,사망자,1
2021,부딪힘,15~28일,4
2021,부딪힘,29~90일,11
2021,부딪힘,6개월 이상,9
2021,부딪힘,91~180일,13
2021,부딪힘,사망자,1
2021,부딪힘,요양재해자,1
2021,불균형및무리한동작,15~28일,1
2021,불균형및무리한동작,29~90일,8
2021,불균형및무리한동작,6개월 이상,1
2021,불균형및무리한동작,91~180일,9
2021,사업장외교통사고,29~90일,4
2021,사업장외교통사고,6개월 이상,7
2021,사업장외교통사고,요양재해자,1
2021,업무상질병,15~28일,4
2021,업무상질병,29~90일,7
2021,업무상질병,4~7일,1
2021,업무상질병,6개월 이상,15
2021,업무상질병,8~14일,1
2021,업무상질병,91~180일,8
2021,업무상질병,사망자,2
2021,이상온도물체접촉,15~28일,1
2021,이상온도물체접촉,29~90일,2
2021,이상온도물체접촉,4~7일,1
2021,절단베임찔림,15~28일,11
2021,절단베임찔림,29~90일,27
2021,절단베임찔림,6개월 이상,8
2021,절단베임찔림,8~14일,4
2021,절단베임찔림,91~180일,20
2021,체육행사,15~28일,1
2021,체육행사,6개월 이상,1
2021,체육행사,91~180일,3
2021,화재,29~90일,3
2021,화재,91~180일,1
2022,깔림.뒤집힘,15~28일,2
2022,깔림.뒤집힘,29~90일,3
2022,깔림.뒤집힘,6개월 이상,3
2022,깔림.뒤집힘,91~180일,8
2022,끼임,15~28일,4
2022,끼임,29~90일,26
2022,끼임,6개월 이상,19
2022,끼임,91~180일,23
2022,끼임,사망자,1
2022,넘어짐,15~28일,7
2022,넘어짐,29~90일,34
2022,넘어짐,4~7일,1
2022,넘어짐,6개월 이상,23
2022,넘어짐,8~14일,3
2022,넘어짐,91~180일,60
2022,동물상해,15~28일,7
2022,동물상해,29~90일,18
2022,동물상해,6개월 이상,9
2022,동물상해,8~14일,1
2022,동물상해,91~180일,8
2022,떨어짐,15~28일,6
2022,떨어짐,29~90일,41
2022,떨어짐,6개월 이상,54
2022,떨어짐,91~180일,69
2022,떨어짐,사망자,2
2022,떨어짐,요양재해자,2
2022,무너짐,29~90일,1
2022,물체에맞음,15~28일,3
2022,물체에맞음,29~90일,12
2022,물체에맞음,6개월 이상,5
2022,물체에맞음,8~14일,1
2022,물체에맞음,91~180일,9
2022,물체에맞음,사망자,1
2022,물체에맞음,요양재해자,1
2022,부딪힘,15~28일,7
2022,부딪힘,29~90일,20
2022,부딪힘,6개월 이상,10
2022,부딪힘,8~14일,1
2022,부딪힘,91~180일,8
2022,부딪힘,사망자,1
2022,불균형및무리한동작,15~28일,5
2022,불균형및무리한동작,29~90일,5
2022,불균형및무리한동작,6개월 이상,7
2022,불균형및무리한동작,91~180일,13
2022,사업장외교통사고,29~90일,3
2022,사업장외교통사고,6개월 이상,4
2022,사업장외교통사고,91~180일,5
2022,사업장외교통사고,요양재해자,1
2022,산소결핍,요양재해자,1
2022,업무상질병,15~28일,1
2022,업무상질병,29~90일,11
2022,업무상질병,4~7일,1
2022,업무상질병,6개월 이상,19
2022,업무상질병,91~180일,10
2022,업무상질병,사망자,5
2022,이상온도물체접촉,15~28일,1
2022,이상온도물체접촉,29~90일,1
2022,이상온도물체접촉,8~14일,1
2022,절단베임찔림,15~28일,6
2022,절단베임찔림,29~90일,32
2022,절단베임찔림,6개월 이상,12
2022,절단베임찔림,8~14일,4
2022,절단베임찔림,91~180일,12
2022,체육행사,29~90일,4
2022,폭발파열,15~28일,1
2022,화재,29~90일,1
2022,화재,사망자,2
2023,감전,29~90일,1
2023,감전,91~180일,2
2023,깔림.뒤집힘,29~90일,4
2023,깔림.뒤집힘,6개월 이상,6
2023,깔림.뒤집힘,91~180일,2
2023,깔림.뒤집힘,사망자,1
2023,끼임,15~28일,6
2023,끼임,29~90일,30
2023,끼임,6개월 이상,21
2023,끼임,91~180일,49
2023,끼임,사망자,1
2023,넘어짐,15~28일,6
2023,넘어짐,29~90일,34
2023,넘어짐,4~7일,1
2023,넘어짐,6개월 이상,30
2023,넘어짐,8~14일,4
2023,넘어짐,91~180일,43
2023,넘어짐,사망자,2
2023,동물상해,15~28일,8
2023,동물상해,29~90일,17
2023,동물상해,4~7일,3
2023,동물상해,6개월 이상,6
2023,동물상해,8~14일,6
2023,동물상해,91~180일,10
2023,떨어짐,15~28일,5
2023,떨어짐,29~90일,40
2023,떨어짐,4~7일,1
2023,떨어짐,6개월 이상,47
2023,떨어짐,91~180일,56
2023,떨어짐,사망자,4
2023,무너짐,6개월 이상,2
2023,물체에맞음,15~28일,5
2023,물체에맞음,29~90일,5
2023,물체에맞음,6개월 이상,3
2023,물체에맞음,8~14일,1
2023,물체에맞음,91~180일,6
2023,물체에맞음,사망자,3
2023,부딪힘,15~28일,4
2023,부딪힘,29~90일,22
2023,부딪힘,4~7일,1
2023,부딪힘,6개월 이상,8
2023,부딪힘,8~14일,5
2023,부딪힘,91~180일,20
2023,불균형및무리한동작,15~28일,3
2023,불균형및무리한동작,29~90일,7
2023,불균형및무리한동작,6개월 이상,3
2023,불균형및무리한동작,8~14일,1
2023,불균형및무리한동작,91~180일,5
2023,사업장외교통사고,15~28일,2
2023,사업장외교통사고,29~90일,4
2023,사업장외교통사고,6개월 이상,8
2023,사업장외교통사고,8~14일,2
2023,사업장외교통사고,91~180일,3
2023,사업장외교통사고,요양재해자,1
2023,산소결핍,15~28일,1
2023,업무상질병,15~28일,4
2023,업무상질병,29~90일,14
2023,업무상질병,4~7일,2
2023,업무상질병,6개월 이상,10
2023,업무상질병,8~14일,2
2023,업무상질병,91~180일,4
2023,업무상질병,사망자,1
2023,이상온도물체접촉,15~28일,1
2023,이상온도물체접촉,29~90일,4
2023,이상온도물체접촉,8~14일,1
2023,이상온도물체접촉,91~180일,3
2023,절단베임찔림,15~28일,19
2023,절단베임찔림,29~90일,29
2023,절단베임찔림,4~7일,2
2023,절단베임찔림,6개월 이상,7
2023,절단베임찔림,8~14일,1
2023,절단베임찔림,91~180일,18
2023,체육행사,8~14일,1
2023,체육행사,91~180일,3
2023,폭력행위,8~14일,1
2023,폭발파열,29~90일,1
2023,폭발파열,91~180일,1
2023,화재,29~90일,1
2023,화재,8~14일,1
2023,화학물질누출접촉,15~28일,1
2023,화학물질누출접촉,29~90일,2
2023,화학물질누출접촉,91~180일,1
