병해충기본명,분류,대응유형,천적추천대상,관리안내
갈색무늬병,병해,예찰·재배환경·예방방제,N,병해는 천적곤충 직접 추천 대상이 아닙니다. 발생 시기와 지역 위험도를 참고해 환기·배수·위생관리와 등록 방제법을 확인하세요.
감꼭지나방,해충,천적곤충·예찰관리,Y,해충 발생 위험도와 연결 가능한 천적곤충 및 활용 근거를 함께 제공합니다.
검은무늬병,병해,예찰·재배환경·예방방제,N,병해는 천적곤충 직접 추천 대상이 아닙니다. 발생 시기와 지역 위험도를 참고해 환기·배수·위생관리와 등록 방제법을 확인하세요.
검은별무늬병,병해,예찰·재배환경·예방방제,N,병해는 천적곤충 직접 추천 대상이 아닙니다. 발생 시기와 지역 위험도를 참고해 환기·배수·위생관리와 등록 방제법을 확인하세요.
검은점무늬병,병해,예찰·재배환경·예방방제,N,병해는 천적곤충 직접 추천 대상이 아닙니다. 발생 시기와 지역 위험도를 참고해 환기·배수·위생관리와 등록 방제법을 확인하세요.
겹무늬병,병해,예찰·재배환경·예방방제,N,병해는 천적곤충 직접 추천 대상이 아닙니다. 발생 시기와 지역 위험도를 참고해 환기·배수·위생관리와 등록 방제법을 확인하세요.
겹무늬썩음병,병해,예찰·재배환경·예방방제,N,병해는 천적곤충 직접 추천 대상이 아닙니다. 발생 시기와 지역 위험도를 참고해 환기·배수·위생관리와 등록 방제법을 확인하세요.
고자리파리,해충,천적곤충·예찰관리,Y,해충 발생 위험도와 연결 가능한 천적곤충 및 활용 근거를 함께 제공합니다.
궤양병,병해,예찰·재배환경·예방방제,N,병해는 천적곤충 직접 추천 대상이 아닙니다. 발생 시기와 지역 위험도를 참고해 환기·배수·위생관리와 등록 방제법을 확인하세요.
귤굴나방,해충,천적곤충·예찰관리,Y,해충 발생 위험도와 연결 가능한 천적곤충 및 활용 근거를 함께 제공합니다.
귤응애,해충,천적곤충·예찰관리,Y,해충 발생 위험도와 연결 가능한 천적곤충 및 활용 근거를 함께 제공합니다.
깍지벌레,해충,천적곤충·예찰관리,Y,해충 발생 위험도와 연결 가능한 천적곤충 및 활용 근거를 함께 제공합니다.
깍지벌레류,해충,천적곤충·예찰관리,Y,해충 발생 위험도와 연결 가능한 천적곤충 및 활용 근거를 함께 제공합니다.
깜부기병,병해,예찰·재배환경·예방방제,N,병해는 천적곤충 직접 추천 대상이 아닙니다. 발생 시기와 지역 위험도를 참고해 환기·배수·위생관리와 등록 방제법을 확인하세요.
깨씨무늬병,병해,예찰·재배환경·예방방제,N,병해는 천적곤충 직접 추천 대상이 아닙니다. 발생 시기와 지역 위험도를 참고해 환기·배수·위생관리와 등록 방제법을 확인하세요.
꽃매미,해충,천적곤충·예찰관리,Y,해충 발생 위험도와 연결 가능한 천적곤충 및 활용 근거를 함께 제공합니다.
끝동매미충,해충,천적곤충·예찰관리,Y,해충 발생 위험도와 연결 가능한 천적곤충 및 활용 근거를 함께 제공합니다.
난지형마늘-고자리파리,해충,천적곤충·예찰관리,Y,해충 발생 위험도와 연결 가능한 천적곤충 및 활용 근거를 함께 제공합니다.
난지형마늘-녹병,병해,예찰·재배환경·예방방제,N,병해는 천적곤충 직접 추천 대상이 아닙니다. 발생 시기와 지역 위험도를 참고해 환기·배수·위생관리와 등록 방제법을 확인하세요.
난지형마늘-무름병,병해,예찰·재배환경·예방방제,N,병해는 천적곤충 직접 추천 대상이 아닙니다. 발생 시기와 지역 위험도를 참고해 환기·배수·위생관리와 등록 방제법을 확인하세요.
난지형마늘-바이러스,바이러스,매개충·감염주·예방관리,N,"바이러스병은 천적곤충을 직접 추천하지 않습니다. 매개충 관리, 감염주 제거, 건전 종묘와 위생관리를 우선 확인하세요."
난지형마늘-뿌리응애,해충,천적곤충·예찰관리,Y,해충 발생 위험도와 연결 가능한 천적곤충 및 활용 근거를 함께 제공합니다.
난지형마늘-잎마름병,병해,예찰·재배환경·예방방제,N,병해는 천적곤충 직접 추천 대상이 아닙니다. 발생 시기와 지역 위험도를 참고해 환기·배수·위생관리와 등록 방제법을 확인하세요.
난지형마늘-잎집썩음병,병해,예찰·재배환경·예방방제,N,병해는 천적곤충 직접 추천 대상이 아닙니다. 발생 시기와 지역 위험도를 참고해 환기·배수·위생관리와 등록 방제법을 확인하세요.
난지형마늘-흑색썩음균핵병,병해,예찰·재배환경·예방방제,N,병해는 천적곤충 직접 추천 대상이 아닙니다. 발생 시기와 지역 위험도를 참고해 환기·배수·위생관리와 등록 방제법을 확인하세요.
노균병,병해,예찰·재배환경·예방방제,N,병해는 천적곤충 직접 추천 대상이 아닙니다. 발생 시기와 지역 위험도를 참고해 환기·배수·위생관리와 등록 방제법을 확인하세요.
노린재류,해충,천적곤충·예찰관리,Y,해충 발생 위험도와 연결 가능한 천적곤충 및 활용 근거를 함께 제공합니다.
노지고추-담배나방,해충,천적곤충·예찰관리,Y,해충 발생 위험도와 연결 가능한 천적곤충 및 활용 근거를 함께 제공합니다.
노지고추-무름병,병해,예찰·재배환경·예방방제,N,병해는 천적곤충 직접 추천 대상이 아닙니다. 발생 시기와 지역 위험도를 참고해 환기·배수·위생관리와 등록 방제법을 확인하세요.
노지고추-세균점무늬병,병해,예찰·재배환경·예방방제,N,병해는 천적곤충 직접 추천 대상이 아닙니다. 발생 시기와 지역 위험도를 참고해 환기·배수·위생관리와 등록 방제법을 확인하세요.
노지고추-역병,병해,예찰·재배환경·예방방제,N,병해는 천적곤충 직접 추천 대상이 아닙니다. 발생 시기와 지역 위험도를 참고해 환기·배수·위생관리와 등록 방제법을 확인하세요.
노지고추-진딧물류,해충,천적곤충·예찰관리,Y,해충 발생 위험도와 연결 가능한 천적곤충 및 활용 근거를 함께 제공합니다.
노지고추-총채벌레류,해충,천적곤충·예찰관리,Y,해충 발생 위험도와 연결 가능한 천적곤충 및 활용 근거를 함께 제공합니다.
노지고추-탄저병,병해,예찰·재배환경·예방방제,N,병해는 천적곤충 직접 추천 대상이 아닙니다. 발생 시기와 지역 위험도를 참고해 환기·배수·위생관리와 등록 방제법을 확인하세요.
노지고추-풋마름병,병해,예찰·재배환경·예방방제,N,병해는 천적곤충 직접 추천 대상이 아닙니다. 발생 시기와 지역 위험도를 참고해 환기·배수·위생관리와 등록 방제법을 확인하세요.
녹병,병해,예찰·재배환경·예방방제,N,병해는 천적곤충 직접 추천 대상이 아닙니다. 발생 시기와 지역 위험도를 참고해 환기·배수·위생관리와 등록 방제법을 확인하세요.
담배거세미나방,해충,천적곤충·예찰관리,Y,해충 발생 위험도와 연결 가능한 천적곤충 및 활용 근거를 함께 제공합니다.
더뎅이병,병해,예찰·재배환경·예방방제,N,병해는 천적곤충 직접 추천 대상이 아닙니다. 발생 시기와 지역 위험도를 참고해 환기·배수·위생관리와 등록 방제법을 확인하세요.
둥근무늬낙엽병,병해,예찰·재배환경·예방방제,N,병해는 천적곤충 직접 추천 대상이 아닙니다. 발생 시기와 지역 위험도를 참고해 환기·배수·위생관리와 등록 방제법을 확인하세요.
매점병,병해,예찰·재배환경·예방방제,N,병해는 천적곤충 직접 추천 대상이 아닙니다. 발생 시기와 지역 위험도를 참고해 환기·배수·위생관리와 등록 방제법을 확인하세요.
먹노린재,해충,천적곤충·예찰관리,Y,해충 발생 위험도와 연결 가능한 천적곤충 및 활용 근거를 함께 제공합니다.
멸강나방,해충,천적곤충·예찰관리,Y,해충 발생 위험도와 연결 가능한 천적곤충 및 활용 근거를 함께 제공합니다.
멸강나방_유충,해충,천적곤충·예찰관리,Y,해충 발생 위험도와 연결 가능한 천적곤충 및 활용 근거를 함께 제공합니다.
모무늬낙엽병,병해,예찰·재배환경·예방방제,N,병해는 천적곤충 직접 추천 대상이 아닙니다. 발생 시기와 지역 위험도를 참고해 환기·배수·위생관리와 등록 방제법을 확인하세요.
바이러스,바이러스,매개충·감염주·예방관리,N,"바이러스병은 천적곤충을 직접 추천하지 않습니다. 매개충 관리, 감염주 제거, 건전 종묘와 위생관리를 우선 확인하세요."
바이러스병,바이러스,매개충·감염주·예방관리,N,"바이러스병은 천적곤충을 직접 추천하지 않습니다. 매개충 관리, 감염주 제거, 건전 종묘와 위생관리를 우선 확인하세요."
벼멸구,해충,천적곤충·예찰관리,Y,해충 발생 위험도와 연결 가능한 천적곤충 및 활용 근거를 함께 제공합니다.
벼물바구미,해충,천적곤충·예찰관리,Y,해충 발생 위험도와 연결 가능한 천적곤충 및 활용 근거를 함께 제공합니다.
벼애나방,해충,천적곤충·예찰관리,Y,해충 발생 위험도와 연결 가능한 천적곤충 및 활용 근거를 함께 제공합니다.
벼애잎굴파리,해충,천적곤충·예찰관리,Y,해충 발생 위험도와 연결 가능한 천적곤충 및 활용 근거를 함께 제공합니다.
벼잎벌레,해충,천적곤충·예찰관리,Y,해충 발생 위험도와 연결 가능한 천적곤충 및 활용 근거를 함께 제공합니다.
벼잎선충,선충,토양·종묘·윤작관리,N,"선충은 천적곤충을 직접 추천하지 않습니다. 건전 종묘, 토양관리, 윤작과 등록 방제수단을 우선 확인하세요."
벼줄기굴파리,해충,천적곤충·예찰관리,Y,해충 발생 위험도와 연결 가능한 천적곤충 및 활용 근거를 함께 제공합니다.
보리굴파리,해충,천적곤충·예찰관리,Y,해충 발생 위험도와 연결 가능한 천적곤충 및 활용 근거를 함께 제공합니다.
복숭아순나방,해충,천적곤충·예찰관리,Y,해충 발생 위험도와 연결 가능한 천적곤충 및 활용 근거를 함께 제공합니다.
복숭아순나방붙이,해충,천적곤충·예찰관리,Y,해충 발생 위험도와 연결 가능한 천적곤충 및 활용 근거를 함께 제공합니다.
복숭아심식나방,해충,천적곤충·예찰관리,Y,해충 발생 위험도와 연결 가능한 천적곤충 및 활용 근거를 함께 제공합니다.
볼록총채벌레,해충,천적곤충·예찰관리,Y,해충 발생 위험도와 연결 가능한 천적곤충 및 활용 근거를 함께 제공합니다.
부란병,병해,예찰·재배환경·예방방제,N,병해는 천적곤충 직접 추천 대상이 아닙니다. 발생 시기와 지역 위험도를 참고해 환기·배수·위생관리와 등록 방제법을 확인하세요.
붉은곰팡이병,병해,예찰·재배환경·예방방제,N,병해는 천적곤충 직접 추천 대상이 아닙니다. 발생 시기와 지역 위험도를 참고해 환기·배수·위생관리와 등록 방제법을 확인하세요.
붉은별무늬병,병해,예찰·재배환경·예방방제,N,병해는 천적곤충 직접 추천 대상이 아닙니다. 발생 시기와 지역 위험도를 참고해 환기·배수·위생관리와 등록 방제법을 확인하세요.
사과굴나방,해충,천적곤충·예찰관리,Y,해충 발생 위험도와 연결 가능한 천적곤충 및 활용 근거를 함께 제공합니다.
사과무늬잎말이나방,해충,천적곤충·예찰관리,Y,해충 발생 위험도와 연결 가능한 천적곤충 및 활용 근거를 함께 제공합니다.
사과애모무늬잎말이나방,해충,천적곤충·예찰관리,Y,해충 발생 위험도와 연결 가능한 천적곤충 및 활용 근거를 함께 제공합니다.
세균구멍병,병해,예찰·재배환경·예방방제,N,병해는 천적곤충 직접 추천 대상이 아닙니다. 발생 시기와 지역 위험도를 참고해 환기·배수·위생관리와 등록 방제법을 확인하세요.
세균벼알마름병,병해,예찰·재배환경·예방방제,N,병해는 천적곤충 직접 추천 대상이 아닙니다. 발생 시기와 지역 위험도를 참고해 환기·배수·위생관리와 등록 방제법을 확인하세요.
세균병,병해,예찰·재배환경·예방방제,N,병해는 천적곤충 직접 추천 대상이 아닙니다. 발생 시기와 지역 위험도를 참고해 환기·배수·위생관리와 등록 방제법을 확인하세요.
애멸구,해충,천적곤충·예찰관리,Y,해충 발생 위험도와 연결 가능한 천적곤충 및 활용 근거를 함께 제공합니다.
여름무-검은썩음병,병해,예찰·재배환경·예방방제,N,병해는 천적곤충 직접 추천 대상이 아닙니다. 발생 시기와 지역 위험도를 참고해 환기·배수·위생관리와 등록 방제법을 확인하세요.
여름무-노균병,병해,예찰·재배환경·예방방제,N,병해는 천적곤충 직접 추천 대상이 아닙니다. 발생 시기와 지역 위험도를 참고해 환기·배수·위생관리와 등록 방제법을 확인하세요.
여름무-무름병,병해,예찰·재배환경·예방방제,N,병해는 천적곤충 직접 추천 대상이 아닙니다. 발생 시기와 지역 위험도를 참고해 환기·배수·위생관리와 등록 방제법을 확인하세요.
여름무-바이러스병,바이러스,매개충·감염주·예방관리,N,"바이러스병은 천적곤충을 직접 추천하지 않습니다. 매개충 관리, 감염주 제거, 건전 종묘와 위생관리를 우선 확인하세요."
여름무-뿌리혹병,병해,예찰·재배환경·예방방제,N,병해는 천적곤충 직접 추천 대상이 아닙니다. 발생 시기와 지역 위험도를 참고해 환기·배수·위생관리와 등록 방제법을 확인하세요.
여름배추-검은무늬병,병해,예찰·재배환경·예방방제,N,병해는 천적곤충 직접 추천 대상이 아닙니다. 발생 시기와 지역 위험도를 참고해 환기·배수·위생관리와 등록 방제법을 확인하세요.
여름배추-노균병,병해,예찰·재배환경·예방방제,N,병해는 천적곤충 직접 추천 대상이 아닙니다. 발생 시기와 지역 위험도를 참고해 환기·배수·위생관리와 등록 방제법을 확인하세요.
여름배추-무름병,병해,예찰·재배환경·예방방제,N,병해는 천적곤충 직접 추천 대상이 아닙니다. 발생 시기와 지역 위험도를 참고해 환기·배수·위생관리와 등록 방제법을 확인하세요.
여름배추-바이러스병,바이러스,매개충·감염주·예방관리,N,"바이러스병은 천적곤충을 직접 추천하지 않습니다. 매개충 관리, 감염주 제거, 건전 종묘와 위생관리를 우선 확인하세요."
여름배추-배추좀나방,해충,천적곤충·예찰관리,Y,해충 발생 위험도와 연결 가능한 천적곤충 및 활용 근거를 함께 제공합니다.
여름배추-뿌리마름병,병해,예찰·재배환경·예방방제,N,병해는 천적곤충 직접 추천 대상이 아닙니다. 발생 시기와 지역 위험도를 참고해 환기·배수·위생관리와 등록 방제법을 확인하세요.
여름배추-진딧물류,해충,천적곤충·예찰관리,Y,해충 발생 위험도와 연결 가능한 천적곤충 및 활용 근거를 함께 제공합니다.
여름배추-흰무늬병,병해,예찰·재배환경·예방방제,N,병해는 천적곤충 직접 추천 대상이 아닙니다. 발생 시기와 지역 위험도를 참고해 환기·배수·위생관리와 등록 방제법을 확인하세요.
역병,병해,예찰·재배환경·예방방제,N,병해는 천적곤충 직접 추천 대상이 아닙니다. 발생 시기와 지역 위험도를 참고해 환기·배수·위생관리와 등록 방제법을 확인하세요.
은무늬굴나방,해충,천적곤충·예찰관리,Y,해충 발생 위험도와 연결 가능한 천적곤충 및 활용 근거를 함께 제공합니다.
응애류,해충,천적곤충·예찰관리,Y,해충 발생 위험도와 연결 가능한 천적곤충 및 활용 근거를 함께 제공합니다.
이삭누룩병,병해,예찰·재배환경·예방방제,N,병해는 천적곤충 직접 추천 대상이 아닙니다. 발생 시기와 지역 위험도를 참고해 환기·배수·위생관리와 등록 방제법을 확인하세요.
이삭도열병,병해,예찰·재배환경·예방방제,N,병해는 천적곤충 직접 추천 대상이 아닙니다. 발생 시기와 지역 위험도를 참고해 환기·배수·위생관리와 등록 방제법을 확인하세요.
이화명나방,해충,천적곤충·예찰관리,Y,해충 발생 위험도와 연결 가능한 천적곤충 및 활용 근거를 함께 제공합니다.
잎검은점병,병해,예찰·재배환경·예방방제,N,병해는 천적곤충 직접 추천 대상이 아닙니다. 발생 시기와 지역 위험도를 참고해 환기·배수·위생관리와 등록 방제법을 확인하세요.
잎도열병,병해,예찰·재배환경·예방방제,N,병해는 천적곤충 직접 추천 대상이 아닙니다. 발생 시기와 지역 위험도를 참고해 환기·배수·위생관리와 등록 방제법을 확인하세요.
잎마름병,병해,예찰·재배환경·예방방제,N,병해는 천적곤충 직접 추천 대상이 아닙니다. 발생 시기와 지역 위험도를 참고해 환기·배수·위생관리와 등록 방제법을 확인하세요.
잎오갈병,병해,예찰·재배환경·예방방제,N,병해는 천적곤충 직접 추천 대상이 아닙니다. 발생 시기와 지역 위험도를 참고해 환기·배수·위생관리와 등록 방제법을 확인하세요.
잎집눈무늬병,병해,예찰·재배환경·예방방제,N,병해는 천적곤충 직접 추천 대상이 아닙니다. 발생 시기와 지역 위험도를 참고해 환기·배수·위생관리와 등록 방제법을 확인하세요.
잎집무늬마름병,병해,예찰·재배환경·예방방제,N,병해는 천적곤충 직접 추천 대상이 아닙니다. 발생 시기와 지역 위험도를 참고해 환기·배수·위생관리와 등록 방제법을 확인하세요.
점무늬낙엽병,병해,예찰·재배환경·예방방제,N,병해는 천적곤충 직접 추천 대상이 아닙니다. 발생 시기와 지역 위험도를 참고해 환기·배수·위생관리와 등록 방제법을 확인하세요.
점무늬병,병해,예찰·재배환경·예방방제,N,병해는 천적곤충 직접 추천 대상이 아닙니다. 발생 시기와 지역 위험도를 참고해 환기·배수·위생관리와 등록 방제법을 확인하세요.
조팝나무진딧물,해충,천적곤충·예찰관리,Y,해충 발생 위험도와 연결 가능한 천적곤충 및 활용 근거를 함께 제공합니다.
주경배나무이,해충,천적곤충·예찰관리,Y,해충 발생 위험도와 연결 가능한 천적곤충 및 활용 근거를 함께 제공합니다.
줄무늬병,병해,예찰·재배환경·예방방제,N,병해는 천적곤충 직접 추천 대상이 아닙니다. 발생 시기와 지역 위험도를 참고해 환기·배수·위생관리와 등록 방제법을 확인하세요.
진딧물류,해충,천적곤충·예찰관리,Y,해충 발생 위험도와 연결 가능한 천적곤충 및 활용 근거를 함께 제공합니다.
콩꼬투리혹파리,해충,천적곤충·예찰관리,Y,해충 발생 위험도와 연결 가능한 천적곤충 및 활용 근거를 함께 제공합니다.
키다리병,병해,예찰·재배환경·예방방제,N,병해는 천적곤충 직접 추천 대상이 아닙니다. 발생 시기와 지역 위험도를 참고해 환기·배수·위생관리와 등록 방제법을 확인하세요.
탄저병,병해,예찰·재배환경·예방방제,N,병해는 천적곤충 직접 추천 대상이 아닙니다. 발생 시기와 지역 위험도를 참고해 환기·배수·위생관리와 등록 방제법을 확인하세요.
톱다리개미허리노린재,해충,천적곤충·예찰관리,Y,해충 발생 위험도와 연결 가능한 천적곤충 및 활용 근거를 함께 제공합니다.
파밤나방,해충,천적곤충·예찰관리,Y,해충 발생 위험도와 연결 가능한 천적곤충 및 활용 근거를 함께 제공합니다.
한지형마늘-고자리파리,해충,천적곤충·예찰관리,Y,해충 발생 위험도와 연결 가능한 천적곤충 및 활용 근거를 함께 제공합니다.
한지형마늘-녹병,병해,예찰·재배환경·예방방제,N,병해는 천적곤충 직접 추천 대상이 아닙니다. 발생 시기와 지역 위험도를 참고해 환기·배수·위생관리와 등록 방제법을 확인하세요.
한지형마늘-무름병,병해,예찰·재배환경·예방방제,N,병해는 천적곤충 직접 추천 대상이 아닙니다. 발생 시기와 지역 위험도를 참고해 환기·배수·위생관리와 등록 방제법을 확인하세요.
한지형마늘-바이러스,바이러스,매개충·감염주·예방관리,N,"바이러스병은 천적곤충을 직접 추천하지 않습니다. 매개충 관리, 감염주 제거, 건전 종묘와 위생관리를 우선 확인하세요."
한지형마늘-뿌리응애,해충,천적곤충·예찰관리,Y,해충 발생 위험도와 연결 가능한 천적곤충 및 활용 근거를 함께 제공합니다.
한지형마늘-잎마름병,병해,예찰·재배환경·예방방제,N,병해는 천적곤충 직접 추천 대상이 아닙니다. 발생 시기와 지역 위험도를 참고해 환기·배수·위생관리와 등록 방제법을 확인하세요.
한지형마늘-잎집썩음병,병해,예찰·재배환경·예방방제,N,병해는 천적곤충 직접 추천 대상이 아닙니다. 발생 시기와 지역 위험도를 참고해 환기·배수·위생관리와 등록 방제법을 확인하세요.
한지형마늘-흑색썩음균핵병,병해,예찰·재배환경·예방방제,N,병해는 천적곤충 직접 추천 대상이 아닙니다. 발생 시기와 지역 위험도를 참고해 환기·배수·위생관리와 등록 방제법을 확인하세요.
혹명나방,해충,천적곤충·예찰관리,Y,해충 발생 위험도와 연결 가능한 천적곤충 및 활용 근거를 함께 제공합니다.
흑색썩음균핵병,병해,예찰·재배환경·예방방제,N,병해는 천적곤충 직접 추천 대상이 아닙니다. 발생 시기와 지역 위험도를 참고해 환기·배수·위생관리와 등록 방제법을 확인하세요.
흰가루병,병해,예찰·재배환경·예방방제,N,병해는 천적곤충 직접 추천 대상이 아닙니다. 발생 시기와 지역 위험도를 참고해 환기·배수·위생관리와 등록 방제법을 확인하세요.
흰등멸구,해충,천적곤충·예찰관리,Y,해충 발생 위험도와 연결 가능한 천적곤충 및 활용 근거를 함께 제공합니다.
흰잎마름병,병해,예찰·재배환경·예방방제,N,병해는 천적곤충 직접 추천 대상이 아닙니다. 발생 시기와 지역 위험도를 참고해 환기·배수·위생관리와 등록 방제법을 확인하세요.
